[2026-08-02T09:41:42.447Z] [DEBUG] [vite] connecting... (client:undefined)
[2026-08-02T09:41:43.380Z] [DEBUG] [vite] connected. (client:undefined)
[2026-08-02T09:41:44.412Z] [INFO] %cDownload the React DevTools for a better development experience: https://react.dev/link/react-devtools font-weight:bold (react-dom_client.js?v=40766d9c:undefined)
[2026-08-02T09:41:44.970Z] [LOG] [App] Kitchen module status: [object Object] (App.tsx?t=1785663594456:undefined)
[2026-08-02T09:41:44.977Z] [LOG] [App] Kitchen module status: [object Object] (App.tsx?t=1785663594456:undefined)
[2026-08-02T09:41:45.345Z] [LOG] [App] Kitchen module status: [object Object] (App.tsx?t=1785663594456:undefined)
[2026-08-02T09:41:45.376Z] [LOG] [App] Kitchen module status: [object Object] (App.tsx?t=1785663594456:undefined)
[2026-08-02T09:41:45.403Z] [LOG] [App] Kitchen module status: [object Object] (App.tsx?t=1785663594456:undefined)
[2026-08-02T09:41:45.411Z] [LOG] [App] Kitchen module status: [object Object] (App.tsx?t=1785663594456:undefined)
[2026-08-02T09:41:45.458Z] [LOG] [App] Kitchen module status: [object Object] (App.tsx?t=1785663594456:undefined)
[2026-08-02T09:41:45.475Z] [LOG] [App] Kitchen module status: [object Object] (App.tsx?t=1785663594456:undefined)
[2026-08-02T09:41:45.645Z] [LOG] [App] Kitchen module status: [object Object] (App.tsx?t=1785663594456:undefined)
[2026-08-02T09:41:45.702Z] [LOG] [App] Kitchen module status: [object Object] (App.tsx?t=1785663594456:undefined)
[2026-08-02T09:41:46.342Z] [LOG] [App] Kitchen module status: [object Object] (App.tsx?t=1785663594456:undefined)
[2026-08-02T09:41:46.362Z] [LOG] [App] Kitchen module status: [object Object] (App.tsx?t=1785663594456:undefined)
[2026-08-02T09:41:47.661Z] [LOG] [App] Kitchen module status: [object Object] (App.tsx?t=1785663594456:undefined)
[2026-08-02T09:41:47.675Z] [LOG] [App] Kitchen module status: [object Object] (App.tsx?t=1785663594456:undefined)
[2026-08-02T09:41:48.542Z] [LOG] [App] Kitchen module status: [object Object] (App.tsx?t=1785663594456:undefined)
[2026-08-02T09:41:48.559Z] [LOG] [App] Kitchen module status: [object Object] (App.tsx?t=1785663594456:undefined)
[2026-08-02T09:41:48.830Z] [LOG] [App] Kitchen module status: [object Object] (App.tsx?t=1785663594456:undefined)
[2026-08-02T09:41:48.841Z] [LOG] [App] Kitchen module status: [object Object] (App.tsx?t=1785663594456:undefined)
[2026-08-02T09:41:48.956Z] [LOG] [App] Kitchen module status: [object Object] (App.tsx?t=1785663594456:undefined)
[2026-08-02T09:41:48.962Z] [LOG] [App] Kitchen module status: [object Object] (App.tsx?t=1785663594456:undefined)
[2026-08-02T09:42:37.776Z] [DEBUG] [vite] connecting... (client:undefined)
[2026-08-02T09:42:39.684Z] [DEBUG] [vite] connected. (client:undefined)
[2026-08-02T09:42:40.023Z] [INFO] %cDownload the React DevTools for a better development experience: https://react.dev/link/react-devtools font-weight:bold (react-dom_client.js?v=40766d9c:undefined)
[2026-08-02T09:42:40.358Z] [LOG] [App] Kitchen module status: [object Object] (App.tsx?t=1785663594456:undefined)
[2026-08-02T09:42:40.374Z] [LOG] [App] Kitchen module status: [object Object] (App.tsx?t=1785663594456:undefined)
[2026-08-02T09:42:41.697Z] [LOG] [App] Kitchen module status: [object Object] (App.tsx?t=1785663594456:undefined)
[2026-08-02T09:42:41.707Z] [LOG] [App] Kitchen module status: [object Object] (App.tsx?t=1785663594456:undefined)
[2026-08-02T09:42:41.767Z] [LOG] [App] Kitchen module status: [object Object] (App.tsx?t=1785663594456:undefined)
[2026-08-02T09:42:41.797Z] [LOG] [App] Kitchen module status: [object Object] (App.tsx?t=1785663594456:undefined)
[2026-08-02T09:42:41.844Z] [LOG] [App] Kitchen module status: [object Object] (App.tsx?t=1785663594456:undefined)
[2026-08-02T09:42:41.855Z] [LOG] [App] Kitchen module status: [object Object] (App.tsx?t=1785663594456:undefined)
[2026-08-02T09:42:41.886Z] [LOG] [App] Kitchen module status: [object Object] (App.tsx?t=1785663594456:undefined)
[2026-08-02T09:42:41.892Z] [LOG] [App] Kitchen module status: [object Object] (App.tsx?t=1785663594456:undefined)
[2026-08-02T09:42:41.903Z] [LOG] [App] Kitchen module status: [object Object] (App.tsx?t=1785663594456:undefined)
[2026-08-02T09:42:41.913Z] [LOG] [App] Kitchen module status: [object Object] (App.tsx?t=1785663594456:undefined)
[2026-08-02T09:42:42.063Z] [LOG] [App] Kitchen module status: [object Object] (App.tsx?t=1785663594456:undefined)
[2026-08-02T09:42:42.087Z] [LOG] [App] Kitchen module status: [object Object] (App.tsx?t=1785663594456:undefined)
[2026-08-02T09:42:42.658Z] [LOG] [App] Kitchen module status: [object Object] (App.tsx?t=1785663594456:undefined)
[2026-08-02T09:42:43.169Z] [LOG] [App] Kitchen module status: [object Object] (App.tsx?t=1785663594456:undefined)
[2026-08-02T09:42:44.542Z] [LOG] [App] Kitchen module status: [object Object] (App.tsx?t=1785663594456:undefined)
[2026-08-02T09:42:44.557Z] [LOG] [App] Kitchen module status: [object Object] (App.tsx?t=1785663594456:undefined)
[2026-08-02T09:42:44.903Z] [LOG] [App] Kitchen module status: [object Object] (App.tsx?t=1785663594456:undefined)
[2026-08-02T09:42:44.909Z] [LOG] [App] Kitchen module status: [object Object] (App.tsx?t=1785663594456:undefined)
[2026-08-02T09:42:45.011Z] [LOG] [App] Kitchen module status: [object Object] (App.tsx?t=1785663594456:undefined)
[2026-08-02T09:42:45.020Z] [LOG] [App] Kitchen module status: [object Object] (App.tsx?t=1785663594456:undefined)
[2026-08-02T09:42:45.236Z] [LOG] [App] Kitchen module status: [object Object] (App.tsx?t=1785663594456:undefined)
[2026-08-02T09:42:45.242Z] [LOG] [App] Kitchen module status: [object Object] (App.tsx?t=1785663594456:undefined)
[2026-08-02T09:43:05.475Z] [DEBUG] [vite] hot updated: /src/App.tsx (client:undefined)
[2026-08-02T09:43:05.476Z] [DEBUG] [vite] hot updated: /src/index.css (client:undefined)
[2026-08-02T09:43:06.505Z] [LOG] [App] All modules: [object Object] (App.tsx?t=1785663784840:undefined)
[2026-08-02T09:43:06.518Z] [LOG] [App] Kitchen module found: [object Object] (App.tsx?t=1785663784840:undefined)
[2026-08-02T09:43:06.518Z] [LOG] [App] Kitchen enabled: true (App.tsx?t=1785663784840:undefined)
[2026-08-02T09:43:06.522Z] [LOG] [App] All modules: [object Object] (App.tsx?t=1785663784840:undefined)
[2026-08-02T09:43:06.525Z] [LOG] [App] Kitchen module found: [object Object] (App.tsx?t=1785663784840:undefined)
[2026-08-02T09:43:06.534Z] [LOG] [App] Kitchen enabled: true (App.tsx?t=1785663784840:undefined)
[2026-08-02T09:43:18.970Z] [DEBUG] [vite] connecting... (client:undefined)
[2026-08-02T09:43:19.689Z] [DEBUG] [vite] connected. (client:undefined)
[2026-08-02T09:43:20.919Z] [INFO] %cDownload the React DevTools for a better development experience: https://react.dev/link/react-devtools font-weight:bold (react-dom_client.js?v=40766d9c:undefined)
[2026-08-02T09:43:21.536Z] [LOG] [App] All modules: [object Object] (App.tsx?t=1785663784840:undefined)
[2026-08-02T09:43:21.553Z] [LOG] [App] Kitchen module found: [object Object] (App.tsx?t=1785663784840:undefined)
[2026-08-02T09:43:21.568Z] [LOG] [App] Kitchen enabled: true (App.tsx?t=1785663784840:undefined)
[2026-08-02T09:43:21.579Z] [LOG] [App] All modules: [object Object] (App.tsx?t=1785663784840:undefined)
[2026-08-02T09:43:21.586Z] [LOG] [App] Kitchen module found: [object Object] (App.tsx?t=1785663784840:undefined)
[2026-08-02T09:43:21.609Z] [LOG] [App] Kitchen enabled: true (App.tsx?t=1785663784840:undefined)
[2026-08-02T09:43:22.681Z] [LOG] [App] All modules: [object Object] (App.tsx?t=1785663784840:undefined)
[2026-08-02T09:43:22.689Z] [LOG] [App] Kitchen module found: [object Object] (App.tsx?t=1785663784840:undefined)
[2026-08-02T09:43:22.693Z] [LOG] [App] Kitchen enabled: true (App.tsx?t=1785663784840:undefined)
[2026-08-02T09:43:22.698Z] [LOG] [App] All modules: [object Object] (App.tsx?t=1785663784840:undefined)
[2026-08-02T09:43:22.704Z] [LOG] [App] Kitchen module found: [object Object] (App.tsx?t=1785663784840:undefined)
[2026-08-02T09:43:22.710Z] [LOG] [App] Kitchen enabled: true (App.tsx?t=1785663784840:undefined)
[2026-08-02T09:43:22.759Z] [LOG] [App] All modules: [object Object] (App.tsx?t=1785663784840:undefined)
[2026-08-02T09:43:22.778Z] [LOG] [App] Kitchen module found: [object Object] (App.tsx?t=1785663784840:undefined)
[2026-08-02T09:43:22.788Z] [LOG] [App] Kitchen enabled: true (App.tsx?t=1785663784840:undefined)
[2026-08-02T09:43:22.794Z] [LOG] [App] All modules: [object Object] (App.tsx?t=1785663784840:undefined)
[2026-08-02T09:43:22.803Z] [LOG] [App] Kitchen module found: [object Object] (App.tsx?t=1785663784840:undefined)
[2026-08-02T09:43:22.811Z] [LOG] [App] Kitchen enabled: true (App.tsx?t=1785663784840:undefined)
[2026-08-02T09:43:22.823Z] [LOG] [App] All modules: [object Object] (App.tsx?t=1785663784840:undefined)
[2026-08-02T09:43:22.828Z] [LOG] [App] Kitchen module found: [object Object] (App.tsx?t=1785663784840:undefined)
[2026-08-02T09:43:22.832Z] [LOG] [App] Kitchen enabled: true (App.tsx?t=1785663784840:undefined)
[2026-08-02T09:43:22.836Z] [LOG] [App] All modules: [object Object] (App.tsx?t=1785663784840:undefined)
[2026-08-02T09:43:22.842Z] [LOG] [App] Kitchen module found: [object Object] (App.tsx?t=1785663784840:undefined)
[2026-08-02T09:43:22.856Z] [LOG] [App] Kitchen enabled: true (App.tsx?t=1785663784840:undefined)
[2026-08-02T09:43:22.939Z] [LOG] [App] All modules: [object Object] (App.tsx?t=1785663784840:undefined)
[2026-08-02T09:43:22.963Z] [LOG] [App] Kitchen module found: [object Object] (App.tsx?t=1785663784840:undefined)
[2026-08-02T09:43:22.975Z] [LOG] [App] Kitchen enabled: true (App.tsx?t=1785663784840:undefined)
[2026-08-02T09:43:22.988Z] [LOG] [App] All modules: [object Object] (App.tsx?t=1785663784840:undefined)
[2026-08-02T09:43:23.009Z] [LOG] [App] Kitchen module found: [object Object] (App.tsx?t=1785663784840:undefined)
[2026-08-02T09:43:23.022Z] [LOG] [App] Kitchen enabled: true (App.tsx?t=1785663784840:undefined)
[2026-08-02T09:43:23.327Z] [LOG] [App] All modules: [object Object] (App.tsx?t=1785663784840:undefined)
[2026-08-02T09:43:23.336Z] [LOG] [App] Kitchen module found: [object Object] (App.tsx?t=1785663784840:undefined)
[2026-08-02T09:43:23.337Z] [LOG] [App] Kitchen enabled: true (App.tsx?t=1785663784840:undefined)
[2026-08-02T09:43:23.346Z] [LOG] [App] All modules: [object Object] (App.tsx?t=1785663784840:undefined)
[2026-08-02T09:43:23.347Z] [LOG] [App] Kitchen module found: [object Object] (App.tsx?t=1785663784840:undefined)
[2026-08-02T09:43:23.354Z] [LOG] [App] Kitchen enabled: true (App.tsx?t=1785663784840:undefined)
[2026-08-02T09:43:24.508Z] [LOG] [App] All modules: [object Object] (App.tsx?t=1785663784840:undefined)
[2026-08-02T09:43:24.537Z] [LOG] [App] Kitchen module found: [object Object] (App.tsx?t=1785663784840:undefined)
[2026-08-02T09:43:24.545Z] [LOG] [App] Kitchen enabled: true (App.tsx?t=1785663784840:undefined)
[2026-08-02T09:43:24.555Z] [LOG] [App] All modules: [object Object] (App.tsx?t=1785663784840:undefined)
[2026-08-02T09:43:24.590Z] [LOG] [App] Kitchen module found: [object Object] (App.tsx?t=1785663784840:undefined)
[2026-08-02T09:43:24.597Z] [LOG] [App] Kitchen enabled: true (App.tsx?t=1785663784840:undefined)
[2026-08-02T09:43:25.578Z] [LOG] [App] All modules: [object Object] (App.tsx?t=1785663784840:undefined)
[2026-08-02T09:43:25.580Z] [LOG] [App] Kitchen module found: [object Object] (App.tsx?t=1785663784840:undefined)
[2026-08-02T09:43:25.588Z] [LOG] [App] Kitchen enabled: true (App.tsx?t=1785663784840:undefined)
[2026-08-02T09:43:25.603Z] [LOG] [App] All modules: [object Object] (App.tsx?t=1785663784840:undefined)
[2026-08-02T09:43:25.610Z] [LOG] [App] Kitchen module found: [object Object] (App.tsx?t=1785663784840:undefined)
[2026-08-02T09:43:25.611Z] [LOG] [App] Kitchen enabled: true (App.tsx?t=1785663784840:undefined)
[2026-08-02T09:43:25.938Z] [LOG] [App] All modules: [object Object] (App.tsx?t=1785663784840:undefined)
[2026-08-02T09:43:25.939Z] [LOG] [App] Kitchen module found: [object Object] (App.tsx?t=1785663784840:undefined)
[2026-08-02T09:43:25.943Z] [LOG] [App] Kitchen enabled: true (App.tsx?t=1785663784840:undefined)
[2026-08-02T09:43:25.945Z] [LOG] [App] All modules: [object Object] (App.tsx?t=1785663784840:undefined)
[2026-08-02T09:43:25.955Z] [LOG] [App] Kitchen module found: [object Object] (App.tsx?t=1785663784840:undefined)
[2026-08-02T09:43:25.959Z] [LOG] [App] Kitchen enabled: true (App.tsx?t=1785663784840:undefined)
[2026-08-02T09:43:26.659Z] [LOG] [App] All modules: [object Object] (App.tsx?t=1785663784840:undefined)
[2026-08-02T09:43:26.660Z] [LOG] [App] Kitchen module found: [object Object] (App.tsx?t=1785663784840:undefined)
[2026-08-02T09:43:26.663Z] [LOG] [App] Kitchen enabled: true (App.tsx?t=1785663784840:undefined)
[2026-08-02T09:43:26.665Z] [LOG] [App] All modules: [object Object] (App.tsx?t=1785663784840:undefined)
[2026-08-02T09:43:26.679Z] [LOG] [App] Kitchen module found: [object Object] (App.tsx?t=1785663784840:undefined)
[2026-08-02T09:43:26.681Z] [LOG] [App] Kitchen enabled: true (App.tsx?t=1785663784840:undefined)
[2026-08-02T09:43:39.191Z] [DEBUG] [vite] connecting... (client:undefined)
[2026-08-02T09:43:39.997Z] [DEBUG] [vite] connected. (client:undefined)
[2026-08-02T09:43:40.662Z] [INFO] %cDownload the React DevTools for a better development experience: https://react.dev/link/react-devtools font-weight:bold (react-dom_client.js?v=40766d9c:undefined)
[2026-08-02T09:43:41.262Z] [LOG] [App] All modules: [object Object] (App.tsx?t=1785663784840:undefined)
[2026-08-02T09:43:41.263Z] [LOG] [App] Kitchen module found: [object Object] (App.tsx?t=1785663784840:undefined)
[2026-08-02T09:43:41.267Z] [LOG] [App] Kitchen enabled: true (App.tsx?t=1785663784840:undefined)
[2026-08-02T09:43:41.295Z] [LOG] [App] All modules: [object Object] (App.tsx?t=1785663784840:undefined)
[2026-08-02T09:43:41.301Z] [LOG] [App] Kitchen module found: [object Object] (App.tsx?t=1785663784840:undefined)
[2026-08-02T09:43:41.302Z] [LOG] [App] Kitchen enabled: true (App.tsx?t=1785663784840:undefined)
[2026-08-02T09:43:44.915Z] [LOG] [App] All modules: [object Object] (App.tsx?t=1785663784840:undefined)
[2026-08-02T09:43:44.927Z] [LOG] [App] Kitchen module found: [object Object] (App.tsx?t=1785663784840:undefined)
[2026-08-02T09:43:44.937Z] [LOG] [App] Kitchen enabled: true (App.tsx?t=1785663784840:undefined)
[2026-08-02T09:43:44.943Z] [LOG] [App] All modules: [object Object] (App.tsx?t=1785663784840:undefined)
[2026-08-02T09:43:44.962Z] [LOG] [App] Kitchen module found: [object Object] (App.tsx?t=1785663784840:undefined)
[2026-08-02T09:43:44.977Z] [LOG] [App] Kitchen enabled: true (App.tsx?t=1785663784840:undefined)
[2026-08-02T09:43:46.230Z] [LOG] [App] All modules: [object Object] (App.tsx?t=1785663784840:undefined)
[2026-08-02T09:43:46.239Z] [LOG] [App] Kitchen module found: [object Object] (App.tsx?t=1785663784840:undefined)
[2026-08-02T09:43:46.249Z] [LOG] [App] Kitchen enabled: true (App.tsx?t=1785663784840:undefined)
[2026-08-02T09:43:46.259Z] [LOG] [App] All modules: [object Object] (App.tsx?t=1785663784840:undefined)
[2026-08-02T09:43:46.265Z] [LOG] [App] Kitchen module found: [object Object] (App.tsx?t=1785663784840:undefined)
[2026-08-02T09:43:46.266Z] [LOG] [App] Kitchen enabled: true (App.tsx?t=1785663784840:undefined)
[2026-08-02T09:43:46.558Z] [LOG] [App] All modules: [object Object] (App.tsx?t=1785663784840:undefined)
[2026-08-02T09:43:46.563Z] [LOG] [App] Kitchen module found: [object Object] (App.tsx?t=1785663784840:undefined)
[2026-08-02T09:43:46.564Z] [LOG] [App] Kitchen enabled: true (App.tsx?t=1785663784840:undefined)
[2026-08-02T09:43:46.578Z] [LOG] [App] All modules: [object Object] (App.tsx?t=1785663784840:undefined)
[2026-08-02T09:43:46.579Z] [LOG] [App] Kitchen module found: [object Object] (App.tsx?t=1785663784840:undefined)
[2026-08-02T09:43:46.582Z] [LOG] [App] Kitchen enabled: true (App.tsx?t=1785663784840:undefined)
[2026-08-02T09:43:46.835Z] [LOG] [App] All modules: [object Object] (App.tsx?t=1785663784840:undefined)
[2026-08-02T09:43:46.836Z] [LOG] [App] Kitchen module found: [object Object] (App.tsx?t=1785663784840:undefined)
[2026-08-02T09:43:46.840Z] [LOG] [App] Kitchen enabled: true (App.tsx?t=1785663784840:undefined)
[2026-08-02T09:43:46.855Z] [LOG] [App] All modules: [object Object] (App.tsx?t=1785663784840:undefined)
[2026-08-02T09:43:46.860Z] [LOG] [App] Kitchen module found: [object Object] (App.tsx?t=1785663784840:undefined)
[2026-08-02T09:43:46.861Z] [LOG] [App] Kitchen enabled: true (App.tsx?t=1785663784840:undefined)
[2026-08-02T09:43:47.004Z] [LOG] [App] All modules: [object Object] (App.tsx?t=1785663784840:undefined)
[2026-08-02T09:43:47.010Z] [LOG] [App] Kitchen module found: [object Object] (App.tsx?t=1785663784840:undefined)
[2026-08-02T09:43:47.011Z] [LOG] [App] Kitchen enabled: true (App.tsx?t=1785663784840:undefined)
[2026-08-02T09:43:47.028Z] [LOG] [App] All modules: [object Object] (App.tsx?t=1785663784840:undefined)
[2026-08-02T09:43:47.029Z] [LOG] [App] Kitchen module found: [object Object] (App.tsx?t=1785663784840:undefined)
[2026-08-02T09:43:47.033Z] [LOG] [App] Kitchen enabled: true (App.tsx?t=1785663784840:undefined)
[2026-08-02T09:45:34.798Z] [DEBUG] [vite] connecting... (client:undefined)
[2026-08-02T09:45:35.024Z] [DEBUG] [vite] connected. (client:undefined)
[2026-08-02T09:45:35.324Z] [INFO] %cDownload the React DevTools for a better development experience: https://react.dev/link/react-devtools font-weight:bold (react-dom_client.js?v=40766d9c:undefined)
[2026-08-02T09:45:36.077Z] [LOG] [App] All modules: [object Object] (App.tsx?t=1785663784840:undefined)
[2026-08-02T09:45:36.094Z] [LOG] [App] Kitchen module found: [object Object] (App.tsx?t=1785663784840:undefined)
[2026-08-02T09:45:36.111Z] [LOG] [App] Kitchen enabled: false (App.tsx?t=1785663784840:undefined)
[2026-08-02T09:45:36.121Z] [LOG] [App] All modules: [object Object] (App.tsx?t=1785663784840:undefined)
[2026-08-02T09:45:36.126Z] [LOG] [App] Kitchen module found: [object Object] (App.tsx?t=1785663784840:undefined)
[2026-08-02T09:45:36.126Z] [LOG] [App] Kitchen enabled: false (App.tsx?t=1785663784840:undefined)
[2026-08-02T09:45:37.810Z] [LOG] [App] All modules:  (App.tsx?t=1785663784840:undefined)
[2026-08-02T09:45:38.456Z] [LOG] [App] Kitchen module found: undefined (App.tsx?t=1785663784840:undefined)
[2026-08-02T09:45:38.457Z] [LOG] [App] Kitchen enabled: true (App.tsx?t=1785663784840:undefined)
[2026-08-02T09:45:38.472Z] [LOG] [App] All modules:  (App.tsx?t=1785663784840:undefined)
[2026-08-02T09:45:38.489Z] [LOG] [App] Kitchen module found: undefined (App.tsx?t=1785663784840:undefined)
[2026-08-02T09:45:38.503Z] [LOG] [App] Kitchen enabled: true (App.tsx?t=1785663784840:undefined)
[2026-08-02T09:45:39.908Z] [LOG] [App] All modules:  (App.tsx?t=1785663784840:undefined)
[2026-08-02T09:45:39.913Z] [LOG] [App] Kitchen module found: undefined (App.tsx?t=1785663784840:undefined)
[2026-08-02T09:45:39.934Z] [LOG] [App] Kitchen enabled: true (App.tsx?t=1785663784840:undefined)
[2026-08-02T09:45:39.942Z] [LOG] [App] All modules:  (App.tsx?t=1785663784840:undefined)
[2026-08-02T09:45:39.949Z] [LOG] [App] Kitchen module found: undefined (App.tsx?t=1785663784840:undefined)
[2026-08-02T09:45:39.958Z] [LOG] [App] Kitchen enabled: true (App.tsx?t=1785663784840:undefined)
[2026-08-02T09:45:42.114Z] [LOG] [App] All modules:  (App.tsx?t=1785663784840:undefined)
[2026-08-02T09:45:42.120Z] [LOG] [App] Kitchen module found: undefined (App.tsx?t=1785663784840:undefined)
[2026-08-02T09:45:42.121Z] [LOG] [App] Kitchen enabled: true (App.tsx?t=1785663784840:undefined)
[2026-08-02T09:45:42.128Z] [LOG] [App] All modules:  (App.tsx?t=1785663784840:undefined)
[2026-08-02T09:45:42.129Z] [LOG] [App] Kitchen module found: undefined (App.tsx?t=1785663784840:undefined)
[2026-08-02T09:45:42.138Z] [LOG] [App] Kitchen enabled: true (App.tsx?t=1785663784840:undefined)
[2026-08-02T09:45:42.247Z] [LOG] [App] All modules:  (App.tsx?t=1785663784840:undefined)
[2026-08-02T09:45:42.257Z] [LOG] [App] Kitchen module found: undefined (App.tsx?t=1785663784840:undefined)
[2026-08-02T09:45:42.258Z] [LOG] [App] Kitchen enabled: true (App.tsx?t=1785663784840:undefined)
[2026-08-02T09:45:42.288Z] [LOG] [App] All modules:  (App.tsx?t=1785663784840:undefined)
[2026-08-02T09:45:42.298Z] [LOG] [App] Kitchen module found: undefined (App.tsx?t=1785663784840:undefined)
[2026-08-02T09:45:42.308Z] [LOG] [App] Kitchen enabled: true (App.tsx?t=1785663784840:undefined)
[2026-08-02T09:45:43.695Z] [LOG] [App] All modules:  (App.tsx?t=1785663784840:undefined)
[2026-08-02T09:45:43.696Z] [LOG] [App] Kitchen module found: undefined (App.tsx?t=1785663784840:undefined)
[2026-08-02T09:45:43.704Z] [LOG] [App] Kitchen enabled: true (App.tsx?t=1785663784840:undefined)
[2026-08-02T09:45:43.731Z] [LOG] [App] All modules:  (App.tsx?t=1785663784840:undefined)
[2026-08-02T09:45:43.739Z] [LOG] [App] Kitchen module found: undefined (App.tsx?t=1785663784840:undefined)
[2026-08-02T09:45:43.740Z] [LOG] [App] Kitchen enabled: true (App.tsx?t=1785663784840:undefined)
[2026-08-02T09:45:51.957Z] [DEBUG] [vite] connecting... (client:undefined)
[2026-08-02T09:45:52.026Z] [DEBUG] [vite] connected. (client:undefined)
[2026-08-02T09:45:52.899Z] [INFO] %cDownload the React DevTools for a better development experience: https://react.dev/link/react-devtools font-weight:bold (react-dom_client.js?v=40766d9c:undefined)
[2026-08-02T09:45:54.705Z] [LOG] [App] All modules:  (App.tsx?t=1785663784840:undefined)
[2026-08-02T09:45:54.705Z] [LOG] [App] Kitchen module found: undefined (App.tsx?t=1785663784840:undefined)
[2026-08-02T09:45:54.715Z] [LOG] [App] Kitchen enabled: true (App.tsx?t=1785663784840:undefined)
[2026-08-02T09:45:54.724Z] [LOG] [App] All modules:  (App.tsx?t=1785663784840:undefined)
[2026-08-02T09:45:54.725Z] [LOG] [App] Kitchen module found: undefined (App.tsx?t=1785663784840:undefined)
[2026-08-02T09:45:54.731Z] [LOG] [App] Kitchen enabled: true (App.tsx?t=1785663784840:undefined)
[2026-08-02T09:45:59.612Z] [LOG] [App] All modules:  (App.tsx?t=1785663784840:undefined)
[2026-08-02T09:45:59.613Z] [LOG] [App] Kitchen module found: undefined (App.tsx?t=1785663784840:undefined)
[2026-08-02T09:45:59.688Z] [LOG] [App] Kitchen enabled: true (App.tsx?t=1785663784840:undefined)
[2026-08-02T09:45:59.738Z] [LOG] [App] All modules:  (App.tsx?t=1785663784840:undefined)
[2026-08-02T09:45:59.744Z] [LOG] [App] Kitchen module found: undefined (App.tsx?t=1785663784840:undefined)
[2026-08-02T09:45:59.764Z] [LOG] [App] Kitchen enabled: true (App.tsx?t=1785663784840:undefined)
[2026-08-02T09:46:00.378Z] [LOG] [App] All modules:  (App.tsx?t=1785663784840:undefined)
[2026-08-02T09:46:00.379Z] [LOG] [App] Kitchen module found: undefined (App.tsx?t=1785663784840:undefined)
[2026-08-02T09:46:00.382Z] [LOG] [App] Kitchen enabled: true (App.tsx?t=1785663784840:undefined)
[2026-08-02T09:46:00.422Z] [LOG] [App] All modules:  (App.tsx?t=1785663784840:undefined)
[2026-08-02T09:46:00.428Z] [LOG] [App] Kitchen module found: undefined (App.tsx?t=1785663784840:undefined)
[2026-08-02T09:46:00.798Z] [LOG] [App] Kitchen enabled: true (App.tsx?t=1785663784840:undefined)
[2026-08-02T09:46:02.112Z] [LOG] [App] All modules:  (App.tsx?t=1785663784840:undefined)
[2026-08-02T09:46:02.113Z] [LOG] [App] Kitchen module found: undefined (App.tsx?t=1785663784840:undefined)
[2026-08-02T09:46:02.115Z] [LOG] [App] Kitchen enabled: true (App.tsx?t=1785663784840:undefined)
[2026-08-02T09:46:02.119Z] [LOG] [App] All modules:  (App.tsx?t=1785663784840:undefined)
[2026-08-02T09:46:02.121Z] [LOG] [App] Kitchen module found: undefined (App.tsx?t=1785663784840:undefined)
[2026-08-02T09:46:02.126Z] [LOG] [App] Kitchen enabled: true (App.tsx?t=1785663784840:undefined)
[2026-08-02T09:47:07.416Z] [DEBUG] [vite] connecting... (client:undefined)
[2026-08-02T09:47:09.462Z] [DEBUG] [vite] connected. (client:undefined)
[2026-08-02T09:47:09.765Z] [INFO] %cDownload the React DevTools for a better development experience: https://react.dev/link/react-devtools font-weight:bold (react-dom_client.js?v=40766d9c:undefined)
[2026-08-02T09:47:09.942Z] [LOG] [App] All modules: [object Object] (App.tsx?t=1785663784840:undefined)
[2026-08-02T09:47:09.981Z] [LOG] [App] Kitchen module found: [object Object] (App.tsx?t=1785663784840:undefined)
[2026-08-02T09:47:09.997Z] [LOG] [App] Kitchen enabled: false (App.tsx?t=1785663784840:undefined)
[2026-08-02T09:47:10.024Z] [LOG] [App] All modules: [object Object] (App.tsx?t=1785663784840:undefined)
[2026-08-02T09:47:10.041Z] [LOG] [App] Kitchen module found: [object Object] (App.tsx?t=1785663784840:undefined)
[2026-08-02T09:47:10.078Z] [LOG] [App] Kitchen enabled: false (App.tsx?t=1785663784840:undefined)
[2026-08-02T09:47:10.690Z] [LOG] [App] All modules: [object Object] (App.tsx?t=1785663784840:undefined)
[2026-08-02T09:47:10.708Z] [LOG] [App] Kitchen module found: [object Object] (App.tsx?t=1785663784840:undefined)
[2026-08-02T09:47:10.731Z] [LOG] [App] Kitchen enabled: false (App.tsx?t=1785663784840:undefined)
[2026-08-02T09:47:10.752Z] [LOG] [App] All modules: [object Object] (App.tsx?t=1785663784840:undefined)
[2026-08-02T09:47:10.768Z] [LOG] [App] Kitchen module found: [object Object] (App.tsx?t=1785663784840:undefined)
[2026-08-02T09:47:10.779Z] [LOG] [App] Kitchen enabled: false (App.tsx?t=1785663784840:undefined)
[2026-08-02T09:47:10.812Z] [LOG] [App] All modules: [object Object] (App.tsx?t=1785663784840:undefined)
[2026-08-02T09:47:10.824Z] [LOG] [App] Kitchen module found: [object Object] (App.tsx?t=1785663784840:undefined)
[2026-08-02T09:47:10.830Z] [LOG] [App] Kitchen enabled: false (App.tsx?t=1785663784840:undefined)
[2026-08-02T09:47:10.846Z] [LOG] [App] All modules: [object Object] (App.tsx?t=1785663784840:undefined)
[2026-08-02T09:47:10.883Z] [LOG] [App] Kitchen module found: [object Object] (App.tsx?t=1785663784840:undefined)
[2026-08-02T09:47:10.898Z] [LOG] [App] Kitchen enabled: false (App.tsx?t=1785663784840:undefined)
[2026-08-02T09:47:10.924Z] [LOG] [App] All modules: [object Object] (App.tsx?t=1785663784840:undefined)
[2026-08-02T09:47:10.937Z] [LOG] [App] Kitchen module found: [object Object] (App.tsx?t=1785663784840:undefined)
[2026-08-02T09:47:10.942Z] [LOG] [App] Kitchen enabled: false (App.tsx?t=1785663784840:undefined)
[2026-08-02T09:47:10.957Z] [LOG] [App] All modules: [object Object] (App.tsx?t=1785663784840:undefined)
[2026-08-02T09:47:10.961Z] [LOG] [App] Kitchen module found: [object Object] (App.tsx?t=1785663784840:undefined)
[2026-08-02T09:47:10.965Z] [LOG] [App] Kitchen enabled: false (App.tsx?t=1785663784840:undefined)
[2026-08-02T09:47:10.981Z] [LOG] [App] All modules: [object Object] (App.tsx?t=1785663784840:undefined)
[2026-08-02T09:47:10.989Z] [LOG] [App] Kitchen module found: [object Object] (App.tsx?t=1785663784840:undefined)
[2026-08-02T09:47:10.992Z] [LOG] [App] Kitchen enabled: false (App.tsx?t=1785663784840:undefined)
[2026-08-02T09:47:10.996Z] [LOG] [App] All modules: [object Object] (App.tsx?t=1785663784840:undefined)
[2026-08-02T09:47:10.999Z] [LOG] [App] Kitchen module found: [object Object] (App.tsx?t=1785663784840:undefined)
[2026-08-02T09:47:11.009Z] [LOG] [App] Kitchen enabled: false (App.tsx?t=1785663784840:undefined)
[2026-08-02T09:47:11.016Z] [LOG] [App] All modules: [object Object] (App.tsx?t=1785663784840:undefined)
[2026-08-02T09:47:11.022Z] [LOG] [App] Kitchen module found: [object Object] (App.tsx?t=1785663784840:undefined)
[2026-08-02T09:47:11.029Z] [LOG] [App] Kitchen enabled: false (App.tsx?t=1785663784840:undefined)
[2026-08-02T09:47:11.032Z] [LOG] [App] All modules: [object Object] (App.tsx?t=1785663784840:undefined)
[2026-08-02T09:47:11.075Z] [LOG] [App] Kitchen module found: [object Object] (App.tsx?t=1785663784840:undefined)
[2026-08-02T09:47:11.080Z] [LOG] [App] Kitchen enabled: false (App.tsx?t=1785663784840:undefined)
[2026-08-02T09:47:11.105Z] [LOG] [App] All modules: [object Object] (App.tsx?t=1785663784840:undefined)
[2026-08-02T09:47:11.111Z] [LOG] [App] Kitchen module found: [object Object] (App.tsx?t=1785663784840:undefined)
[2026-08-02T09:47:11.114Z] [LOG] [App] Kitchen enabled: false (App.tsx?t=1785663784840:undefined)
[2026-08-02T09:47:11.117Z] [LOG] [App] All modules: [object Object] (App.tsx?t=1785663784840:undefined)
[2026-08-02T09:47:11.123Z] [LOG] [App] Kitchen module found: [object Object] (App.tsx?t=1785663784840:undefined)
[2026-08-02T09:47:11.126Z] [LOG] [App] Kitchen enabled: false (App.tsx?t=1785663784840:undefined)
[2026-08-02T09:47:11.141Z] [LOG] [App] All modules: [object Object] (App.tsx?t=1785663784840:undefined)
[2026-08-02T09:47:11.144Z] [LOG] [App] Kitchen module found: [object Object] (App.tsx?t=1785663784840:undefined)
[2026-08-02T09:47:11.147Z] [LOG] [App] Kitchen enabled: false (App.tsx?t=1785663784840:undefined)
[2026-08-02T09:47:11.160Z] [LOG] [App] All modules: [object Object] (App.tsx?t=1785663784840:undefined)
[2026-08-02T09:47:11.257Z] [LOG] [App] Kitchen module found: [object Object] (App.tsx?t=1785663784840:undefined)
[2026-08-02T09:47:11.265Z] [LOG] [App] Kitchen enabled: false (App.tsx?t=1785663784840:undefined)
[2026-08-02T09:47:11.293Z] [LOG] [App] All modules: [object Object] (App.tsx?t=1785663784840:undefined)
[2026-08-02T09:47:11.317Z] [LOG] [App] Kitchen module found: [object Object] (App.tsx?t=1785663784840:undefined)
[2026-08-02T09:47:11.411Z] [LOG] [App] Kitchen enabled: false (App.tsx?t=1785663784840:undefined)
[2026-08-02T09:47:11.468Z] [LOG] [App] All modules: [object Object] (App.tsx?t=1785663784840:undefined)
[2026-08-02T09:47:11.513Z] [LOG] [App] Kitchen module found: [object Object] (App.tsx?t=1785663784840:undefined)
[2026-08-02T09:47:11.525Z] [LOG] [App] Kitchen enabled: false (App.tsx?t=1785663784840:undefined)
[2026-08-02T09:47:11.691Z] [LOG] [App] All modules: [object Object] (App.tsx?t=1785663784840:undefined)
[2026-08-02T09:47:11.706Z] [LOG] [App] Kitchen module found: [object Object] (App.tsx?t=1785663784840:undefined)
[2026-08-02T09:47:11.710Z] [LOG] [App] Kitchen enabled: false (App.tsx?t=1785663784840:undefined)
[2026-08-02T09:47:11.717Z] [LOG] [App] All modules: [object Object] (App.tsx?t=1785663784840:undefined)
[2026-08-02T09:47:11.726Z] [LOG] [App] Kitchen module found: [object Object] (App.tsx?t=1785663784840:undefined)
[2026-08-02T09:47:11.730Z] [LOG] [App] Kitchen enabled: false (App.tsx?t=1785663784840:undefined)
[2026-08-02T09:47:12.017Z] [LOG] [App] All modules: [object Object] (App.tsx?t=1785663784840:undefined)
[2026-08-02T09:47:12.353Z] [LOG] [App] Kitchen module found: [object Object] (App.tsx?t=1785663784840:undefined)
[2026-08-02T09:47:12.394Z] [LOG] [App] Kitchen enabled: false (App.tsx?t=1785663784840:undefined)
[2026-08-02T09:47:12.409Z] [LOG] [App] All modules: [object Object] (App.tsx?t=1785663784840:undefined)
[2026-08-02T09:47:12.415Z] [LOG] [App] Kitchen module found: [object Object] (App.tsx?t=1785663784840:undefined)
[2026-08-02T09:47:12.459Z] [LOG] [App] Kitchen enabled: false (App.tsx?t=1785663784840:undefined)
[2026-08-02T09:47:12.981Z] [LOG] [App] All modules: [object Object] (App.tsx?t=1785663784840:undefined)
[2026-08-02T09:47:12.986Z] [LOG] [App] Kitchen module found: [object Object] (App.tsx?t=1785663784840:undefined)
[2026-08-02T09:47:12.999Z] [LOG] [App] Kitchen enabled: false (App.tsx?t=1785663784840:undefined)
[2026-08-02T09:47:13.012Z] [LOG] [App] All modules: [object Object] (App.tsx?t=1785663784840:undefined)
[2026-08-02T09:47:13.018Z] [LOG] [App] Kitchen module found: [object Object] (App.tsx?t=1785663784840:undefined)
[2026-08-02T09:47:13.025Z] [LOG] [App] Kitchen enabled: false (App.tsx?t=1785663784840:undefined)
[2026-08-02T09:47:13.174Z] [LOG] [App] All modules: [object Object] (App.tsx?t=1785663784840:undefined)
[2026-08-02T09:47:13.175Z] [LOG] [App] Kitchen module found: [object Object] (App.tsx?t=1785663784840:undefined)
[2026-08-02T09:47:13.177Z] [LOG] [App] Kitchen enabled: false (App.tsx?t=1785663784840:undefined)
[2026-08-02T09:47:13.190Z] [LOG] [App] All modules: [object Object] (App.tsx?t=1785663784840:undefined)
[2026-08-02T09:47:13.193Z] [LOG] [App] Kitchen module found: [object Object] (App.tsx?t=1785663784840:undefined)
[2026-08-02T09:47:13.198Z] [LOG] [App] Kitchen enabled: false (App.tsx?t=1785663784840:undefined)
[2026-08-02T09:47:13.309Z] [LOG] [App] All modules: [object Object] (App.tsx?t=1785663784840:undefined)
[2026-08-02T09:47:13.310Z] [LOG] [App] Kitchen module found: [object Object] (App.tsx?t=1785663784840:undefined)
[2026-08-02T09:47:13.322Z] [LOG] [App] Kitchen enabled: false (App.tsx?t=1785663784840:undefined)
[2026-08-02T09:47:13.327Z] [LOG] [App] All modules: [object Object] (App.tsx?t=1785663784840:undefined)
[2026-08-02T09:47:13.328Z] [LOG] [App] Kitchen module found: [object Object] (App.tsx?t=1785663784840:undefined)
[2026-08-02T09:47:13.339Z] [LOG] [App] Kitchen enabled: false (App.tsx?t=1785663784840:undefined)
[2026-08-02T09:47:29.417Z] [DEBUG] [vite] connecting... (client:undefined)
[2026-08-02T09:47:30.986Z] [DEBUG] [vite] connected. (client:undefined)
[2026-08-02T09:47:31.215Z] [INFO] %cDownload the React DevTools for a better development experience: https://react.dev/link/react-devtools font-weight:bold (react-dom_client.js?v=40766d9c:undefined)
[2026-08-02T09:47:31.914Z] [LOG] [App] All modules: [object Object] (App.tsx?t=1785663784840:undefined)
[2026-08-02T09:47:31.923Z] [LOG] [App] Kitchen module found: [object Object] (App.tsx?t=1785663784840:undefined)
[2026-08-02T09:47:31.928Z] [LOG] [App] Kitchen enabled: false (App.tsx?t=1785663784840:undefined)
[2026-08-02T09:47:31.934Z] [LOG] [App] All modules: [object Object] (App.tsx?t=1785663784840:undefined)
[2026-08-02T09:47:31.945Z] [LOG] [App] Kitchen module found: [object Object] (App.tsx?t=1785663784840:undefined)
[2026-08-02T09:47:31.965Z] [LOG] [App] Kitchen enabled: false (App.tsx?t=1785663784840:undefined)
[2026-08-02T09:47:33.610Z] [LOG] [App] All modules: [object Object] (App.tsx?t=1785663784840:undefined)
[2026-08-02T09:47:33.616Z] [LOG] [App] Kitchen module found: [object Object] (App.tsx?t=1785663784840:undefined)
[2026-08-02T09:47:33.623Z] [LOG] [App] Kitchen enabled: false (App.tsx?t=1785663784840:undefined)
[2026-08-02T09:47:33.632Z] [LOG] [App] All modules: [object Object] (App.tsx?t=1785663784840:undefined)
[2026-08-02T09:47:33.633Z] [LOG] [App] Kitchen module found: [object Object] (App.tsx?t=1785663784840:undefined)
[2026-08-02T09:47:33.640Z] [LOG] [App] Kitchen enabled: false (App.tsx?t=1785663784840:undefined)
[2026-08-02T09:47:34.709Z] [LOG] [App] All modules: [object Object] (App.tsx?t=1785663784840:undefined)
[2026-08-02T09:47:34.715Z] [LOG] [App] Kitchen module found: [object Object] (App.tsx?t=1785663784840:undefined)
[2026-08-02T09:47:34.722Z] [LOG] [App] Kitchen enabled: false (App.tsx?t=1785663784840:undefined)
[2026-08-02T09:47:34.730Z] [LOG] [App] All modules: [object Object] (App.tsx?t=1785663784840:undefined)
[2026-08-02T09:47:34.741Z] [LOG] [App] Kitchen module found: [object Object] (App.tsx?t=1785663784840:undefined)
[2026-08-02T09:47:34.747Z] [LOG] [App] Kitchen enabled: false (App.tsx?t=1785663784840:undefined)
[2026-08-02T09:47:34.962Z] [LOG] [App] All modules: [object Object] (App.tsx?t=1785663784840:undefined)
[2026-08-02T09:47:34.963Z] [LOG] [App] Kitchen module found: [object Object] (App.tsx?t=1785663784840:undefined)
[2026-08-02T09:47:34.966Z] [LOG] [App] Kitchen enabled: false (App.tsx?t=1785663784840:undefined)
[2026-08-02T09:47:35.032Z] [LOG] [App] All modules: [object Object] (App.tsx?t=1785663784840:undefined)
[2026-08-02T09:47:35.041Z] [LOG] [App] Kitchen module found: [object Object] (App.tsx?t=1785663784840:undefined)
[2026-08-02T09:47:35.043Z] [LOG] [App] Kitchen enabled: false (App.tsx?t=1785663784840:undefined)
[2026-08-02T09:47:35.270Z] [LOG] [App] All modules: [object Object] (App.tsx?t=1785663784840:undefined)
[2026-08-02T09:47:35.271Z] [LOG] [App] Kitchen module found: [object Object] (App.tsx?t=1785663784840:undefined)
[2026-08-02T09:47:35.289Z] [LOG] [App] Kitchen enabled: false (App.tsx?t=1785663784840:undefined)
[2026-08-02T09:47:35.296Z] [LOG] [App] All modules: [object Object] (App.tsx?t=1785663784840:undefined)
[2026-08-02T09:47:35.308Z] [LOG] [App] Kitchen module found: [object Object] (App.tsx?t=1785663784840:undefined)
[2026-08-02T09:47:35.315Z] [LOG] [App] Kitchen enabled: false (App.tsx?t=1785663784840:undefined)
[2026-08-02T09:47:35.509Z] [LOG] [App] All modules: [object Object] (App.tsx?t=1785663784840:undefined)
[2026-08-02T09:47:35.510Z] [LOG] [App] Kitchen module found: [object Object] (App.tsx?t=1785663784840:undefined)
[2026-08-02T09:47:35.516Z] [LOG] [App] Kitchen enabled: false (App.tsx?t=1785663784840:undefined)
[2026-08-02T09:47:35.970Z] [LOG] [App] All modules: [object Object] (App.tsx?t=1785663784840:undefined)
[2026-08-02T09:47:35.978Z] [LOG] [App] Kitchen module found: [object Object] (App.tsx?t=1785663784840:undefined)
[2026-08-02T09:47:36.072Z] [LOG] [App] Kitchen enabled: false (App.tsx?t=1785663784840:undefined)
[2026-08-02T09:47:36.222Z] [LOG] [App] All modules: [object Object] (App.tsx?t=1785663784840:undefined)
[2026-08-02T09:47:36.228Z] [LOG] [App] Kitchen module found: [object Object] (App.tsx?t=1785663784840:undefined)
[2026-08-02T09:47:36.232Z] [LOG] [App] Kitchen enabled: false (App.tsx?t=1785663784840:undefined)
[2026-08-02T09:47:36.240Z] [LOG] [App] All modules: [object Object] (App.tsx?t=1785663784840:undefined)
[2026-08-02T09:47:36.249Z] [LOG] [App] Kitchen module found: [object Object] (App.tsx?t=1785663784840:undefined)
[2026-08-02T09:47:36.289Z] [LOG] [App] Kitchen enabled: false (App.tsx?t=1785663784840:undefined)
[2026-08-02T09:47:36.458Z] [LOG] [App] All modules: [object Object] (App.tsx?t=1785663784840:undefined)
[2026-08-02T09:47:36.472Z] [LOG] [App] Kitchen module found: [object Object] (App.tsx?t=1785663784840:undefined)
[2026-08-02T09:47:36.474Z] [LOG] [App] Kitchen enabled: false (App.tsx?t=1785663784840:undefined)
[2026-08-02T09:47:36.478Z] [LOG] [App] All modules: [object Object] (App.tsx?t=1785663784840:undefined)
[2026-08-02T09:47:36.491Z] [LOG] [App] Kitchen module found: [object Object] (App.tsx?t=1785663784840:undefined)
[2026-08-02T09:47:36.496Z] [LOG] [App] Kitchen enabled: false (App.tsx?t=1785663784840:undefined)
[2026-08-02T09:51:36.415Z] [DEBUG] [vite] hot updated: /src/components/Header.tsx (client:undefined)
[2026-08-02T09:51:36.420Z] [DEBUG] [vite] hot updated: /src/index.css (client:undefined)
[2026-08-02T09:51:45.947Z] [DEBUG] [vite] hot updated: /src/components/Header.tsx (client:undefined)
[2026-08-02T09:51:45.952Z] [DEBUG] [vite] hot updated: /src/index.css (client:undefined)
[2026-08-02T09:51:55.834Z] [DEBUG] [vite] hot updated: /src/components/Header.tsx (client:undefined)
[2026-08-02T09:51:55.835Z] [DEBUG] [vite] hot updated: /src/index.css (client:undefined)
[2026-08-02T09:52:13.194Z] [DEBUG] [vite] hot updated: /src/App.tsx (client:undefined)
[2026-08-02T09:52:13.195Z] [DEBUG] [vite] hot updated: /src/index.css (client:undefined)
[2026-08-02T09:52:13.215Z] [LOG] [App] All modules: [object Object] (App.tsx?t=1785664332748:undefined)
[2026-08-02T09:52:13.232Z] [LOG] [App] Kitchen module found: [object Object] (App.tsx?t=1785664332748:undefined)
[2026-08-02T09:52:13.247Z] [LOG] [App] Kitchen enabled: false (App.tsx?t=1785664332748:undefined)
[2026-08-02T09:52:13.275Z] [LOG] [App] All modules: [object Object] (App.tsx?t=1785664332748:undefined)
[2026-08-02T09:52:13.283Z] [LOG] [App] Kitchen module found: [object Object] (App.tsx?t=1785664332748:undefined)
[2026-08-02T09:52:13.289Z] [LOG] [App] Kitchen enabled: false (App.tsx?t=1785664332748:undefined)
[2026-08-02T09:52:16.785Z] [LOG] [App] All modules: [object Object] (App.tsx?t=1785664332748:undefined)
[2026-08-02T09:52:16.825Z] [LOG] [App] Kitchen module found: [object Object] (App.tsx?t=1785664332748:undefined)
[2026-08-02T09:52:16.834Z] [LOG] [App] Kitchen enabled: false (App.tsx?t=1785664332748:undefined)
[2026-08-02T09:52:16.882Z] [LOG] [App] All modules: [object Object] (App.tsx?t=1785664332748:undefined)
[2026-08-02T09:52:16.918Z] [LOG] [App] Kitchen module found: [object Object] (App.tsx?t=1785664332748:undefined)
[2026-08-02T09:52:16.935Z] [LOG] [App] Kitchen enabled: false (App.tsx?t=1785664332748:undefined)
[2026-08-02T09:52:17.019Z] [LOG] [App] All modules: [object Object] (App.tsx?t=1785664332748:undefined)
[2026-08-02T09:52:17.048Z] [LOG] [App] Kitchen module found: [object Object] (App.tsx?t=1785664332748:undefined)
[2026-08-02T09:52:17.059Z] [LOG] [App] Kitchen enabled: false (App.tsx?t=1785664332748:undefined)
[2026-08-02T09:52:17.074Z] [LOG] [App] All modules: [object Object] (App.tsx?t=1785664332748:undefined)
[2026-08-02T09:52:17.079Z] [LOG] [App] Kitchen module found: [object Object] (App.tsx?t=1785664332748:undefined)
[2026-08-02T09:52:17.093Z] [LOG] [App] Kitchen enabled: false (App.tsx?t=1785664332748:undefined)
[2026-08-02T09:52:17.953Z] [LOG] [App] All modules: [object Object] (App.tsx?t=1785664332748:undefined)
[2026-08-02T09:52:18.024Z] [LOG] [App] Kitchen module found: [object Object] (App.tsx?t=1785664332748:undefined)
[2026-08-02T09:52:18.058Z] [LOG] [App] Kitchen enabled: false (App.tsx?t=1785664332748:undefined)
[2026-08-02T09:52:18.076Z] [LOG] [App] All modules: [object Object] (App.tsx?t=1785664332748:undefined)
[2026-08-02T09:52:18.085Z] [LOG] [App] Kitchen module found: [object Object] (App.tsx?t=1785664332748:undefined)
[2026-08-02T09:52:18.112Z] [LOG] [App] Kitchen enabled: false (App.tsx?t=1785664332748:undefined)
[2026-08-02T09:52:18.250Z] [LOG] [App] All modules: [object Object] (App.tsx?t=1785664332748:undefined)
[2026-08-02T09:52:18.274Z] [LOG] [App] Kitchen module found: [object Object] (App.tsx?t=1785664332748:undefined)
[2026-08-02T09:52:18.292Z] [LOG] [App] Kitchen enabled: false (App.tsx?t=1785664332748:undefined)
[2026-08-02T09:52:18.303Z] [LOG] [App] All modules: [object Object] (App.tsx?t=1785664332748:undefined)
[2026-08-02T09:52:18.316Z] [LOG] [App] Kitchen module found: [object Object] (App.tsx?t=1785664332748:undefined)
[2026-08-02T09:52:18.327Z] [LOG] [App] Kitchen enabled: false (App.tsx?t=1785664332748:undefined)
[2026-08-02T09:52:29.407Z] [DEBUG] [vite] hot updated: /src/App.tsx (client:undefined)
[2026-08-02T09:52:29.419Z] [DEBUG] [vite] hot updated: /src/index.css (client:undefined)
[2026-08-02T09:52:29.445Z] [LOG] [App] All modules: [object Object] (App.tsx?t=1785664349099:undefined)
[2026-08-02T09:52:29.473Z] [LOG] [App] Kitchen module found: [object Object] (App.tsx?t=1785664349099:undefined)
[2026-08-02T09:52:29.480Z] [LOG] [App] Kitchen enabled: false (App.tsx?t=1785664349099:undefined)
[2026-08-02T09:52:29.485Z] [LOG] [App] All modules: [object Object] (App.tsx?t=1785664349099:undefined)
[2026-08-02T09:52:29.490Z] [LOG] [App] Kitchen module found: [object Object] (App.tsx?t=1785664349099:undefined)
[2026-08-02T09:52:29.502Z] [LOG] [App] Kitchen enabled: false (App.tsx?t=1785664349099:undefined)
[2026-08-02T09:52:30.764Z] [LOG] [App] All modules: [object Object] (App.tsx?t=1785664349099:undefined)
[2026-08-02T09:52:30.852Z] [LOG] [App] Kitchen module found: [object Object] (App.tsx?t=1785664349099:undefined)
[2026-08-02T09:52:30.892Z] [LOG] [App] Kitchen enabled: false (App.tsx?t=1785664349099:undefined)
[2026-08-02T09:52:30.952Z] [LOG] [App] All modules: [object Object] (App.tsx?t=1785664349099:undefined)
[2026-08-02T09:52:30.980Z] [LOG] [App] Kitchen module found: [object Object] (App.tsx?t=1785664349099:undefined)
[2026-08-02T09:52:31.034Z] [LOG] [App] Kitchen enabled: false (App.tsx?t=1785664349099:undefined)
[2026-08-02T09:52:31.264Z] [LOG] [App] All modules: [object Object] (App.tsx?t=1785664349099:undefined)
[2026-08-02T09:52:31.382Z] [LOG] [App] Kitchen module found: [object Object] (App.tsx?t=1785664349099:undefined)
[2026-08-02T09:52:31.435Z] [LOG] [App] Kitchen enabled: false (App.tsx?t=1785664349099:undefined)
[2026-08-02T09:52:31.481Z] [LOG] [App] All modules: [object Object] (App.tsx?t=1785664349099:undefined)
[2026-08-02T09:52:31.524Z] [LOG] [App] Kitchen module found: [object Object] (App.tsx?t=1785664349099:undefined)
[2026-08-02T09:52:31.556Z] [LOG] [App] Kitchen enabled: false (App.tsx?t=1785664349099:undefined)
[2026-08-02T09:52:31.588Z] [LOG] [App] All modules: [object Object] (App.tsx?t=1785664349099:undefined)
[2026-08-02T09:52:31.630Z] [LOG] [App] Kitchen module found: [object Object] (App.tsx?t=1785664349099:undefined)
[2026-08-02T09:52:31.672Z] [LOG] [App] Kitchen enabled: false (App.tsx?t=1785664349099:undefined)
[2026-08-02T09:52:31.747Z] [LOG] [App] All modules: [object Object] (App.tsx?t=1785664349099:undefined)
[2026-08-02T09:52:31.793Z] [LOG] [App] Kitchen module found: [object Object] (App.tsx?t=1785664349099:undefined)
[2026-08-02T09:52:31.850Z] [LOG] [App] Kitchen enabled: false (App.tsx?t=1785664349099:undefined)
[2026-08-02T09:52:31.908Z] [LOG] [App] All modules: [object Object] (App.tsx?t=1785664349099:undefined)
[2026-08-02T09:52:31.923Z] [LOG] [App] Kitchen module found: [object Object] (App.tsx?t=1785664349099:undefined)
[2026-08-02T09:52:31.944Z] [LOG] [App] Kitchen enabled: false (App.tsx?t=1785664349099:undefined)
[2026-08-02T09:52:31.996Z] [LOG] [App] All modules: [object Object] (App.tsx?t=1785664349099:undefined)
[2026-08-02T09:52:32.018Z] [LOG] [App] Kitchen module found: [object Object] (App.tsx?t=1785664349099:undefined)
[2026-08-02T09:52:32.031Z] [LOG] [App] Kitchen enabled: false (App.tsx?t=1785664349099:undefined)
[2026-08-02T09:52:32.114Z] [LOG] [App] All modules: [object Object] (App.tsx?t=1785664349099:undefined)
[2026-08-02T09:52:32.132Z] [LOG] [App] Kitchen module found: [object Object] (App.tsx?t=1785664349099:undefined)
[2026-08-02T09:52:32.143Z] [LOG] [App] Kitchen enabled: false (App.tsx?t=1785664349099:undefined)
[2026-08-02T09:52:32.148Z] [LOG] [App] All modules: [object Object] (App.tsx?t=1785664349099:undefined)
[2026-08-02T09:52:32.152Z] [LOG] [App] Kitchen module found: [object Object] (App.tsx?t=1785664349099:undefined)
[2026-08-02T09:52:32.156Z] [LOG] [App] Kitchen enabled: false (App.tsx?t=1785664349099:undefined)
[2026-08-02T09:52:32.180Z] [LOG] [App] All modules: [object Object] (App.tsx?t=1785664349099:undefined)
[2026-08-02T09:52:32.189Z] [LOG] [App] Kitchen module found: [object Object] (App.tsx?t=1785664349099:undefined)
[2026-08-02T09:52:32.199Z] [LOG] [App] Kitchen enabled: false (App.tsx?t=1785664349099:undefined)
[2026-08-02T09:52:32.208Z] [LOG] [App] All modules: [object Object] (App.tsx?t=1785664349099:undefined)
[2026-08-02T09:52:32.216Z] [LOG] [App] Kitchen module found: [object Object] (App.tsx?t=1785664349099:undefined)
[2026-08-02T09:52:32.224Z] [LOG] [App] Kitchen enabled: false (App.tsx?t=1785664349099:undefined)
[2026-08-02T09:52:34.570Z] [LOG] [App] All modules: [object Object] (App.tsx?t=1785664349099:undefined)
[2026-08-02T09:52:34.574Z] [LOG] [App] Kitchen module found: [object Object] (App.tsx?t=1785664349099:undefined)
[2026-08-02T09:52:34.582Z] [LOG] [App] Kitchen enabled: false (App.tsx?t=1785664349099:undefined)
[2026-08-02T09:52:34.590Z] [LOG] [App] All modules: [object Object] (App.tsx?t=1785664349099:undefined)
[2026-08-02T09:52:34.600Z] [LOG] [App] Kitchen module found: [object Object] (App.tsx?t=1785664349099:undefined)
[2026-08-02T09:52:34.605Z] [LOG] [App] Kitchen enabled: false (App.tsx?t=1785664349099:undefined)
[2026-08-02T09:52:34.666Z] [LOG] [App] All modules: [object Object] (App.tsx?t=1785664349099:undefined)
[2026-08-02T09:52:34.668Z] [LOG] [App] Kitchen module found: [object Object] (App.tsx?t=1785664349099:undefined)
[2026-08-02T09:52:34.677Z] [LOG] [App] Kitchen enabled: false (App.tsx?t=1785664349099:undefined)
[2026-08-02T09:52:34.681Z] [LOG] [App] All modules: [object Object] (App.tsx?t=1785664349099:undefined)
[2026-08-02T09:52:34.687Z] [LOG] [App] Kitchen module found: [object Object] (App.tsx?t=1785664349099:undefined)
[2026-08-02T09:52:34.693Z] [LOG] [App] Kitchen enabled: false (App.tsx?t=1785664349099:undefined)
[2026-08-02T09:52:39.355Z] [LOG] [App] All modules: [object Object] (App.tsx?t=1785664349099:undefined)
[2026-08-02T09:52:39.356Z] [LOG] [App] Kitchen module found: [object Object] (App.tsx?t=1785664349099:undefined)
[2026-08-02T09:52:39.365Z] [LOG] [App] Kitchen enabled: false (App.tsx?t=1785664349099:undefined)
[2026-08-02T09:52:39.371Z] [LOG] [App] All modules: [object Object] (App.tsx?t=1785664349099:undefined)
[2026-08-02T09:52:39.374Z] [LOG] [App] Kitchen module found: [object Object] (App.tsx?t=1785664349099:undefined)
[2026-08-02T09:52:39.378Z] [LOG] [App] Kitchen enabled: false (App.tsx?t=1785664349099:undefined)
[2026-08-02T09:52:39.424Z] [LOG] [App] All modules: [object Object] (App.tsx?t=1785664349099:undefined)
[2026-08-02T09:52:39.428Z] [LOG] [App] Kitchen module found: [object Object] (App.tsx?t=1785664349099:undefined)
[2026-08-02T09:52:39.439Z] [LOG] [App] Kitchen enabled: false (App.tsx?t=1785664349099:undefined)
[2026-08-02T09:52:39.445Z] [LOG] [App] All modules: [object Object] (App.tsx?t=1785664349099:undefined)
[2026-08-02T09:52:39.449Z] [LOG] [App] Kitchen module found: [object Object] (App.tsx?t=1785664349099:undefined)
[2026-08-02T09:52:39.454Z] [LOG] [App] Kitchen enabled: false (App.tsx?t=1785664349099:undefined)
[2026-08-02T09:52:57.311Z] [LOG] [App] All modules: [object Object] (App.tsx?t=1785664349099:undefined)
[2026-08-02T09:52:57.406Z] [LOG] [App] Kitchen module found: [object Object] (App.tsx?t=1785664349099:undefined)
[2026-08-02T09:52:57.494Z] [LOG] [App] Kitchen enabled: false (App.tsx?t=1785664349099:undefined)
[2026-08-02T09:52:57.531Z] [LOG] [App] All modules: [object Object] (App.tsx?t=1785664349099:undefined)
[2026-08-02T09:52:57.552Z] [LOG] [App] Kitchen module found: [object Object] (App.tsx?t=1785664349099:undefined)
[2026-08-02T09:52:57.582Z] [LOG] [App] Kitchen enabled: false (App.tsx?t=1785664349099:undefined)
[2026-08-02T09:53:45.999Z] [DEBUG] [vite] hot updated: /src/App.tsx (client:undefined)
[2026-08-02T09:53:46.054Z] [DEBUG] [vite] hot updated: /src/index.css (client:undefined)
[2026-08-02T09:53:46.933Z] [LOG] [App] All modules: [object Object] (App.tsx?t=1785664425367:undefined)
[2026-08-02T09:53:47.005Z] [LOG] [App] Kitchen module found: [object Object] (App.tsx?t=1785664425367:undefined)
[2026-08-02T09:53:47.048Z] [LOG] [App] Kitchen enabled: false (App.tsx?t=1785664425367:undefined)
[2026-08-02T09:53:47.127Z] [LOG] [App] All modules: [object Object] (App.tsx?t=1785664425367:undefined)
[2026-08-02T09:53:47.181Z] [LOG] [App] Kitchen module found: [object Object] (App.tsx?t=1785664425367:undefined)
[2026-08-02T09:53:47.230Z] [LOG] [App] Kitchen enabled: false (App.tsx?t=1785664425367:undefined)
[2026-08-02T09:54:05.405Z] [DEBUG] [vite] hot updated: /src/App.tsx (client:undefined)
[2026-08-02T09:54:05.406Z] [DEBUG] [vite] hot updated: /src/index.css (client:undefined)
[2026-08-02T09:54:05.976Z] [LOG] [App] All modules: [object Object] (App.tsx?t=1785664444565:undefined)
[2026-08-02T09:54:05.976Z] [LOG] [App] Kitchen module found: [object Object] (App.tsx?t=1785664444565:undefined)
[2026-08-02T09:54:05.979Z] [LOG] [App] Kitchen enabled: false (App.tsx?t=1785664444565:undefined)
[2026-08-02T09:54:05.981Z] [LOG] [App] All modules: [object Object] (App.tsx?t=1785664444565:undefined)
[2026-08-02T09:54:05.985Z] [LOG] [App] Kitchen module found: [object Object] (App.tsx?t=1785664444565:undefined)
[2026-08-02T09:54:05.988Z] [LOG] [App] Kitchen enabled: false (App.tsx?t=1785664444565:undefined)
[2026-08-02T09:57:30.092Z] [DEBUG] [vite] connecting... (client:undefined)
[2026-08-02T09:57:32.268Z] [DEBUG] [vite] connected. (client:undefined)
[2026-08-02T09:57:33.111Z] [INFO] %cDownload the React DevTools for a better development experience: https://react.dev/link/react-devtools font-weight:bold (react-dom_client.js?v=40766d9c:undefined)
[2026-08-02T09:57:38.598Z] [LOG] [App] All modules:  (App.tsx?t=1785664444565:undefined)
[2026-08-02T09:57:38.609Z] [LOG] [App] Kitchen module found: undefined (App.tsx?t=1785664444565:undefined)
[2026-08-02T09:57:38.616Z] [LOG] [App] Kitchen enabled: true (App.tsx?t=1785664444565:undefined)
[2026-08-02T09:57:38.624Z] [LOG] [App] All modules:  (App.tsx?t=1785664444565:undefined)
[2026-08-02T09:57:38.629Z] [LOG] [App] Kitchen module found: undefined (App.tsx?t=1785664444565:undefined)
[2026-08-02T09:57:38.637Z] [LOG] [App] Kitchen enabled: true (App.tsx?t=1785664444565:undefined)
[2026-08-02T09:57:42.089Z] [LOG] [App] All modules:  (App.tsx?t=1785664444565:undefined)
[2026-08-02T09:57:42.113Z] [LOG] [App] Kitchen module found: undefined (App.tsx?t=1785664444565:undefined)
[2026-08-02T09:57:42.114Z] [LOG] [App] Kitchen enabled: true (App.tsx?t=1785664444565:undefined)
[2026-08-02T09:57:42.124Z] [LOG] [App] All modules:  (App.tsx?t=1785664444565:undefined)
[2026-08-02T09:57:42.125Z] [LOG] [App] Kitchen module found: undefined (App.tsx?t=1785664444565:undefined)
[2026-08-02T09:57:42.150Z] [LOG] [App] Kitchen enabled: true (App.tsx?t=1785664444565:undefined)
[2026-08-02T09:57:46.175Z] [LOG] [App] All modules:  (App.tsx?t=1785664444565:undefined)
[2026-08-02T09:57:46.176Z] [LOG] [App] Kitchen module found: undefined (App.tsx?t=1785664444565:undefined)
[2026-08-02T09:57:46.180Z] [LOG] [App] Kitchen enabled: true (App.tsx?t=1785664444565:undefined)
[2026-08-02T09:57:46.194Z] [LOG] [App] All modules:  (App.tsx?t=1785664444565:undefined)
[2026-08-02T09:57:46.212Z] [LOG] [App] Kitchen module found: undefined (App.tsx?t=1785664444565:undefined)
[2026-08-02T09:57:46.213Z] [LOG] [App] Kitchen enabled: true (App.tsx?t=1785664444565:undefined)
[2026-08-02T09:57:51.927Z] [LOG] [App] All modules:  (App.tsx?t=1785664444565:undefined)
[2026-08-02T09:57:51.928Z] [LOG] [App] Kitchen module found: undefined (App.tsx?t=1785664444565:undefined)
[2026-08-02T09:57:51.933Z] [LOG] [App] Kitchen enabled: true (App.tsx?t=1785664444565:undefined)
[2026-08-02T09:57:51.947Z] [LOG] [App] All modules:  (App.tsx?t=1785664444565:undefined)
[2026-08-02T09:57:51.957Z] [LOG] [App] Kitchen module found: undefined (App.tsx?t=1785664444565:undefined)
[2026-08-02T09:57:51.958Z] [LOG] [App] Kitchen enabled: true (App.tsx?t=1785664444565:undefined)
[2026-08-02T09:59:13.160Z] [DEBUG] [vite] connecting... (client:undefined)
[2026-08-02T09:59:13.436Z] [DEBUG] [vite] connected. (client:undefined)
[2026-08-02T09:59:14.067Z] [INFO] %cDownload the React DevTools for a better development experience: https://react.dev/link/react-devtools font-weight:bold (react-dom_client.js?v=40766d9c:undefined)
[2026-08-02T09:59:15.106Z] [LOG] [App] All modules: [object Object] (App.tsx?t=1785664444565:undefined)
[2026-08-02T09:59:15.107Z] [LOG] [App] Kitchen module found: [object Object] (App.tsx?t=1785664444565:undefined)
[2026-08-02T09:59:15.123Z] [LOG] [App] Kitchen enabled: false (App.tsx?t=1785664444565:undefined)
[2026-08-02T09:59:15.142Z] [LOG] [App] All modules: [object Object] (App.tsx?t=1785664444565:undefined)
[2026-08-02T09:59:15.143Z] [LOG] [App] Kitchen module found: [object Object] (App.tsx?t=1785664444565:undefined)
[2026-08-02T09:59:15.156Z] [LOG] [App] Kitchen enabled: false (App.tsx?t=1785664444565:undefined)
[2026-08-02T09:59:16.867Z] [LOG] [App] All modules:  (App.tsx?t=1785664444565:undefined)
[2026-08-02T09:59:16.885Z] [LOG] [App] Kitchen module found: undefined (App.tsx?t=1785664444565:undefined)
[2026-08-02T09:59:17.172Z] [LOG] [App] Kitchen enabled: true (App.tsx?t=1785664444565:undefined)
[2026-08-02T09:59:17.206Z] [LOG] [App] All modules:  (App.tsx?t=1785664444565:undefined)
[2026-08-02T09:59:17.216Z] [LOG] [App] Kitchen module found: undefined (App.tsx?t=1785664444565:undefined)
[2026-08-02T09:59:17.295Z] [LOG] [App] Kitchen enabled: true (App.tsx?t=1785664444565:undefined)
[2026-08-02T09:59:20.057Z] [LOG] [App] All modules:  (App.tsx?t=1785664444565:undefined)
[2026-08-02T09:59:20.064Z] [LOG] [App] Kitchen module found: undefined (App.tsx?t=1785664444565:undefined)
[2026-08-02T09:59:20.065Z] [LOG] [App] Kitchen enabled: true (App.tsx?t=1785664444565:undefined)
[2026-08-02T09:59:20.074Z] [LOG] [App] All modules:  (App.tsx?t=1785664444565:undefined)
[2026-08-02T09:59:20.076Z] [LOG] [App] Kitchen module found: undefined (App.tsx?t=1785664444565:undefined)
[2026-08-02T09:59:20.083Z] [LOG] [App] Kitchen enabled: true (App.tsx?t=1785664444565:undefined)
[2026-08-02T09:59:25.634Z] [LOG] [App] All modules:  (App.tsx?t=1785664444565:undefined)
[2026-08-02T09:59:25.635Z] [LOG] [App] Kitchen module found: undefined (App.tsx?t=1785664444565:undefined)
[2026-08-02T09:59:25.640Z] [LOG] [App] Kitchen enabled: true (App.tsx?t=1785664444565:undefined)
[2026-08-02T09:59:25.645Z] [LOG] [App] All modules:  (App.tsx?t=1785664444565:undefined)
[2026-08-02T09:59:25.646Z] [LOG] [App] Kitchen module found: undefined (App.tsx?t=1785664444565:undefined)
[2026-08-02T09:59:25.649Z] [LOG] [App] Kitchen enabled: true (App.tsx?t=1785664444565:undefined)
[2026-08-02T09:59:27.241Z] [LOG] [App] All modules:  (App.tsx?t=1785664444565:undefined)
[2026-08-02T09:59:27.242Z] [LOG] [App] Kitchen module found: undefined (App.tsx?t=1785664444565:undefined)
[2026-08-02T09:59:27.245Z] [LOG] [App] Kitchen enabled: true (App.tsx?t=1785664444565:undefined)
[2026-08-02T09:59:27.257Z] [LOG] [App] All modules:  (App.tsx?t=1785664444565:undefined)
[2026-08-02T09:59:27.258Z] [LOG] [App] Kitchen module found: undefined (App.tsx?t=1785664444565:undefined)
[2026-08-02T09:59:27.268Z] [LOG] [App] Kitchen enabled: true (App.tsx?t=1785664444565:undefined)
[2026-08-02T09:59:35.704Z] [DEBUG] [vite] connecting... (client:undefined)
[2026-08-02T09:59:35.803Z] [DEBUG] [vite] connected. (client:undefined)
[2026-08-02T09:59:36.765Z] [INFO] %cDownload the React DevTools for a better development experience: https://react.dev/link/react-devtools font-weight:bold (react-dom_client.js?v=40766d9c:undefined)
[2026-08-02T09:59:38.913Z] [LOG] [App] All modules:  (App.tsx?t=1785664444565:undefined)
[2026-08-02T09:59:38.914Z] [LOG] [App] Kitchen module found: undefined (App.tsx?t=1785664444565:undefined)
[2026-08-02T09:59:38.935Z] [LOG] [App] Kitchen enabled: true (App.tsx?t=1785664444565:undefined)
[2026-08-02T09:59:38.961Z] [LOG] [App] All modules:  (App.tsx?t=1785664444565:undefined)
[2026-08-02T09:59:38.968Z] [LOG] [App] Kitchen module found: undefined (App.tsx?t=1785664444565:undefined)
[2026-08-02T09:59:38.973Z] [LOG] [App] Kitchen enabled: true (App.tsx?t=1785664444565:undefined)
[2026-08-02T09:59:58.115Z] [DEBUG] [vite] connecting... (client:undefined)
[2026-08-02T09:59:58.638Z] [DEBUG] [vite] connected. (client:undefined)
[2026-08-02T10:00:00.118Z] [INFO] %cDownload the React DevTools for a better development experience: https://react.dev/link/react-devtools font-weight:bold (react-dom_client.js?v=40766d9c:undefined)
[2026-08-02T10:00:17.917Z] [LOG] [App] All modules:  (App.tsx?t=1785664444565:undefined)
[2026-08-02T10:00:17.918Z] [LOG] [App] Kitchen module found: undefined (App.tsx?t=1785664444565:undefined)
[2026-08-02T10:00:17.923Z] [LOG] [App] Kitchen enabled: true (App.tsx?t=1785664444565:undefined)
[2026-08-02T10:00:17.936Z] [LOG] [App] All modules:  (App.tsx?t=1785664444565:undefined)
[2026-08-02T10:00:17.944Z] [LOG] [App] Kitchen module found: undefined (App.tsx?t=1785664444565:undefined)
[2026-08-02T10:00:17.945Z] [LOG] [App] Kitchen enabled: true (App.tsx?t=1785664444565:undefined)
[2026-08-02T10:00:24.340Z] [LOG] [App] All modules:  (App.tsx?t=1785664444565:undefined)
[2026-08-02T10:00:24.348Z] [LOG] [App] Kitchen module found: undefined (App.tsx?t=1785664444565:undefined)
[2026-08-02T10:00:24.349Z] [LOG] [App] Kitchen enabled: true (App.tsx?t=1785664444565:undefined)
[2026-08-02T10:00:24.363Z] [LOG] [App] All modules:  (App.tsx?t=1785664444565:undefined)
[2026-08-02T10:00:24.370Z] [LOG] [App] Kitchen module found: undefined (App.tsx?t=1785664444565:undefined)
[2026-08-02T10:00:24.379Z] [LOG] [App] Kitchen enabled: true (App.tsx?t=1785664444565:undefined)
[2026-08-02T10:00:24.530Z] [LOG] [App] All modules:  (App.tsx?t=1785664444565:undefined)
[2026-08-02T10:00:24.537Z] [LOG] [App] Kitchen module found: undefined (App.tsx?t=1785664444565:undefined)
[2026-08-02T10:00:24.539Z] [LOG] [App] Kitchen enabled: true (App.tsx?t=1785664444565:undefined)
[2026-08-02T10:00:24.552Z] [LOG] [App] All modules:  (App.tsx?t=1785664444565:undefined)
[2026-08-02T10:00:24.553Z] [LOG] [App] Kitchen module found: undefined (App.tsx?t=1785664444565:undefined)
[2026-08-02T10:00:24.559Z] [LOG] [App] Kitchen enabled: true (App.tsx?t=1785664444565:undefined)
[2026-08-02T10:01:14.358Z] [DEBUG] [vite] connecting... (client:undefined)
[2026-08-02T10:01:14.739Z] [DEBUG] [vite] connected. (client:undefined)
[2026-08-02T10:01:17.055Z] [INFO] %cDownload the React DevTools for a better development experience: https://react.dev/link/react-devtools font-weight:bold (react-dom_client.js?v=40766d9c:undefined)
[2026-08-02T10:01:23.800Z] [DEBUG] [vite] connecting... (client:undefined)
[2026-08-02T10:01:24.808Z] [DEBUG] [vite] connected. (client:undefined)
[2026-08-02T10:01:25.544Z] [INFO] %cDownload the React DevTools for a better development experience: https://react.dev/link/react-devtools font-weight:bold (react-dom_client.js?v=40766d9c:undefined)
[2026-08-02T10:01:40.915Z] [LOG] [App] All modules:  (App.tsx?t=1785664444565:undefined)
[2026-08-02T10:01:40.931Z] [LOG] [App] Kitchen module found: undefined (App.tsx?t=1785664444565:undefined)
[2026-08-02T10:01:41.709Z] [LOG] [App] Kitchen enabled: true (App.tsx?t=1785664444565:undefined)
[2026-08-02T10:01:41.714Z] [LOG] [App] All modules:  (App.tsx?t=1785664444565:undefined)
[2026-08-02T10:01:41.715Z] [LOG] [App] Kitchen module found: undefined (App.tsx?t=1785664444565:undefined)
[2026-08-02T10:01:41.719Z] [LOG] [App] Kitchen enabled: true (App.tsx?t=1785664444565:undefined)
[2026-08-02T10:01:47.767Z] [LOG] [App] All modules:  (App.tsx?t=1785664444565:undefined)
[2026-08-02T10:01:47.773Z] [LOG] [App] Kitchen module found: undefined (App.tsx?t=1785664444565:undefined)
[2026-08-02T10:01:47.774Z] [LOG] [App] Kitchen enabled: true (App.tsx?t=1785664444565:undefined)
[2026-08-02T10:01:47.788Z] [LOG] [App] All modules:  (App.tsx?t=1785664444565:undefined)
[2026-08-02T10:01:47.821Z] [LOG] [App] Kitchen module found: undefined (App.tsx?t=1785664444565:undefined)
[2026-08-02T10:01:47.832Z] [LOG] [App] Kitchen enabled: true (App.tsx?t=1785664444565:undefined)
[2026-08-02T10:01:52.619Z] [LOG] [App] All modules:  (App.tsx?t=1785664444565:undefined)
[2026-08-02T10:01:52.620Z] [LOG] [App] Kitchen module found: undefined (App.tsx?t=1785664444565:undefined)
[2026-08-02T10:01:52.628Z] [LOG] [App] Kitchen enabled: true (App.tsx?t=1785664444565:undefined)
[2026-08-02T10:01:52.634Z] [LOG] [App] All modules:  (App.tsx?t=1785664444565:undefined)
[2026-08-02T10:01:52.635Z] [LOG] [App] Kitchen module found: undefined (App.tsx?t=1785664444565:undefined)
[2026-08-02T10:01:52.637Z] [LOG] [App] Kitchen enabled: true (App.tsx?t=1785664444565:undefined)
[2026-08-02T10:03:35.612Z] [DEBUG] [vite] connecting... (client:undefined)
[2026-08-02T10:03:36.436Z] [DEBUG] [vite] connected. (client:undefined)
[2026-08-02T10:03:37.545Z] [INFO] %cDownload the React DevTools for a better development experience: https://react.dev/link/react-devtools font-weight:bold (react-dom_client.js?v=40766d9c:undefined)
[2026-08-02T10:03:38.088Z] [LOG] [App] All modules: [object Object] (App.tsx?t=1785664444565:undefined)
[2026-08-02T10:03:38.089Z] [LOG] [App] Kitchen module found: [object Object] (App.tsx?t=1785664444565:undefined)
[2026-08-02T10:03:38.092Z] [LOG] [App] Kitchen enabled: false (App.tsx?t=1785664444565:undefined)
[2026-08-02T10:03:38.104Z] [LOG] [App] All modules: [object Object] (App.tsx?t=1785664444565:undefined)
[2026-08-02T10:03:38.105Z] [LOG] [App] Kitchen module found: [object Object] (App.tsx?t=1785664444565:undefined)
[2026-08-02T10:03:38.109Z] [LOG] [App] Kitchen enabled: false (App.tsx?t=1785664444565:undefined)
[2026-08-02T10:03:39.824Z] [LOG] [App] All modules:  (App.tsx?t=1785664444565:undefined)
[2026-08-02T10:03:39.862Z] [LOG] [App] Kitchen module found: undefined (App.tsx?t=1785664444565:undefined)
[2026-08-02T10:03:39.888Z] [LOG] [App] Kitchen enabled: true (App.tsx?t=1785664444565:undefined)
[2026-08-02T10:03:39.900Z] [LOG] [App] All modules:  (App.tsx?t=1785664444565:undefined)
[2026-08-02T10:03:39.907Z] [LOG] [App] Kitchen module found: undefined (App.tsx?t=1785664444565:undefined)
[2026-08-02T10:03:39.950Z] [LOG] [App] Kitchen enabled: true (App.tsx?t=1785664444565:undefined)
[2026-08-02T10:03:50.834Z] [LOG] [App] All modules:  (App.tsx?t=1785664444565:undefined)
[2026-08-02T10:03:50.835Z] [LOG] [App] Kitchen module found: undefined (App.tsx?t=1785664444565:undefined)
[2026-08-02T10:03:50.852Z] [LOG] [App] Kitchen enabled: true (App.tsx?t=1785664444565:undefined)
[2026-08-02T10:03:50.868Z] [LOG] [App] All modules:  (App.tsx?t=1785664444565:undefined)
[2026-08-02T10:03:51.066Z] [LOG] [App] Kitchen module found: undefined (App.tsx?t=1785664444565:undefined)
[2026-08-02T10:03:51.067Z] [LOG] [App] Kitchen enabled: true (App.tsx?t=1785664444565:undefined)
[2026-08-02T10:03:55.679Z] [LOG] [App] All modules:  (App.tsx?t=1785664444565:undefined)
[2026-08-02T10:03:55.682Z] [LOG] [App] Kitchen module found: undefined (App.tsx?t=1785664444565:undefined)
[2026-08-02T10:03:55.686Z] [LOG] [App] Kitchen enabled: true (App.tsx?t=1785664444565:undefined)
[2026-08-02T10:03:55.705Z] [LOG] [App] All modules:  (App.tsx?t=1785664444565:undefined)
[2026-08-02T10:03:55.706Z] [LOG] [App] Kitchen module found: undefined (App.tsx?t=1785664444565:undefined)
[2026-08-02T10:03:55.718Z] [LOG] [App] Kitchen enabled: true (App.tsx?t=1785664444565:undefined)
[2026-08-02T10:07:51.380Z] [LOG] [App] All modules:  (App.tsx?t=1785664444565:undefined)
[2026-08-02T10:07:51.381Z] [LOG] [App] Kitchen module found: undefined (App.tsx?t=1785664444565:undefined)
[2026-08-02T10:07:51.387Z] [LOG] [App] Kitchen enabled: true (App.tsx?t=1785664444565:undefined)
[2026-08-02T10:07:51.394Z] [LOG] [App] All modules:  (App.tsx?t=1785664444565:undefined)
[2026-08-02T10:07:51.396Z] [LOG] [App] Kitchen module found: undefined (App.tsx?t=1785664444565:undefined)
[2026-08-02T10:07:51.401Z] [LOG] [App] Kitchen enabled: true (App.tsx?t=1785664444565:undefined)
[2026-08-02T10:08:12.416Z] [DEBUG] [vite] connecting... (client:undefined)
[2026-08-02T10:08:14.873Z] [DEBUG] [vite] connected. (client:undefined)
[2026-08-02T10:08:15.710Z] [INFO] %cDownload the React DevTools for a better development experience: https://react.dev/link/react-devtools font-weight:bold (react-dom_client.js?v=40766d9c:undefined)
[2026-08-02T10:08:16.742Z] [LOG] [App] All modules: [object Object] (App.tsx?t=1785664444565:undefined)
[2026-08-02T10:08:16.748Z] [LOG] [App] Kitchen module found: [object Object] (App.tsx?t=1785664444565:undefined)
[2026-08-02T10:08:16.779Z] [LOG] [App] Kitchen enabled: false (App.tsx?t=1785664444565:undefined)
[2026-08-02T10:08:16.793Z] [LOG] [App] All modules: [object Object] (App.tsx?t=1785664444565:undefined)
[2026-08-02T10:08:16.807Z] [LOG] [App] Kitchen module found: [object Object] (App.tsx?t=1785664444565:undefined)
[2026-08-02T10:08:16.812Z] [LOG] [App] Kitchen enabled: false (App.tsx?t=1785664444565:undefined)
[2026-08-02T10:08:18.764Z] [LOG] [App] All modules: [object Object] (App.tsx?t=1785664444565:undefined)
[2026-08-02T10:08:18.792Z] [LOG] [App] Kitchen module found: [object Object] (App.tsx?t=1785664444565:undefined)
[2026-08-02T10:08:18.822Z] [LOG] [App] Kitchen enabled: false (App.tsx?t=1785664444565:undefined)
[2026-08-02T10:08:18.834Z] [LOG] [App] All modules: [object Object] (App.tsx?t=1785664444565:undefined)
[2026-08-02T10:08:18.905Z] [LOG] [App] Kitchen module found: [object Object] (App.tsx?t=1785664444565:undefined)
[2026-08-02T10:08:18.968Z] [LOG] [App] Kitchen enabled: false (App.tsx?t=1785664444565:undefined)
[2026-08-02T10:08:19.297Z] [LOG] [App] All modules: [object Object] (App.tsx?t=1785664444565:undefined)
[2026-08-02T10:08:19.338Z] [LOG] [App] Kitchen module found: [object Object] (App.tsx?t=1785664444565:undefined)
[2026-08-02T10:08:19.381Z] [LOG] [App] Kitchen enabled: false (App.tsx?t=1785664444565:undefined)
[2026-08-02T10:08:19.392Z] [LOG] [App] All modules: [object Object] (App.tsx?t=1785664444565:undefined)
[2026-08-02T10:08:19.406Z] [LOG] [App] Kitchen module found: [object Object] (App.tsx?t=1785664444565:undefined)
[2026-08-02T10:08:19.412Z] [LOG] [App] Kitchen enabled: false (App.tsx?t=1785664444565:undefined)
[2026-08-02T10:08:19.707Z] [LOG] [App] All modules: [object Object] (App.tsx?t=1785664444565:undefined)
[2026-08-02T10:08:19.772Z] [LOG] [App] Kitchen module found: [object Object] (App.tsx?t=1785664444565:undefined)
[2026-08-02T10:08:19.803Z] [LOG] [App] Kitchen enabled: false (App.tsx?t=1785664444565:undefined)
[2026-08-02T10:08:19.827Z] [LOG] [App] All modules: [object Object] (App.tsx?t=1785664444565:undefined)
[2026-08-02T10:08:19.855Z] [LOG] [App] Kitchen module found: [object Object] (App.tsx?t=1785664444565:undefined)
[2026-08-02T10:08:19.876Z] [LOG] [App] Kitchen enabled: false (App.tsx?t=1785664444565:undefined)
[2026-08-02T10:08:19.939Z] [LOG] [App] All modules: [object Object] (App.tsx?t=1785664444565:undefined)
[2026-08-02T10:08:19.961Z] [LOG] [App] Kitchen module found: [object Object] (App.tsx?t=1785664444565:undefined)
[2026-08-02T10:08:20.025Z] [LOG] [App] Kitchen enabled: false (App.tsx?t=1785664444565:undefined)
[2026-08-02T10:08:20.046Z] [LOG] [App] All modules: [object Object] (App.tsx?t=1785664444565:undefined)
[2026-08-02T10:08:20.114Z] [LOG] [App] Kitchen module found: [object Object] (App.tsx?t=1785664444565:undefined)
[2026-08-02T10:08:20.257Z] [LOG] [App] Kitchen enabled: false (App.tsx?t=1785664444565:undefined)
[2026-08-02T10:08:21.074Z] [LOG] [App] All modules: [object Object] (App.tsx?t=1785664444565:undefined)
[2026-08-02T10:08:21.130Z] [LOG] [App] Kitchen module found: [object Object] (App.tsx?t=1785664444565:undefined)
[2026-08-02T10:08:21.181Z] [LOG] [App] Kitchen enabled: false (App.tsx?t=1785664444565:undefined)
[2026-08-02T10:08:21.259Z] [LOG] [App] All modules: [object Object] (App.tsx?t=1785664444565:undefined)
[2026-08-02T10:08:21.311Z] [LOG] [App] Kitchen module found: [object Object] (App.tsx?t=1785664444565:undefined)
[2026-08-02T10:08:21.332Z] [LOG] [App] Kitchen enabled: false (App.tsx?t=1785664444565:undefined)
[2026-08-02T10:08:21.371Z] [LOG] [App] All modules: [object Object] (App.tsx?t=1785664444565:undefined)
[2026-08-02T10:08:21.382Z] [LOG] [App] Kitchen module found: [object Object] (App.tsx?t=1785664444565:undefined)
[2026-08-02T10:08:21.417Z] [LOG] [App] Kitchen enabled: false (App.tsx?t=1785664444565:undefined)
[2026-08-02T10:08:21.452Z] [LOG] [App] All modules: [object Object] (App.tsx?t=1785664444565:undefined)
[2026-08-02T10:08:21.468Z] [LOG] [App] Kitchen module found: [object Object] (App.tsx?t=1785664444565:undefined)
[2026-08-02T10:08:21.486Z] [LOG] [App] Kitchen enabled: false (App.tsx?t=1785664444565:undefined)
[2026-08-02T10:08:21.557Z] [LOG] [App] All modules: [object Object] (App.tsx?t=1785664444565:undefined)
[2026-08-02T10:08:21.564Z] [LOG] [App] Kitchen module found: [object Object] (App.tsx?t=1785664444565:undefined)
[2026-08-02T10:08:21.576Z] [LOG] [App] Kitchen enabled: false (App.tsx?t=1785664444565:undefined)
[2026-08-02T10:08:21.586Z] [LOG] [App] All modules: [object Object] (App.tsx?t=1785664444565:undefined)
[2026-08-02T10:08:21.589Z] [LOG] [App] Kitchen module found: [object Object] (App.tsx?t=1785664444565:undefined)
[2026-08-02T10:08:21.603Z] [LOG] [App] Kitchen enabled: false (App.tsx?t=1785664444565:undefined)
[2026-08-02T10:08:21.666Z] [LOG] [App] All modules: [object Object] (App.tsx?t=1785664444565:undefined)
[2026-08-02T10:08:21.715Z] [LOG] [App] Kitchen module found: [object Object] (App.tsx?t=1785664444565:undefined)
[2026-08-02T10:08:21.756Z] [LOG] [App] Kitchen enabled: false (App.tsx?t=1785664444565:undefined)
[2026-08-02T10:08:21.849Z] [LOG] [App] All modules: [object Object] (App.tsx?t=1785664444565:undefined)
[2026-08-02T10:08:21.877Z] [LOG] [App] Kitchen module found: [object Object] (App.tsx?t=1785664444565:undefined)
[2026-08-02T10:08:21.894Z] [LOG] [App] Kitchen enabled: false (App.tsx?t=1785664444565:undefined)
[2026-08-02T10:08:21.940Z] [LOG] [App] All modules: [object Object] (App.tsx?t=1785664444565:undefined)
[2026-08-02T10:08:21.948Z] [LOG] [App] Kitchen module found: [object Object] (App.tsx?t=1785664444565:undefined)
[2026-08-02T10:08:21.992Z] [LOG] [App] Kitchen enabled: false (App.tsx?t=1785664444565:undefined)
[2026-08-02T10:08:22.025Z] [LOG] [App] All modules: [object Object] (App.tsx?t=1785664444565:undefined)
[2026-08-02T10:08:22.033Z] [LOG] [App] Kitchen module found: [object Object] (App.tsx?t=1785664444565:undefined)
[2026-08-02T10:08:22.048Z] [LOG] [App] Kitchen enabled: false (App.tsx?t=1785664444565:undefined)
[2026-08-02T10:08:22.083Z] [LOG] [App] All modules: [object Object] (App.tsx?t=1785664444565:undefined)
[2026-08-02T10:08:22.091Z] [LOG] [App] Kitchen module found: [object Object] (App.tsx?t=1785664444565:undefined)
[2026-08-02T10:08:22.098Z] [LOG] [App] Kitchen enabled: false (App.tsx?t=1785664444565:undefined)
[2026-08-02T10:08:22.103Z] [LOG] [App] All modules: [object Object] (App.tsx?t=1785664444565:undefined)
[2026-08-02T10:08:22.107Z] [LOG] [App] Kitchen module found: [object Object] (App.tsx?t=1785664444565:undefined)
[2026-08-02T10:08:22.119Z] [LOG] [App] Kitchen enabled: false (App.tsx?t=1785664444565:undefined)
[2026-08-02T10:08:22.161Z] [LOG] [App] All modules: [object Object] (App.tsx?t=1785664444565:undefined)
[2026-08-02T10:08:22.164Z] [LOG] [App] Kitchen module found: [object Object] (App.tsx?t=1785664444565:undefined)
[2026-08-02T10:08:22.178Z] [LOG] [App] Kitchen enabled: false (App.tsx?t=1785664444565:undefined)
[2026-08-02T10:08:22.195Z] [LOG] [App] All modules: [object Object] (App.tsx?t=1785664444565:undefined)
[2026-08-02T10:08:22.208Z] [LOG] [App] Kitchen module found: [object Object] (App.tsx?t=1785664444565:undefined)
[2026-08-02T10:08:22.211Z] [LOG] [App] Kitchen enabled: false (App.tsx?t=1785664444565:undefined)
[2026-08-02T10:08:22.265Z] [LOG] [App] All modules: [object Object] (App.tsx?t=1785664444565:undefined)
[2026-08-02T10:08:22.269Z] [LOG] [App] Kitchen module found: [object Object] (App.tsx?t=1785664444565:undefined)
[2026-08-02T10:08:22.273Z] [LOG] [App] Kitchen enabled: false (App.tsx?t=1785664444565:undefined)
[2026-08-02T10:08:22.284Z] [LOG] [App] All modules: [object Object] (App.tsx?t=1785664444565:undefined)
[2026-08-02T10:08:22.294Z] [LOG] [App] Kitchen module found: [object Object] (App.tsx?t=1785664444565:undefined)
[2026-08-02T10:08:22.297Z] [LOG] [App] Kitchen enabled: false (App.tsx?t=1785664444565:undefined)
[2026-08-02T10:08:22.342Z] [LOG] [App] All modules: [object Object] (App.tsx?t=1785664444565:undefined)
[2026-08-02T10:08:22.349Z] [LOG] [App] Kitchen module found: [object Object] (App.tsx?t=1785664444565:undefined)
[2026-08-02T10:08:22.357Z] [LOG] [App] Kitchen enabled: false (App.tsx?t=1785664444565:undefined)
[2026-08-02T10:08:22.372Z] [LOG] [App] All modules: [object Object] (App.tsx?t=1785664444565:undefined)
[2026-08-02T10:08:22.390Z] [LOG] [App] Kitchen module found: [object Object] (App.tsx?t=1785664444565:undefined)
[2026-08-02T10:08:22.444Z] [LOG] [App] Kitchen enabled: false (App.tsx?t=1785664444565:undefined)
[2026-08-02T10:08:22.466Z] [LOG] [App] All modules: [object Object] (App.tsx?t=1785664444565:undefined)
[2026-08-02T10:08:22.481Z] [LOG] [App] Kitchen module found: [object Object] (App.tsx?t=1785664444565:undefined)
[2026-08-02T10:08:22.504Z] [LOG] [App] Kitchen enabled: false (App.tsx?t=1785664444565:undefined)
[2026-08-02T10:08:22.538Z] [LOG] [App] All modules: [object Object] (App.tsx?t=1785664444565:undefined)
[2026-08-02T10:08:22.631Z] [LOG] [App] Kitchen module found: [object Object] (App.tsx?t=1785664444565:undefined)
[2026-08-02T10:08:22.670Z] [LOG] [App] Kitchen enabled: false (App.tsx?t=1785664444565:undefined)
[2026-08-02T10:08:22.718Z] [LOG] [App] All modules: [object Object] (App.tsx?t=1785664444565:undefined)
[2026-08-02T10:08:22.728Z] [LOG] [App] Kitchen module found: [object Object] (App.tsx?t=1785664444565:undefined)
[2026-08-02T10:08:22.748Z] [LOG] [App] Kitchen enabled: false (App.tsx?t=1785664444565:undefined)
[2026-08-02T10:08:22.756Z] [LOG] [App] All modules: [object Object] (App.tsx?t=1785664444565:undefined)
[2026-08-02T10:08:22.762Z] [LOG] [App] Kitchen module found: [object Object] (App.tsx?t=1785664444565:undefined)
[2026-08-02T10:08:22.771Z] [LOG] [App] Kitchen enabled: false (App.tsx?t=1785664444565:undefined)
[2026-08-02T10:08:22.793Z] [LOG] [App] All modules: [object Object] (App.tsx?t=1785664444565:undefined)
[2026-08-02T10:08:22.798Z] [LOG] [App] Kitchen module found: [object Object] (App.tsx?t=1785664444565:undefined)
[2026-08-02T10:08:22.814Z] [LOG] [App] Kitchen enabled: false (App.tsx?t=1785664444565:undefined)
[2026-08-02T10:08:22.822Z] [LOG] [App] All modules: [object Object] (App.tsx?t=1785664444565:undefined)
[2026-08-02T10:08:22.836Z] [LOG] [App] Kitchen module found: [object Object] (App.tsx?t=1785664444565:undefined)
[2026-08-02T10:08:22.849Z] [LOG] [App] Kitchen enabled: false (App.tsx?t=1785664444565:undefined)
[2026-08-02T10:08:22.872Z] [LOG] [App] All modules: [object Object] (App.tsx?t=1785664444565:undefined)
[2026-08-02T10:08:22.879Z] [LOG] [App] Kitchen module found: [object Object] (App.tsx?t=1785664444565:undefined)
[2026-08-02T10:08:22.883Z] [LOG] [App] Kitchen enabled: false (App.tsx?t=1785664444565:undefined)
[2026-08-02T10:08:22.890Z] [LOG] [App] All modules: [object Object] (App.tsx?t=1785664444565:undefined)
[2026-08-02T10:08:22.894Z] [LOG] [App] Kitchen module found: [object Object] (App.tsx?t=1785664444565:undefined)
[2026-08-02T10:08:22.900Z] [LOG] [App] Kitchen enabled: false (App.tsx?t=1785664444565:undefined)
[2026-08-02T10:08:22.930Z] [LOG] [App] All modules: [object Object] (App.tsx?t=1785664444565:undefined)
[2026-08-02T10:08:22.933Z] [LOG] [App] Kitchen module found: [object Object] (App.tsx?t=1785664444565:undefined)
[2026-08-02T10:08:22.940Z] [LOG] [App] Kitchen enabled: false (App.tsx?t=1785664444565:undefined)
[2026-08-02T10:08:22.947Z] [LOG] [App] All modules: [object Object] (App.tsx?t=1785664444565:undefined)
[2026-08-02T10:08:22.954Z] [LOG] [App] Kitchen module found: [object Object] (App.tsx?t=1785664444565:undefined)
[2026-08-02T10:08:22.965Z] [LOG] [App] Kitchen enabled: false (App.tsx?t=1785664444565:undefined)
[2026-08-02T10:08:23.057Z] [LOG] [App] All modules: [object Object] (App.tsx?t=1785664444565:undefined)
[2026-08-02T10:08:23.065Z] [LOG] [App] Kitchen module found: [object Object] (App.tsx?t=1785664444565:undefined)
[2026-08-02T10:08:23.073Z] [LOG] [App] Kitchen enabled: false (App.tsx?t=1785664444565:undefined)
[2026-08-02T10:08:23.076Z] [LOG] [App] All modules: [object Object] (App.tsx?t=1785664444565:undefined)
[2026-08-02T10:08:23.079Z] [LOG] [App] Kitchen module found: [object Object] (App.tsx?t=1785664444565:undefined)
[2026-08-02T10:08:23.083Z] [LOG] [App] Kitchen enabled: false (App.tsx?t=1785664444565:undefined)
[2026-08-02T10:08:24.344Z] [LOG] [App] All modules: [object Object] (App.tsx?t=1785664444565:undefined)
[2026-08-02T10:08:24.346Z] [LOG] [App] Kitchen module found: [object Object] (App.tsx?t=1785664444565:undefined)
[2026-08-02T10:08:24.357Z] [LOG] [App] Kitchen enabled: false (App.tsx?t=1785664444565:undefined)
[2026-08-02T10:08:24.363Z] [LOG] [App] All modules: [object Object] (App.tsx?t=1785664444565:undefined)
[2026-08-02T10:08:24.367Z] [LOG] [App] Kitchen module found: [object Object] (App.tsx?t=1785664444565:undefined)
[2026-08-02T10:08:24.376Z] [LOG] [App] Kitchen enabled: false (App.tsx?t=1785664444565:undefined)
[2026-08-02T10:08:24.492Z] [LOG] [App] All modules: [object Object] (App.tsx?t=1785664444565:undefined)
[2026-08-02T10:08:24.497Z] [LOG] [App] Kitchen module found: [object Object] (App.tsx?t=1785664444565:undefined)
[2026-08-02T10:08:24.512Z] [LOG] [App] Kitchen enabled: false (App.tsx?t=1785664444565:undefined)
[2026-08-02T10:08:24.524Z] [LOG] [App] All modules: [object Object] (App.tsx?t=1785664444565:undefined)
[2026-08-02T10:08:24.527Z] [LOG] [App] Kitchen module found: [object Object] (App.tsx?t=1785664444565:undefined)
[2026-08-02T10:08:24.547Z] [LOG] [App] Kitchen enabled: false (App.tsx?t=1785664444565:undefined)
[2026-08-02T10:08:26.261Z] [LOG] [App] All modules: [object Object] (App.tsx?t=1785664444565:undefined)
[2026-08-02T10:08:26.315Z] [LOG] [App] Kitchen module found: [object Object] (App.tsx?t=1785664444565:undefined)
[2026-08-02T10:08:26.383Z] [LOG] [App] Kitchen enabled: false (App.tsx?t=1785664444565:undefined)
[2026-08-02T10:08:26.433Z] [LOG] [App] All modules: [object Object] (App.tsx?t=1785664444565:undefined)
[2026-08-02T10:08:26.484Z] [LOG] [App] Kitchen module found: [object Object] (App.tsx?t=1785664444565:undefined)
[2026-08-02T10:08:26.575Z] [LOG] [App] Kitchen enabled: false (App.tsx?t=1785664444565:undefined)
[2026-08-02T10:08:26.636Z] [LOG] [App] All modules: [object Object] (App.tsx?t=1785664444565:undefined)
[2026-08-02T10:08:26.682Z] [LOG] [App] Kitchen module found: [object Object] (App.tsx?t=1785664444565:undefined)
[2026-08-02T10:08:26.696Z] [LOG] [App] Kitchen enabled: false (App.tsx?t=1785664444565:undefined)
[2026-08-02T10:08:26.717Z] [LOG] [App] All modules: [object Object] (App.tsx?t=1785664444565:undefined)
[2026-08-02T10:08:26.727Z] [LOG] [App] Kitchen module found: [object Object] (App.tsx?t=1785664444565:undefined)
[2026-08-02T10:08:26.746Z] [LOG] [App] Kitchen enabled: false (App.tsx?t=1785664444565:undefined)
[2026-08-02T10:08:28.077Z] [LOG] [App] All modules: [object Object] (App.tsx?t=1785664444565:undefined)
[2026-08-02T10:08:28.080Z] [LOG] [App] Kitchen module found: [object Object] (App.tsx?t=1785664444565:undefined)
[2026-08-02T10:08:28.092Z] [LOG] [App] Kitchen enabled: false (App.tsx?t=1785664444565:undefined)
[2026-08-02T10:08:28.106Z] [LOG] [App] All modules: [object Object] (App.tsx?t=1785664444565:undefined)
[2026-08-02T10:08:28.115Z] [LOG] [App] Kitchen module found: [object Object] (App.tsx?t=1785664444565:undefined)
[2026-08-02T10:08:28.124Z] [LOG] [App] Kitchen enabled: false (App.tsx?t=1785664444565:undefined)
[2026-08-02T10:08:28.195Z] [LOG] [App] All modules: [object Object] (App.tsx?t=1785664444565:undefined)
[2026-08-02T10:08:28.212Z] [LOG] [App] Kitchen module found: [object Object] (App.tsx?t=1785664444565:undefined)
[2026-08-02T10:08:28.229Z] [LOG] [App] Kitchen enabled: false (App.tsx?t=1785664444565:undefined)
[2026-08-02T10:08:28.241Z] [LOG] [App] All modules: [object Object] (App.tsx?t=1785664444565:undefined)
[2026-08-02T10:08:28.244Z] [LOG] [App] Kitchen module found: [object Object] (App.tsx?t=1785664444565:undefined)
[2026-08-02T10:08:28.249Z] [LOG] [App] Kitchen enabled: false (App.tsx?t=1785664444565:undefined)
[2026-08-02T10:08:29.068Z] [LOG] [App] All modules: [object Object] (App.tsx?t=1785664444565:undefined)
[2026-08-02T10:08:29.082Z] [LOG] [App] Kitchen module found: [object Object] (App.tsx?t=1785664444565:undefined)
[2026-08-02T10:08:29.092Z] [LOG] [App] Kitchen enabled: false (App.tsx?t=1785664444565:undefined)
[2026-08-02T10:08:29.098Z] [LOG] [App] All modules: [object Object] (App.tsx?t=1785664444565:undefined)
[2026-08-02T10:08:29.103Z] [LOG] [App] Kitchen module found: [object Object] (App.tsx?t=1785664444565:undefined)
[2026-08-02T10:08:29.106Z] [LOG] [App] Kitchen enabled: false (App.tsx?t=1785664444565:undefined)
[2026-08-02T10:08:29.215Z] [LOG] [App] All modules: [object Object] (App.tsx?t=1785664444565:undefined)
[2026-08-02T10:08:29.274Z] [LOG] [App] Kitchen module found: [object Object] (App.tsx?t=1785664444565:undefined)
[2026-08-02T10:08:29.295Z] [LOG] [App] Kitchen enabled: false (App.tsx?t=1785664444565:undefined)
[2026-08-02T10:08:29.314Z] [LOG] [App] All modules: [object Object] (App.tsx?t=1785664444565:undefined)
[2026-08-02T10:08:29.330Z] [LOG] [App] Kitchen module found: [object Object] (App.tsx?t=1785664444565:undefined)
[2026-08-02T10:08:29.360Z] [LOG] [App] Kitchen enabled: false (App.tsx?t=1785664444565:undefined)
[2026-08-02T10:08:40.134Z] [LOG] [App] All modules: [object Object] (App.tsx?t=1785664444565:undefined)
[2026-08-02T10:08:40.135Z] [LOG] [App] Kitchen module found: [object Object] (App.tsx?t=1785664444565:undefined)
[2026-08-02T10:08:40.139Z] [LOG] [App] Kitchen enabled: false (App.tsx?t=1785664444565:undefined)
[2026-08-02T10:08:40.147Z] [LOG] [App] All modules: [object Object] (App.tsx?t=1785664444565:undefined)
[2026-08-02T10:08:40.154Z] [LOG] [App] Kitchen module found: [object Object] (App.tsx?t=1785664444565:undefined)
[2026-08-02T10:08:40.162Z] [LOG] [App] Kitchen enabled: false (App.tsx?t=1785664444565:undefined)
[2026-08-02T10:08:40.862Z] [LOG] [App] All modules: [object Object] (App.tsx?t=1785664444565:undefined)
[2026-08-02T10:08:40.863Z] [LOG] [App] Kitchen module found: [object Object] (App.tsx?t=1785664444565:undefined)
[2026-08-02T10:08:40.867Z] [LOG] [App] Kitchen enabled: false (App.tsx?t=1785664444565:undefined)
[2026-08-02T10:08:40.872Z] [LOG] [App] All modules: [object Object] (App.tsx?t=1785664444565:undefined)
[2026-08-02T10:08:40.876Z] [LOG] [App] Kitchen module found: [object Object] (App.tsx?t=1785664444565:undefined)
[2026-08-02T10:08:40.884Z] [LOG] [App] Kitchen enabled: false (App.tsx?t=1785664444565:undefined)
[2026-08-02T10:09:09.195Z] [LOG] [App] All modules: [object Object] (App.tsx?t=1785664444565:undefined)
[2026-08-02T10:09:09.196Z] [LOG] [App] Kitchen module found: [object Object] (App.tsx?t=1785664444565:undefined)
[2026-08-02T10:09:09.202Z] [LOG] [App] Kitchen enabled: false (App.tsx?t=1785664444565:undefined)
[2026-08-02T10:09:09.206Z] [LOG] [App] All modules: [object Object] (App.tsx?t=1785664444565:undefined)
[2026-08-02T10:09:09.209Z] [LOG] [App] Kitchen module found: [object Object] (App.tsx?t=1785664444565:undefined)
[2026-08-02T10:09:09.212Z] [LOG] [App] Kitchen enabled: false (App.tsx?t=1785664444565:undefined)
[2026-08-02T10:09:14.364Z] [DEBUG] [vite] connecting... (client:undefined)
[2026-08-02T10:09:18.262Z] [DEBUG] [vite] connected. (client:undefined)
[2026-08-02T10:09:18.475Z] [INFO] %cDownload the React DevTools for a better development experience: https://react.dev/link/react-devtools font-weight:bold (react-dom_client.js?v=40766d9c:undefined)
[2026-08-02T10:09:18.609Z] [LOG] [App] All modules: [object Object] (App.tsx?t=1785664444565:undefined)
[2026-08-02T10:09:18.610Z] [LOG] [App] Kitchen module found: [object Object] (App.tsx?t=1785664444565:undefined)
[2026-08-02T10:09:18.617Z] [LOG] [App] Kitchen enabled: false (App.tsx?t=1785664444565:undefined)
[2026-08-02T10:09:18.633Z] [LOG] [App] All modules: [object Object] (App.tsx?t=1785664444565:undefined)
[2026-08-02T10:09:18.636Z] [LOG] [App] Kitchen module found: [object Object] (App.tsx?t=1785664444565:undefined)
[2026-08-02T10:09:18.646Z] [LOG] [App] Kitchen enabled: false (App.tsx?t=1785664444565:undefined)
[2026-08-02T10:09:19.695Z] [LOG] [App] All modules: [object Object] (App.tsx?t=1785664444565:undefined)
[2026-08-02T10:09:19.701Z] [LOG] [App] Kitchen module found: [object Object] (App.tsx?t=1785664444565:undefined)
[2026-08-02T10:09:19.708Z] [LOG] [App] Kitchen enabled: false (App.tsx?t=1785664444565:undefined)
[2026-08-02T10:09:19.715Z] [LOG] [App] All modules: [object Object] (App.tsx?t=1785664444565:undefined)
[2026-08-02T10:09:19.720Z] [LOG] [App] Kitchen module found: [object Object] (App.tsx?t=1785664444565:undefined)
[2026-08-02T10:09:19.731Z] [LOG] [App] Kitchen enabled: false (App.tsx?t=1785664444565:undefined)
[2026-08-02T10:09:19.817Z] [LOG] [App] All modules: [object Object] (App.tsx?t=1785664444565:undefined)
[2026-08-02T10:09:19.828Z] [LOG] [App] Kitchen module found: [object Object] (App.tsx?t=1785664444565:undefined)
[2026-08-02T10:09:19.833Z] [LOG] [App] Kitchen enabled: false (App.tsx?t=1785664444565:undefined)
[2026-08-02T10:09:19.851Z] [LOG] [App] All modules: [object Object] (App.tsx?t=1785664444565:undefined)
[2026-08-02T10:09:19.859Z] [LOG] [App] Kitchen module found: [object Object] (App.tsx?t=1785664444565:undefined)
[2026-08-02T10:09:19.875Z] [LOG] [App] Kitchen enabled: false (App.tsx?t=1785664444565:undefined)
[2026-08-02T10:09:19.967Z] [LOG] [App] All modules: [object Object] (App.tsx?t=1785664444565:undefined)
[2026-08-02T10:09:19.990Z] [LOG] [App] Kitchen module found: [object Object] (App.tsx?t=1785664444565:undefined)
[2026-08-02T10:09:19.999Z] [LOG] [App] Kitchen enabled: false (App.tsx?t=1785664444565:undefined)
[2026-08-02T10:09:20.005Z] [LOG] [App] All modules: [object Object] (App.tsx?t=1785664444565:undefined)
[2026-08-02T10:09:20.015Z] [LOG] [App] Kitchen module found: [object Object] (App.tsx?t=1785664444565:undefined)
[2026-08-02T10:09:20.024Z] [LOG] [App] Kitchen enabled: false (App.tsx?t=1785664444565:undefined)
[2026-08-02T10:09:20.106Z] [LOG] [App] All modules: [object Object] (App.tsx?t=1785664444565:undefined)
[2026-08-02T10:09:20.110Z] [LOG] [App] Kitchen module found: [object Object] (App.tsx?t=1785664444565:undefined)
[2026-08-02T10:09:20.117Z] [LOG] [App] Kitchen enabled: false (App.tsx?t=1785664444565:undefined)
[2026-08-02T10:09:20.123Z] [LOG] [App] All modules: [object Object] (App.tsx?t=1785664444565:undefined)
[2026-08-02T10:09:20.127Z] [LOG] [App] Kitchen module found: [object Object] (App.tsx?t=1785664444565:undefined)
[2026-08-02T10:09:20.133Z] [LOG] [App] Kitchen enabled: false (App.tsx?t=1785664444565:undefined)
[2026-08-02T10:09:20.162Z] [LOG] [App] All modules: [object Object] (App.tsx?t=1785664444565:undefined)
[2026-08-02T10:09:20.166Z] [LOG] [App] Kitchen module found: [object Object] (App.tsx?t=1785664444565:undefined)
[2026-08-02T10:09:20.169Z] [LOG] [App] Kitchen enabled: false (App.tsx?t=1785664444565:undefined)
[2026-08-02T10:09:20.178Z] [LOG] [App] All modules: [object Object] (App.tsx?t=1785664444565:undefined)
[2026-08-02T10:09:20.186Z] [LOG] [App] Kitchen module found: [object Object] (App.tsx?t=1785664444565:undefined)
[2026-08-02T10:09:20.194Z] [LOG] [App] Kitchen enabled: false (App.tsx?t=1785664444565:undefined)
[2026-08-02T10:09:20.213Z] [LOG] [App] All modules: [object Object] (App.tsx?t=1785664444565:undefined)
[2026-08-02T10:09:20.243Z] [LOG] [App] Kitchen module found: [object Object] (App.tsx?t=1785664444565:undefined)
[2026-08-02T10:09:20.274Z] [LOG] [App] Kitchen enabled: false (App.tsx?t=1785664444565:undefined)
[2026-08-02T10:09:20.288Z] [LOG] [App] All modules: [object Object] (App.tsx?t=1785664444565:undefined)
[2026-08-02T10:09:20.304Z] [LOG] [App] Kitchen module found: [object Object] (App.tsx?t=1785664444565:undefined)
[2026-08-02T10:09:20.308Z] [LOG] [App] Kitchen enabled: false (App.tsx?t=1785664444565:undefined)
[2026-08-02T10:09:20.374Z] [LOG] [App] All modules: [object Object] (App.tsx?t=1785664444565:undefined)
[2026-08-02T10:09:20.403Z] [LOG] [App] Kitchen module found: [object Object] (App.tsx?t=1785664444565:undefined)
[2026-08-02T10:09:20.436Z] [LOG] [App] Kitchen enabled: false (App.tsx?t=1785664444565:undefined)
[2026-08-02T10:09:20.485Z] [LOG] [App] All modules: [object Object] (App.tsx?t=1785664444565:undefined)
[2026-08-02T10:09:20.514Z] [LOG] [App] Kitchen module found: [object Object] (App.tsx?t=1785664444565:undefined)
[2026-08-02T10:09:20.543Z] [LOG] [App] Kitchen enabled: false (App.tsx?t=1785664444565:undefined)
[2026-08-02T10:09:20.761Z] [LOG] [App] All modules: [object Object] (App.tsx?t=1785664444565:undefined)
[2026-08-02T10:09:20.780Z] [LOG] [App] Kitchen module found: [object Object] (App.tsx?t=1785664444565:undefined)
[2026-08-02T10:09:20.793Z] [LOG] [App] Kitchen enabled: false (App.tsx?t=1785664444565:undefined)
[2026-08-02T10:09:20.814Z] [LOG] [App] All modules: [object Object] (App.tsx?t=1785664444565:undefined)
[2026-08-02T10:09:20.819Z] [LOG] [App] Kitchen module found: [object Object] (App.tsx?t=1785664444565:undefined)
[2026-08-02T10:09:20.832Z] [LOG] [App] Kitchen enabled: false (App.tsx?t=1785664444565:undefined)
[2026-08-02T10:09:20.875Z] [LOG] [App] All modules: [object Object] (App.tsx?t=1785664444565:undefined)
[2026-08-02T10:09:20.908Z] [LOG] [App] Kitchen module found: [object Object] (App.tsx?t=1785664444565:undefined)
[2026-08-02T10:09:20.937Z] [LOG] [App] Kitchen enabled: false (App.tsx?t=1785664444565:undefined)
[2026-08-02T10:09:20.946Z] [LOG] [App] All modules: [object Object] (App.tsx?t=1785664444565:undefined)
[2026-08-02T10:09:20.955Z] [LOG] [App] Kitchen module found: [object Object] (App.tsx?t=1785664444565:undefined)
[2026-08-02T10:09:20.962Z] [LOG] [App] Kitchen enabled: false (App.tsx?t=1785664444565:undefined)
[2026-08-02T10:09:21.005Z] [LOG] [App] All modules: [object Object] (App.tsx?t=1785664444565:undefined)
[2026-08-02T10:09:21.013Z] [LOG] [App] Kitchen module found: [object Object] (App.tsx?t=1785664444565:undefined)
[2026-08-02T10:09:21.020Z] [LOG] [App] Kitchen enabled: false (App.tsx?t=1785664444565:undefined)
[2026-08-02T10:09:21.030Z] [LOG] [App] All modules: [object Object] (App.tsx?t=1785664444565:undefined)
[2026-08-02T10:09:21.098Z] [LOG] [App] Kitchen module found: [object Object] (App.tsx?t=1785664444565:undefined)
[2026-08-02T10:09:21.108Z] [LOG] [App] Kitchen enabled: false (App.tsx?t=1785664444565:undefined)
[2026-08-02T10:09:21.145Z] [LOG] [App] All modules: [object Object] (App.tsx?t=1785664444565:undefined)
[2026-08-02T10:09:21.157Z] [LOG] [App] Kitchen module found: [object Object] (App.tsx?t=1785664444565:undefined)
[2026-08-02T10:09:21.186Z] [LOG] [App] Kitchen enabled: false (App.tsx?t=1785664444565:undefined)
[2026-08-02T10:09:21.203Z] [LOG] [App] All modules: [object Object] (App.tsx?t=1785664444565:undefined)
[2026-08-02T10:09:21.216Z] [LOG] [App] Kitchen module found: [object Object] (App.tsx?t=1785664444565:undefined)
[2026-08-02T10:09:21.237Z] [LOG] [App] Kitchen enabled: false (App.tsx?t=1785664444565:undefined)
[2026-08-02T10:09:21.287Z] [LOG] [App] All modules: [object Object] (App.tsx?t=1785664444565:undefined)
[2026-08-02T10:09:21.344Z] [LOG] [App] Kitchen module found: [object Object] (App.tsx?t=1785664444565:undefined)
[2026-08-02T10:09:21.371Z] [LOG] [App] Kitchen enabled: false (App.tsx?t=1785664444565:undefined)
[2026-08-02T10:09:21.385Z] [LOG] [App] All modules: [object Object] (App.tsx?t=1785664444565:undefined)
[2026-08-02T10:09:21.393Z] [LOG] [App] Kitchen module found: [object Object] (App.tsx?t=1785664444565:undefined)
[2026-08-02T10:09:21.403Z] [LOG] [App] Kitchen enabled: false (App.tsx?t=1785664444565:undefined)
[2026-08-02T10:09:21.481Z] [LOG] [App] All modules: [object Object] (App.tsx?t=1785664444565:undefined)
[2026-08-02T10:09:21.490Z] [LOG] [App] Kitchen module found: [object Object] (App.tsx?t=1785664444565:undefined)
[2026-08-02T10:09:21.505Z] [LOG] [App] Kitchen enabled: false (App.tsx?t=1785664444565:undefined)
[2026-08-02T10:09:21.511Z] [LOG] [App] All modules: [object Object] (App.tsx?t=1785664444565:undefined)
[2026-08-02T10:09:21.524Z] [LOG] [App] Kitchen module found: [object Object] (App.tsx?t=1785664444565:undefined)
[2026-08-02T10:09:21.533Z] [LOG] [App] Kitchen enabled: false (App.tsx?t=1785664444565:undefined)
[2026-08-02T10:09:21.563Z] [LOG] [App] All modules: [object Object] (App.tsx?t=1785664444565:undefined)
[2026-08-02T10:09:21.567Z] [LOG] [App] Kitchen module found: [object Object] (App.tsx?t=1785664444565:undefined)
[2026-08-02T10:09:21.579Z] [LOG] [App] Kitchen enabled: false (App.tsx?t=1785664444565:undefined)
[2026-08-02T10:09:21.589Z] [LOG] [App] All modules: [object Object] (App.tsx?t=1785664444565:undefined)
[2026-08-02T10:09:21.595Z] [LOG] [App] Kitchen module found: [object Object] (App.tsx?t=1785664444565:undefined)
[2026-08-02T10:09:21.602Z] [LOG] [App] Kitchen enabled: false (App.tsx?t=1785664444565:undefined)
[2026-08-02T10:09:21.627Z] [LOG] [App] All modules: [object Object] (App.tsx?t=1785664444565:undefined)
[2026-08-02T10:09:21.631Z] [LOG] [App] Kitchen module found: [object Object] (App.tsx?t=1785664444565:undefined)
[2026-08-02T10:09:21.634Z] [LOG] [App] Kitchen enabled: false (App.tsx?t=1785664444565:undefined)
[2026-08-02T10:09:21.637Z] [LOG] [App] All modules: [object Object] (App.tsx?t=1785664444565:undefined)
[2026-08-02T10:09:21.647Z] [LOG] [App] Kitchen module found: [object Object] (App.tsx?t=1785664444565:undefined)
[2026-08-02T10:09:21.654Z] [LOG] [App] Kitchen enabled: false (App.tsx?t=1785664444565:undefined)
[2026-08-02T10:09:21.666Z] [LOG] [App] All modules: [object Object] (App.tsx?t=1785664444565:undefined)
[2026-08-02T10:09:21.672Z] [LOG] [App] Kitchen module found: [object Object] (App.tsx?t=1785664444565:undefined)
[2026-08-02T10:09:21.679Z] [LOG] [App] Kitchen enabled: false (App.tsx?t=1785664444565:undefined)
[2026-08-02T10:09:21.684Z] [LOG] [App] All modules: [object Object] (App.tsx?t=1785664444565:undefined)
[2026-08-02T10:09:21.692Z] [LOG] [App] Kitchen module found: [object Object] (App.tsx?t=1785664444565:undefined)
[2026-08-02T10:09:21.698Z] [LOG] [App] Kitchen enabled: false (App.tsx?t=1785664444565:undefined)
[2026-08-02T10:09:21.729Z] [LOG] [App] All modules: [object Object] (App.tsx?t=1785664444565:undefined)
[2026-08-02T10:09:21.732Z] [LOG] [App] Kitchen module found: [object Object] (App.tsx?t=1785664444565:undefined)
[2026-08-02T10:09:21.742Z] [LOG] [App] Kitchen enabled: false (App.tsx?t=1785664444565:undefined)
[2026-08-02T10:09:21.747Z] [LOG] [App] All modules: [object Object] (App.tsx?t=1785664444565:undefined)
[2026-08-02T10:09:21.754Z] [LOG] [App] Kitchen module found: [object Object] (App.tsx?t=1785664444565:undefined)
[2026-08-02T10:09:21.759Z] [LOG] [App] Kitchen enabled: false (App.tsx?t=1785664444565:undefined)
[2026-08-02T10:09:21.775Z] [LOG] [App] All modules: [object Object] (App.tsx?t=1785664444565:undefined)
[2026-08-02T10:09:21.780Z] [LOG] [App] Kitchen module found: [object Object] (App.tsx?t=1785664444565:undefined)
[2026-08-02T10:09:21.786Z] [LOG] [App] Kitchen enabled: false (App.tsx?t=1785664444565:undefined)
[2026-08-02T10:09:21.791Z] [LOG] [App] All modules: [object Object] (App.tsx?t=1785664444565:undefined)
[2026-08-02T10:09:21.795Z] [LOG] [App] Kitchen module found: [object Object] (App.tsx?t=1785664444565:undefined)
[2026-08-02T10:09:21.805Z] [LOG] [App] Kitchen enabled: false (App.tsx?t=1785664444565:undefined)
[2026-08-02T10:10:59.489Z] [DEBUG] [vite] hot updated: /src/components/Navigation.tsx (client:undefined)
[2026-08-02T10:10:59.608Z] [DEBUG] [vite] hot updated: /src/index.css (client:undefined)
[2026-08-02T10:11:42.658Z] [DEBUG] [vite] connecting... (client:undefined)
[2026-08-02T10:11:44.940Z] [DEBUG] [vite] connected. (client:undefined)
[2026-08-02T10:11:45.819Z] [INFO] %cDownload the React DevTools for a better development experience: https://react.dev/link/react-devtools font-weight:bold (react-dom_client.js?v=40766d9c:undefined)
[2026-08-02T10:11:45.966Z] [LOG] [App] All modules: [object Object] (App.tsx?t=1785665455491:undefined)
[2026-08-02T10:11:45.971Z] [LOG] [App] Kitchen module found: [object Object] (App.tsx?t=1785665455491:undefined)
[2026-08-02T10:11:45.978Z] [LOG] [App] Kitchen enabled: false (App.tsx?t=1785665455491:undefined)
[2026-08-02T10:11:45.987Z] [LOG] [App] All modules: [object Object] (App.tsx?t=1785665455491:undefined)
[2026-08-02T10:11:45.996Z] [LOG] [App] Kitchen module found: [object Object] (App.tsx?t=1785665455491:undefined)
[2026-08-02T10:11:46.005Z] [LOG] [App] Kitchen enabled: false (App.tsx?t=1785665455491:undefined)
[2026-08-02T10:11:47.437Z] [LOG] [App] All modules: [object Object] (App.tsx?t=1785665455491:undefined)
[2026-08-02T10:11:47.448Z] [LOG] [App] Kitchen module found: [object Object] (App.tsx?t=1785665455491:undefined)
[2026-08-02T10:11:47.462Z] [LOG] [App] Kitchen enabled: false (App.tsx?t=1785665455491:undefined)
[2026-08-02T10:11:47.529Z] [LOG] [App] All modules: [object Object] (App.tsx?t=1785665455491:undefined)
[2026-08-02T10:11:47.554Z] [LOG] [App] Kitchen module found: [object Object] (App.tsx?t=1785665455491:undefined)
[2026-08-02T10:11:47.665Z] [LOG] [App] Kitchen enabled: false (App.tsx?t=1785665455491:undefined)
[2026-08-02T10:11:47.949Z] [LOG] [App] All modules: [object Object] (App.tsx?t=1785665455491:undefined)
[2026-08-02T10:11:47.981Z] [LOG] [App] Kitchen module found: [object Object] (App.tsx?t=1785665455491:undefined)
[2026-08-02T10:11:48.011Z] [LOG] [App] Kitchen enabled: false (App.tsx?t=1785665455491:undefined)
[2026-08-02T10:11:48.023Z] [LOG] [App] All modules: [object Object] (App.tsx?t=1785665455491:undefined)
[2026-08-02T10:11:48.031Z] [LOG] [App] Kitchen module found: [object Object] (App.tsx?t=1785665455491:undefined)
[2026-08-02T10:11:48.046Z] [LOG] [App] Kitchen enabled: false (App.tsx?t=1785665455491:undefined)
[2026-08-02T10:11:48.064Z] [LOG] [App] All modules: [object Object] (App.tsx?t=1785665455491:undefined)
[2026-08-02T10:11:48.067Z] [LOG] [App] Kitchen module found: [object Object] (App.tsx?t=1785665455491:undefined)
[2026-08-02T10:11:48.072Z] [LOG] [App] Kitchen enabled: false (App.tsx?t=1785665455491:undefined)
[2026-08-02T10:11:48.081Z] [LOG] [App] All modules: [object Object] (App.tsx?t=1785665455491:undefined)
[2026-08-02T10:11:48.083Z] [LOG] [App] Kitchen module found: [object Object] (App.tsx?t=1785665455491:undefined)
[2026-08-02T10:11:48.112Z] [LOG] [App] Kitchen enabled: false (App.tsx?t=1785665455491:undefined)
[2026-08-02T10:11:48.298Z] [LOG] [App] All modules: [object Object] (App.tsx?t=1785665455491:undefined)
[2026-08-02T10:11:48.317Z] [LOG] [App] Kitchen module found: [object Object] (App.tsx?t=1785665455491:undefined)
[2026-08-02T10:11:48.330Z] [LOG] [App] Kitchen enabled: false (App.tsx?t=1785665455491:undefined)
[2026-08-02T10:11:48.347Z] [LOG] [App] All modules: [object Object] (App.tsx?t=1785665455491:undefined)
[2026-08-02T10:11:48.363Z] [LOG] [App] Kitchen module found: [object Object] (App.tsx?t=1785665455491:undefined)
[2026-08-02T10:11:48.369Z] [LOG] [App] Kitchen enabled: false (App.tsx?t=1785665455491:undefined)
[2026-08-02T10:11:48.399Z] [LOG] [App] All modules: [object Object] (App.tsx?t=1785665455491:undefined)
[2026-08-02T10:11:48.484Z] [LOG] [App] Kitchen module found: [object Object] (App.tsx?t=1785665455491:undefined)
[2026-08-02T10:11:48.564Z] [LOG] [App] Kitchen enabled: false (App.tsx?t=1785665455491:undefined)
[2026-08-02T10:11:48.615Z] [LOG] [App] All modules: [object Object] (App.tsx?t=1785665455491:undefined)
[2026-08-02T10:11:48.631Z] [LOG] [App] Kitchen module found: [object Object] (App.tsx?t=1785665455491:undefined)
[2026-08-02T10:11:48.643Z] [LOG] [App] Kitchen enabled: false (App.tsx?t=1785665455491:undefined)
[2026-08-02T10:11:48.800Z] [LOG] [App] All modules: [object Object] (App.tsx?t=1785665455491:undefined)
[2026-08-02T10:11:48.838Z] [LOG] [App] Kitchen module found: [object Object] (App.tsx?t=1785665455491:undefined)
[2026-08-02T10:11:48.851Z] [LOG] [App] Kitchen enabled: false (App.tsx?t=1785665455491:undefined)
[2026-08-02T10:11:48.967Z] [LOG] [App] All modules: [object Object] (App.tsx?t=1785665455491:undefined)
[2026-08-02T10:11:49.001Z] [LOG] [App] Kitchen module found: [object Object] (App.tsx?t=1785665455491:undefined)
[2026-08-02T10:11:49.016Z] [LOG] [App] Kitchen enabled: false (App.tsx?t=1785665455491:undefined)
[2026-08-02T10:11:49.251Z] [LOG] [App] All modules: [object Object] (App.tsx?t=1785665455491:undefined)
[2026-08-02T10:11:49.272Z] [LOG] [App] Kitchen module found: [object Object] (App.tsx?t=1785665455491:undefined)
[2026-08-02T10:11:49.364Z] [LOG] [App] Kitchen enabled: false (App.tsx?t=1785665455491:undefined)
[2026-08-02T10:11:49.421Z] [LOG] [App] All modules: [object Object] (App.tsx?t=1785665455491:undefined)
[2026-08-02T10:11:49.491Z] [LOG] [App] Kitchen module found: [object Object] (App.tsx?t=1785665455491:undefined)
[2026-08-02T10:11:49.555Z] [LOG] [App] Kitchen enabled: false (App.tsx?t=1785665455491:undefined)
[2026-08-02T10:11:49.828Z] [LOG] [App] All modules: [object Object] (App.tsx?t=1785665455491:undefined)
[2026-08-02T10:11:49.864Z] [LOG] [App] Kitchen module found: [object Object] (App.tsx?t=1785665455491:undefined)
[2026-08-02T10:11:49.880Z] [LOG] [App] Kitchen enabled: false (App.tsx?t=1785665455491:undefined)
[2026-08-02T10:11:49.899Z] [LOG] [App] All modules: [object Object] (App.tsx?t=1785665455491:undefined)
[2026-08-02T10:11:49.919Z] [LOG] [App] Kitchen module found: [object Object] (App.tsx?t=1785665455491:undefined)
[2026-08-02T10:11:49.932Z] [LOG] [App] Kitchen enabled: false (App.tsx?t=1785665455491:undefined)
[2026-08-02T10:11:49.973Z] [LOG] [App] All modules: [object Object] (App.tsx?t=1785665455491:undefined)
[2026-08-02T10:11:49.986Z] [LOG] [App] Kitchen module found: [object Object] (App.tsx?t=1785665455491:undefined)
[2026-08-02T10:11:50.005Z] [LOG] [App] Kitchen enabled: false (App.tsx?t=1785665455491:undefined)
[2026-08-02T10:11:50.030Z] [LOG] [App] All modules: [object Object] (App.tsx?t=1785665455491:undefined)
[2026-08-02T10:11:50.037Z] [LOG] [App] Kitchen module found: [object Object] (App.tsx?t=1785665455491:undefined)
[2026-08-02T10:11:50.042Z] [LOG] [App] Kitchen enabled: false (App.tsx?t=1785665455491:undefined)
[2026-08-02T10:11:50.101Z] [LOG] [App] All modules: [object Object] (App.tsx?t=1785665455491:undefined)
[2026-08-02T10:11:50.111Z] [LOG] [App] Kitchen module found: [object Object] (App.tsx?t=1785665455491:undefined)
[2026-08-02T10:11:50.120Z] [LOG] [App] Kitchen enabled: false (App.tsx?t=1785665455491:undefined)
[2026-08-02T10:11:50.126Z] [LOG] [App] All modules: [object Object] (App.tsx?t=1785665455491:undefined)
[2026-08-02T10:11:50.133Z] [LOG] [App] Kitchen module found: [object Object] (App.tsx?t=1785665455491:undefined)
[2026-08-02T10:11:50.137Z] [LOG] [App] Kitchen enabled: false (App.tsx?t=1785665455491:undefined)
[2026-08-02T10:11:50.155Z] [LOG] [App] All modules: [object Object] (App.tsx?t=1785665455491:undefined)
[2026-08-02T10:11:50.161Z] [LOG] [App] Kitchen module found: [object Object] (App.tsx?t=1785665455491:undefined)
[2026-08-02T10:11:50.164Z] [LOG] [App] Kitchen enabled: false (App.tsx?t=1785665455491:undefined)
[2026-08-02T10:11:50.172Z] [LOG] [App] All modules: [object Object] (App.tsx?t=1785665455491:undefined)
[2026-08-02T10:11:50.173Z] [LOG] [App] Kitchen module found: [object Object] (App.tsx?t=1785665455491:undefined)
[2026-08-02T10:11:50.181Z] [LOG] [App] Kitchen enabled: false (App.tsx?t=1785665455491:undefined)
[2026-08-02T10:11:50.189Z] [LOG] [App] All modules: [object Object] (App.tsx?t=1785665455491:undefined)
[2026-08-02T10:11:50.194Z] [LOG] [App] Kitchen module found: [object Object] (App.tsx?t=1785665455491:undefined)
[2026-08-02T10:11:50.198Z] [LOG] [App] Kitchen enabled: false (App.tsx?t=1785665455491:undefined)
[2026-08-02T10:11:50.205Z] [LOG] [App] All modules: [object Object] (App.tsx?t=1785665455491:undefined)
[2026-08-02T10:11:50.212Z] [LOG] [App] Kitchen module found: [object Object] (App.tsx?t=1785665455491:undefined)
[2026-08-02T10:11:50.215Z] [LOG] [App] Kitchen enabled: false (App.tsx?t=1785665455491:undefined)
[2026-08-02T10:11:50.229Z] [LOG] [App] All modules: [object Object] (App.tsx?t=1785665455491:undefined)
[2026-08-02T10:11:50.234Z] [LOG] [App] Kitchen module found: [object Object] (App.tsx?t=1785665455491:undefined)
[2026-08-02T10:11:50.238Z] [LOG] [App] Kitchen enabled: false (App.tsx?t=1785665455491:undefined)
[2026-08-02T10:11:50.245Z] [LOG] [App] All modules: [object Object] (App.tsx?t=1785665455491:undefined)
[2026-08-02T10:11:50.252Z] [LOG] [App] Kitchen module found: [object Object] (App.tsx?t=1785665455491:undefined)
[2026-08-02T10:11:50.264Z] [LOG] [App] Kitchen enabled: false (App.tsx?t=1785665455491:undefined)
[2026-08-02T10:11:50.345Z] [LOG] [App] All modules: [object Object] (App.tsx?t=1785665455491:undefined)
[2026-08-02T10:11:50.423Z] [LOG] [App] Kitchen module found: [object Object] (App.tsx?t=1785665455491:undefined)
[2026-08-02T10:11:50.510Z] [LOG] [App] Kitchen enabled: false (App.tsx?t=1785665455491:undefined)
[2026-08-02T10:11:50.545Z] [LOG] [App] All modules: [object Object] (App.tsx?t=1785665455491:undefined)
[2026-08-02T10:11:50.560Z] [LOG] [App] Kitchen module found: [object Object] (App.tsx?t=1785665455491:undefined)
[2026-08-02T10:11:50.567Z] [LOG] [App] Kitchen enabled: false (App.tsx?t=1785665455491:undefined)
[2026-08-02T10:11:50.598Z] [LOG] [App] All modules: [object Object] (App.tsx?t=1785665455491:undefined)
[2026-08-02T10:11:50.662Z] [LOG] [App] Kitchen module found: [object Object] (App.tsx?t=1785665455491:undefined)
[2026-08-02T10:11:50.668Z] [LOG] [App] Kitchen enabled: false (App.tsx?t=1785665455491:undefined)
[2026-08-02T10:11:50.684Z] [LOG] [App] All modules: [object Object] (App.tsx?t=1785665455491:undefined)
[2026-08-02T10:11:50.692Z] [LOG] [App] Kitchen module found: [object Object] (App.tsx?t=1785665455491:undefined)
[2026-08-02T10:11:50.698Z] [LOG] [App] Kitchen enabled: false (App.tsx?t=1785665455491:undefined)
[2026-08-02T10:11:50.709Z] [LOG] [App] All modules: [object Object] (App.tsx?t=1785665455491:undefined)
[2026-08-02T10:11:50.712Z] [LOG] [App] Kitchen module found: [object Object] (App.tsx?t=1785665455491:undefined)
[2026-08-02T10:11:50.718Z] [LOG] [App] Kitchen enabled: false (App.tsx?t=1785665455491:undefined)
[2026-08-02T10:11:50.723Z] [LOG] [App] All modules: [object Object] (App.tsx?t=1785665455491:undefined)
[2026-08-02T10:11:50.727Z] [LOG] [App] Kitchen module found: [object Object] (App.tsx?t=1785665455491:undefined)
[2026-08-02T10:11:50.732Z] [LOG] [App] Kitchen enabled: false (App.tsx?t=1785665455491:undefined)
[2026-08-02T10:11:50.747Z] [LOG] [App] All modules: [object Object] (App.tsx?t=1785665455491:undefined)
[2026-08-02T10:11:50.755Z] [LOG] [App] Kitchen module found: [object Object] (App.tsx?t=1785665455491:undefined)
[2026-08-02T10:11:50.758Z] [LOG] [App] Kitchen enabled: false (App.tsx?t=1785665455491:undefined)
[2026-08-02T10:11:50.758Z] [LOG] [App] All modules: [object Object] (App.tsx?t=1785665455491:undefined)
[2026-08-02T10:11:50.760Z] [LOG] [App] Kitchen module found: [object Object] (App.tsx?t=1785665455491:undefined)
[2026-08-02T10:11:50.761Z] [LOG] [App] Kitchen enabled: false (App.tsx?t=1785665455491:undefined)
[2026-08-02T10:11:51.265Z] [LOG] [App] All modules: [object Object] (App.tsx?t=1785665455491:undefined)
[2026-08-02T10:11:51.266Z] [LOG] [App] Kitchen module found: [object Object] (App.tsx?t=1785665455491:undefined)
[2026-08-02T10:11:51.289Z] [LOG] [App] Kitchen enabled: false (App.tsx?t=1785665455491:undefined)
[2026-08-02T10:11:51.295Z] [LOG] [App] All modules: [object Object] (App.tsx?t=1785665455491:undefined)
[2026-08-02T10:11:51.296Z] [LOG] [App] Kitchen module found: [object Object] (App.tsx?t=1785665455491:undefined)
[2026-08-02T10:11:51.299Z] [LOG] [App] Kitchen enabled: false (App.tsx?t=1785665455491:undefined)
[2026-08-02T10:12:49.217Z] [LOG] [App] All modules: [object Object] (App.tsx?t=1785665455491:undefined)
[2026-08-02T10:12:49.226Z] [LOG] [App] Kitchen module found: [object Object] (App.tsx?t=1785665455491:undefined)
[2026-08-02T10:12:49.240Z] [LOG] [App] Kitchen enabled: false (App.tsx?t=1785665455491:undefined)
[2026-08-02T10:12:49.267Z] [LOG] [App] All modules: [object Object] (App.tsx?t=1785665455491:undefined)
[2026-08-02T10:12:49.278Z] [LOG] [App] Kitchen module found: [object Object] (App.tsx?t=1785665455491:undefined)
[2026-08-02T10:12:49.289Z] [LOG] [App] Kitchen enabled: false (App.tsx?t=1785665455491:undefined)
[2026-08-02T10:12:49.348Z] [LOG] [App] All modules: [object Object] (App.tsx?t=1785665455491:undefined)
[2026-08-02T10:12:49.363Z] [LOG] [App] Kitchen module found: [object Object] (App.tsx?t=1785665455491:undefined)
[2026-08-02T10:12:49.370Z] [LOG] [App] Kitchen enabled: false (App.tsx?t=1785665455491:undefined)
[2026-08-02T10:12:49.374Z] [LOG] [App] All modules: [object Object] (App.tsx?t=1785665455491:undefined)
[2026-08-02T10:12:49.391Z] [LOG] [App] Kitchen module found: [object Object] (App.tsx?t=1785665455491:undefined)
[2026-08-02T10:12:49.397Z] [LOG] [App] Kitchen enabled: false (App.tsx?t=1785665455491:undefined)
[2026-08-02T10:12:56.106Z] [DEBUG] [vite] connecting... (client:undefined)
[2026-08-02T10:12:57.425Z] [DEBUG] [vite] connected. (client:undefined)
[2026-08-02T10:12:58.394Z] [INFO] %cDownload the React DevTools for a better development experience: https://react.dev/link/react-devtools font-weight:bold (react-dom_client.js?v=40766d9c:undefined)
[2026-08-02T10:12:58.891Z] [ERROR] Error fetching current property: Error: HTTP error! status: 404 (client:undefined)
[2026-08-02T10:12:59.058Z] [ERROR] Error fetching current property: Error: HTTP error! status: 404 (client:undefined)
[2026-08-02T10:13:01.450Z] [DEBUG] [vite] connecting... (client:undefined)
[2026-08-02T10:13:03.534Z] [DEBUG] [vite] connected. (client:undefined)
[2026-08-02T10:13:05.235Z] [INFO] %cDownload the React DevTools for a better development experience: https://react.dev/link/react-devtools font-weight:bold (react-dom_client.js?v=40766d9c:undefined)
[2026-08-02T10:13:05.356Z] [ERROR] Error fetching current property: Error: HTTP error! status: 404 (client:undefined)
[2026-08-02T10:13:05.560Z] [ERROR] Error fetching current property: Error: HTTP error! status: 404 (client:undefined)
[2026-08-02T10:14:10.136Z] [DEBUG] [vite] connecting... (client:undefined)
[2026-08-02T10:14:11.051Z] [DEBUG] [vite] connected. (client:undefined)
[2026-08-02T10:14:11.378Z] [INFO] %cDownload the React DevTools for a better development experience: https://react.dev/link/react-devtools font-weight:bold (react-dom_client.js?v=40766d9c:undefined)
[2026-08-02T10:14:11.574Z] [ERROR] Error fetching current property: Error: HTTP error! status: 404 (client:undefined)
[2026-08-02T10:14:11.694Z] [ERROR] Error fetching current property: Error: HTTP error! status: 404 (client:undefined)
[2026-08-02T10:14:40.958Z] [DEBUG] [vite] connecting... (client:undefined)
[2026-08-02T10:14:42.324Z] [DEBUG] [vite] connected. (client:undefined)
[2026-08-02T10:14:42.632Z] [INFO] %cDownload the React DevTools for a better development experience: https://react.dev/link/react-devtools font-weight:bold (react-dom_client.js?v=40766d9c:undefined)
[2026-08-02T10:14:42.677Z] [ERROR] Error fetching current property: Error: HTTP error! status: 404 (client:undefined)
[2026-08-02T10:14:42.769Z] [ERROR] Error fetching current property: Error: HTTP error! status: 404 (client:undefined)
[2026-08-02T10:14:50.851Z] [DEBUG] [vite] connecting... (client:undefined)
[2026-08-02T10:14:51.573Z] [DEBUG] [vite] connected. (client:undefined)
[2026-08-02T10:14:51.854Z] [INFO] %cDownload the React DevTools for a better development experience: https://react.dev/link/react-devtools font-weight:bold (react-dom_client.js?v=3e7169fe:undefined)
[2026-08-02T10:14:51.973Z] [ERROR] Error fetching current property: Error: HTTP error! status: 404 (client:undefined)
[2026-08-02T10:14:52.054Z] [ERROR] Error fetching current property: Error: HTTP error! status: 404 (client:undefined)
[2026-08-02T10:16:56.079Z] [DEBUG] [vite] connecting... (client:undefined)
[2026-08-02T10:16:57.090Z] [DEBUG] [vite] connected. (client:undefined)
[2026-08-02T10:16:57.222Z] [INFO] %cDownload the React DevTools for a better development experience: https://react.dev/link/react-devtools font-weight:bold (react-dom_client.js?v=3e7169fe:undefined)
[2026-08-02T10:16:57.396Z] [ERROR] Error fetching current property: Error: HTTP error! status: 404 (client:undefined)
[2026-08-02T10:16:57.478Z] [ERROR] Error fetching current property: Error: HTTP error! status: 404 (client:undefined)
[2026-08-02T10:17:05.843Z] [DEBUG] [vite] connecting... (client:undefined)
[2026-08-02T10:17:08.419Z] [DEBUG] [vite] connected. (client:undefined)
[2026-08-02T10:17:08.618Z] [INFO] %cDownload the React DevTools for a better development experience: https://react.dev/link/react-devtools font-weight:bold (react-dom_client.js?v=3e7169fe:undefined)
[2026-08-02T10:19:52.681Z] [DEBUG] [vite] connecting... (client:undefined)
[2026-08-02T10:19:53.392Z] [DEBUG] [vite] connected. (client:undefined)
[2026-08-02T10:19:53.701Z] [INFO] %cDownload the React DevTools for a better development experience: https://react.dev/link/react-devtools font-weight:bold (react-dom_client.js?v=3e7169fe:undefined)
[2026-08-02T10:21:34.476Z] [DEBUG] [vite] connecting... (client:undefined)
[2026-08-02T10:21:34.712Z] [DEBUG] [vite] connected. (client:undefined)
[2026-08-02T10:21:35.860Z] [INFO] %cDownload the React DevTools for a better development experience: https://react.dev/link/react-devtools font-weight:bold (react-dom_client.js?v=3e7169fe:undefined)
[2026-08-02T10:23:06.785Z] [DEBUG] [vite] hot updated: /src/index.css (client:undefined)
[2026-08-02T10:23:06.795Z] [DEBUG] [vite] hot updated: /src/components/PlatformPropertyManagement.tsx (client:undefined)
[2026-08-02T10:23:37.967Z] [DEBUG] [vite] connecting... (client:undefined)
[2026-08-02T10:23:39.062Z] [DEBUG] [vite] connected. (client:undefined)
[2026-08-02T10:23:39.283Z] [INFO] %cDownload the React DevTools for a better development experience: https://react.dev/link/react-devtools font-weight:bold (react-dom_client.js?v=3e7169fe:undefined)
[2026-08-02T10:24:41.175Z] [DEBUG] [vite] connecting... (client:undefined)
[2026-08-02T10:24:42.337Z] [DEBUG] [vite] connected. (client:undefined)
[2026-08-02T10:24:42.873Z] [INFO] %cDownload the React DevTools for a better development experience: https://react.dev/link/react-devtools font-weight:bold (react-dom_client.js?v=3e7169fe:undefined)
[2026-08-02T10:24:43.983Z] [DEBUG] [vite] connecting... (client:undefined)
[2026-08-02T10:24:45.234Z] [DEBUG] [vite] connected. (client:undefined)
[2026-08-02T10:24:47.311Z] [INFO] %cDownload the React DevTools for a better development experience: https://react.dev/link/react-devtools font-weight:bold (react-dom_client.js?v=3e7169fe:undefined)
[2026-08-02T10:25:20.605Z] [DEBUG] [vite] hot updated: /src/index.css (client:undefined)
[2026-08-02T10:25:20.606Z] [DEBUG] [vite] hot updated: /src/components/PlatformPropertyManagement.tsx (client:undefined)
[2026-08-02T10:25:26.365Z] [DEBUG] [vite] hot updated: /src/index.css (client:undefined)
[2026-08-02T10:25:26.366Z] [DEBUG] [vite] hot updated: /src/components/PlatformPropertyManagement.tsx (client:undefined)
[2026-08-02T10:25:44.505Z] [DEBUG] [vite] connecting... (client:undefined)
[2026-08-02T10:25:45.160Z] [DEBUG] [vite] connected. (client:undefined)
[2026-08-02T10:25:45.400Z] [INFO] %cDownload the React DevTools for a better development experience: https://react.dev/link/react-devtools font-weight:bold (react-dom_client.js?v=3e7169fe:undefined)
[2026-08-02T10:25:47.505Z] [DEBUG] [vite] connecting... (client:undefined)
[2026-08-02T10:25:50.643Z] [DEBUG] [vite] connected. (client:undefined)
[2026-08-02T10:25:50.827Z] [INFO] %cDownload the React DevTools for a better development experience: https://react.dev/link/react-devtools font-weight:bold (react-dom_client.js?v=3e7169fe:undefined)
[2026-08-02T10:26:34.875Z] [DEBUG] [vite] hot updated: /src/index.css (client:undefined)
[2026-08-02T10:26:34.876Z] [DEBUG] [vite] hot updated: /src/components/PlatformPropertyManagement.tsx (client:undefined)
[2026-08-02T10:26:46.301Z] [DEBUG] [vite] connecting... (client:undefined)
[2026-08-02T10:26:47.183Z] [DEBUG] [vite] connected. (client:undefined)
[2026-08-02T10:26:48.124Z] [INFO] %cDownload the React DevTools for a better development experience: https://react.dev/link/react-devtools font-weight:bold (react-dom_client.js?v=3e7169fe:undefined)
[2026-08-02T10:26:56.461Z] [DEBUG] [vite] connecting... (client:undefined)
[2026-08-02T10:26:58.456Z] [DEBUG] [vite] connected. (client:undefined)
[2026-08-02T10:26:59.535Z] [INFO] %cDownload the React DevTools for a better development experience: https://react.dev/link/react-devtools font-weight:bold (react-dom_client.js?v=3e7169fe:undefined)
[2026-08-02T10:27:37.799Z] [DEBUG] [vite] hot updated: /src/index.css (client:undefined)
[2026-08-02T10:27:37.811Z] [DEBUG] [vite] hot updated: /src/components/PlatformPropertyManagement.tsx (client:undefined)
[2026-08-02T10:28:17.843Z] [DEBUG] [vite] connecting... (client:undefined)
[2026-08-02T10:28:19.175Z] [DEBUG] [vite] connected. (client:undefined)
[2026-08-02T10:28:19.364Z] [INFO] %cDownload the React DevTools for a better development experience: https://react.dev/link/react-devtools font-weight:bold (react-dom_client.js?v=3e7169fe:undefined)
[2026-08-02T10:29:04.299Z] [DEBUG] [vite] hot updated: /src/components/TenantDashboard.tsx (client:undefined)
[2026-08-02T10:29:04.301Z] [DEBUG] [vite] hot updated: /src/index.css (client:undefined)
[2026-08-02T10:29:10.298Z] [DEBUG] [vite] hot updated: /src/components/TenantDashboard.tsx (client:undefined)
[2026-08-02T10:29:10.483Z] [DEBUG] [vite] hot updated: /src/index.css (client:undefined)
[2026-08-02T10:29:22.973Z] [DEBUG] [vite] hot updated: /src/components/TenantDashboard.tsx (client:undefined)
[2026-08-02T10:29:22.988Z] [DEBUG] [vite] hot updated: /src/index.css (client:undefined)
[2026-08-02T10:29:45.854Z] [DEBUG] [vite] connecting... (client:undefined)
[2026-08-02T10:29:48.954Z] [DEBUG] [vite] connected. (client:undefined)
[2026-08-02T10:29:50.235Z] [INFO] %cDownload the React DevTools for a better development experience: https://react.dev/link/react-devtools font-weight:bold (react-dom_client.js?v=3e7169fe:undefined)
[2026-08-02T10:29:50.794Z] [LOG] [App] All modules: [object Object] (App.tsx?t=1785666562264:undefined)
[2026-08-02T10:29:50.834Z] [LOG] [App] Kitchen module found: [object Object] (App.tsx?t=1785666562264:undefined)
[2026-08-02T10:29:50.905Z] [LOG] [App] Kitchen enabled: false (App.tsx?t=1785666562264:undefined)
[2026-08-02T10:29:50.990Z] [LOG] [App] All modules: [object Object] (App.tsx?t=1785666562264:undefined)
[2026-08-02T10:29:51.065Z] [LOG] [App] Kitchen module found: [object Object] (App.tsx?t=1785666562264:undefined)
[2026-08-02T10:29:51.080Z] [LOG] [App] Kitchen enabled: false (App.tsx?t=1785666562264:undefined)
[2026-08-02T10:29:52.493Z] [LOG] [App] All modules: [object Object] (App.tsx?t=1785666562264:undefined)
[2026-08-02T10:29:52.499Z] [LOG] [App] Kitchen module found: [object Object] (App.tsx?t=1785666562264:undefined)
[2026-08-02T10:29:52.505Z] [LOG] [App] Kitchen enabled: false (App.tsx?t=1785666562264:undefined)
[2026-08-02T10:29:52.510Z] [LOG] [App] All modules: [object Object] (App.tsx?t=1785666562264:undefined)
[2026-08-02T10:29:52.516Z] [LOG] [App] Kitchen module found: [object Object] (App.tsx?t=1785666562264:undefined)
[2026-08-02T10:29:52.521Z] [LOG] [App] Kitchen enabled: false (App.tsx?t=1785666562264:undefined)
[2026-08-02T10:29:52.558Z] [LOG] [App] All modules: [object Object] (App.tsx?t=1785666562264:undefined)
[2026-08-02T10:29:52.562Z] [LOG] [App] Kitchen module found: [object Object] (App.tsx?t=1785666562264:undefined)
[2026-08-02T10:29:52.579Z] [LOG] [App] Kitchen enabled: false (App.tsx?t=1785666562264:undefined)
[2026-08-02T10:29:52.593Z] [LOG] [App] All modules: [object Object] (App.tsx?t=1785666562264:undefined)
[2026-08-02T10:29:52.610Z] [LOG] [App] Kitchen module found: [object Object] (App.tsx?t=1785666562264:undefined)
[2026-08-02T10:29:52.643Z] [LOG] [App] Kitchen enabled: false (App.tsx?t=1785666562264:undefined)
[2026-08-02T10:29:52.788Z] [LOG] [App] All modules: [object Object] (App.tsx?t=1785666562264:undefined)
[2026-08-02T10:29:52.809Z] [LOG] [App] Kitchen module found: [object Object] (App.tsx?t=1785666562264:undefined)
[2026-08-02T10:29:52.821Z] [LOG] [App] Kitchen enabled: false (App.tsx?t=1785666562264:undefined)
[2026-08-02T10:29:52.875Z] [LOG] [App] All modules: [object Object] (App.tsx?t=1785666562264:undefined)
[2026-08-02T10:29:52.920Z] [LOG] [App] Kitchen module found: [object Object] (App.tsx?t=1785666562264:undefined)
[2026-08-02T10:29:52.974Z] [LOG] [App] Kitchen enabled: false (App.tsx?t=1785666562264:undefined)
[2026-08-02T10:29:53.089Z] [LOG] [App] All modules: [object Object] (App.tsx?t=1785666562264:undefined)
[2026-08-02T10:29:53.109Z] [LOG] [App] Kitchen module found: [object Object] (App.tsx?t=1785666562264:undefined)
[2026-08-02T10:29:53.141Z] [LOG] [App] Kitchen enabled: false (App.tsx?t=1785666562264:undefined)
[2026-08-02T10:29:53.158Z] [LOG] [App] All modules: [object Object] (App.tsx?t=1785666562264:undefined)
[2026-08-02T10:29:53.211Z] [LOG] [App] Kitchen module found: [object Object] (App.tsx?t=1785666562264:undefined)
[2026-08-02T10:29:53.320Z] [LOG] [App] Kitchen enabled: false (App.tsx?t=1785666562264:undefined)
[2026-08-02T10:29:53.367Z] [LOG] [App] All modules: [object Object] (App.tsx?t=1785666562264:undefined)
[2026-08-02T10:29:53.391Z] [LOG] [App] Kitchen module found: [object Object] (App.tsx?t=1785666562264:undefined)
[2026-08-02T10:29:53.404Z] [LOG] [App] Kitchen enabled: false (App.tsx?t=1785666562264:undefined)
[2026-08-02T10:29:53.461Z] [LOG] [App] All modules: [object Object] (App.tsx?t=1785666562264:undefined)
[2026-08-02T10:29:53.494Z] [LOG] [App] Kitchen module found: [object Object] (App.tsx?t=1785666562264:undefined)
[2026-08-02T10:29:53.566Z] [LOG] [App] Kitchen enabled: false (App.tsx?t=1785666562264:undefined)
[2026-08-02T10:29:53.596Z] [LOG] [App] All modules: [object Object] (App.tsx?t=1785666562264:undefined)
[2026-08-02T10:29:53.673Z] [LOG] [App] Kitchen module found: [object Object] (App.tsx?t=1785666562264:undefined)
[2026-08-02T10:29:53.693Z] [LOG] [App] Kitchen enabled: false (App.tsx?t=1785666562264:undefined)
[2026-08-02T10:29:53.702Z] [LOG] [App] All modules: [object Object] (App.tsx?t=1785666562264:undefined)
[2026-08-02T10:29:53.720Z] [LOG] [App] Kitchen module found: [object Object] (App.tsx?t=1785666562264:undefined)
[2026-08-02T10:29:53.756Z] [LOG] [App] Kitchen enabled: false (App.tsx?t=1785666562264:undefined)
[2026-08-02T10:29:53.877Z] [LOG] [App] All modules: [object Object] (App.tsx?t=1785666562264:undefined)
[2026-08-02T10:29:53.885Z] [LOG] [App] Kitchen module found: [object Object] (App.tsx?t=1785666562264:undefined)
[2026-08-02T10:29:53.895Z] [LOG] [App] Kitchen enabled: false (App.tsx?t=1785666562264:undefined)
[2026-08-02T10:29:53.904Z] [LOG] [App] All modules: [object Object] (App.tsx?t=1785666562264:undefined)
[2026-08-02T10:29:53.910Z] [LOG] [App] Kitchen module found: [object Object] (App.tsx?t=1785666562264:undefined)
[2026-08-02T10:29:53.913Z] [LOG] [App] Kitchen enabled: false (App.tsx?t=1785666562264:undefined)
[2026-08-02T10:29:53.937Z] [LOG] [App] All modules: [object Object] (App.tsx?t=1785666562264:undefined)
[2026-08-02T10:29:53.954Z] [LOG] [App] Kitchen module found: [object Object] (App.tsx?t=1785666562264:undefined)
[2026-08-02T10:29:53.977Z] [LOG] [App] Kitchen enabled: false (App.tsx?t=1785666562264:undefined)
[2026-08-02T10:29:53.989Z] [LOG] [App] All modules: [object Object] (App.tsx?t=1785666562264:undefined)
[2026-08-02T10:29:54.018Z] [LOG] [App] Kitchen module found: [object Object] (App.tsx?t=1785666562264:undefined)
[2026-08-02T10:29:54.029Z] [LOG] [App] Kitchen enabled: false (App.tsx?t=1785666562264:undefined)
[2026-08-02T10:29:54.236Z] [LOG] [App] All modules: [object Object] (App.tsx?t=1785666562264:undefined)
[2026-08-02T10:29:54.278Z] [LOG] [App] Kitchen module found: [object Object] (App.tsx?t=1785666562264:undefined)
[2026-08-02T10:29:54.302Z] [LOG] [App] Kitchen enabled: false (App.tsx?t=1785666562264:undefined)
[2026-08-02T10:29:54.353Z] [LOG] [App] All modules: [object Object] (App.tsx?t=1785666562264:undefined)
[2026-08-02T10:29:54.371Z] [LOG] [App] Kitchen module found: [object Object] (App.tsx?t=1785666562264:undefined)
[2026-08-02T10:29:54.382Z] [LOG] [App] Kitchen enabled: false (App.tsx?t=1785666562264:undefined)
[2026-08-02T10:29:54.404Z] [LOG] [App] All modules: [object Object] (App.tsx?t=1785666562264:undefined)
[2026-08-02T10:29:54.423Z] [LOG] [App] Kitchen module found: [object Object] (App.tsx?t=1785666562264:undefined)
[2026-08-02T10:29:54.445Z] [LOG] [App] Kitchen enabled: false (App.tsx?t=1785666562264:undefined)
[2026-08-02T10:29:54.472Z] [LOG] [App] All modules: [object Object] (App.tsx?t=1785666562264:undefined)
[2026-08-02T10:29:54.483Z] [LOG] [App] Kitchen module found: [object Object] (App.tsx?t=1785666562264:undefined)
[2026-08-02T10:29:54.490Z] [LOG] [App] Kitchen enabled: false (App.tsx?t=1785666562264:undefined)
[2026-08-02T10:29:54.571Z] [LOG] [App] All modules: [object Object] (App.tsx?t=1785666562264:undefined)
[2026-08-02T10:29:54.646Z] [LOG] [App] Kitchen module found: [object Object] (App.tsx?t=1785666562264:undefined)
[2026-08-02T10:29:54.681Z] [LOG] [App] Kitchen enabled: false (App.tsx?t=1785666562264:undefined)
[2026-08-02T10:29:54.704Z] [LOG] [App] All modules: [object Object] (App.tsx?t=1785666562264:undefined)
[2026-08-02T10:29:54.723Z] [LOG] [App] Kitchen module found: [object Object] (App.tsx?t=1785666562264:undefined)
[2026-08-02T10:29:54.763Z] [LOG] [App] Kitchen enabled: false (App.tsx?t=1785666562264:undefined)
[2026-08-02T10:29:55.041Z] [LOG] [App] All modules: [object Object] (App.tsx?t=1785666562264:undefined)
[2026-08-02T10:29:55.116Z] [LOG] [App] Kitchen module found: [object Object] (App.tsx?t=1785666562264:undefined)
[2026-08-02T10:29:55.158Z] [LOG] [App] Kitchen enabled: false (App.tsx?t=1785666562264:undefined)
[2026-08-02T10:29:55.191Z] [LOG] [App] All modules: [object Object] (App.tsx?t=1785666562264:undefined)
[2026-08-02T10:29:55.206Z] [LOG] [App] Kitchen module found: [object Object] (App.tsx?t=1785666562264:undefined)
[2026-08-02T10:29:55.216Z] [LOG] [App] Kitchen enabled: false (App.tsx?t=1785666562264:undefined)
[2026-08-02T10:29:55.285Z] [LOG] [App] All modules: [object Object] (App.tsx?t=1785666562264:undefined)
[2026-08-02T10:29:55.295Z] [LOG] [App] Kitchen module found: [object Object] (App.tsx?t=1785666562264:undefined)
[2026-08-02T10:29:55.308Z] [LOG] [App] Kitchen enabled: false (App.tsx?t=1785666562264:undefined)
[2026-08-02T10:29:55.318Z] [LOG] [App] All modules: [object Object] (App.tsx?t=1785666562264:undefined)
[2026-08-02T10:29:55.333Z] [LOG] [App] Kitchen module found: [object Object] (App.tsx?t=1785666562264:undefined)
[2026-08-02T10:29:55.343Z] [LOG] [App] Kitchen enabled: false (App.tsx?t=1785666562264:undefined)
[2026-08-02T10:29:55.367Z] [LOG] [App] All modules: [object Object] (App.tsx?t=1785666562264:undefined)
[2026-08-02T10:29:55.371Z] [LOG] [App] Kitchen module found: [object Object] (App.tsx?t=1785666562264:undefined)
[2026-08-02T10:29:55.385Z] [LOG] [App] Kitchen enabled: false (App.tsx?t=1785666562264:undefined)
[2026-08-02T10:29:55.392Z] [LOG] [App] All modules: [object Object] (App.tsx?t=1785666562264:undefined)
[2026-08-02T10:29:55.401Z] [LOG] [App] Kitchen module found: [object Object] (App.tsx?t=1785666562264:undefined)
[2026-08-02T10:29:55.411Z] [LOG] [App] Kitchen enabled: false (App.tsx?t=1785666562264:undefined)
[2026-08-02T10:29:55.435Z] [LOG] [App] All modules: [object Object] (App.tsx?t=1785666562264:undefined)
[2026-08-02T10:29:55.468Z] [LOG] [App] Kitchen module found: [object Object] (App.tsx?t=1785666562264:undefined)
[2026-08-02T10:29:55.485Z] [LOG] [App] Kitchen enabled: false (App.tsx?t=1785666562264:undefined)
[2026-08-02T10:29:55.534Z] [LOG] [App] All modules: [object Object] (App.tsx?t=1785666562264:undefined)
[2026-08-02T10:29:55.576Z] [LOG] [App] Kitchen module found: [object Object] (App.tsx?t=1785666562264:undefined)
[2026-08-02T10:29:55.613Z] [LOG] [App] Kitchen enabled: false (App.tsx?t=1785666562264:undefined)
[2026-08-02T10:29:55.659Z] [LOG] [App] All modules: [object Object] (App.tsx?t=1785666562264:undefined)
[2026-08-02T10:29:55.685Z] [LOG] [App] Kitchen module found: [object Object] (App.tsx?t=1785666562264:undefined)
[2026-08-02T10:29:55.730Z] [LOG] [App] Kitchen enabled: false (App.tsx?t=1785666562264:undefined)
[2026-08-02T10:29:55.766Z] [LOG] [App] All modules: [object Object] (App.tsx?t=1785666562264:undefined)
[2026-08-02T10:29:55.777Z] [LOG] [App] Kitchen module found: [object Object] (App.tsx?t=1785666562264:undefined)
[2026-08-02T10:29:55.789Z] [LOG] [App] Kitchen enabled: false (App.tsx?t=1785666562264:undefined)
[2026-08-02T10:29:55.827Z] [LOG] [App] All modules: [object Object] (App.tsx?t=1785666562264:undefined)
[2026-08-02T10:29:55.873Z] [LOG] [App] Kitchen module found: [object Object] (App.tsx?t=1785666562264:undefined)
[2026-08-02T10:29:55.919Z] [LOG] [App] Kitchen enabled: false (App.tsx?t=1785666562264:undefined)
[2026-08-02T10:29:55.954Z] [LOG] [App] All modules: [object Object] (App.tsx?t=1785666562264:undefined)
[2026-08-02T10:29:55.969Z] [LOG] [App] Kitchen module found: [object Object] (App.tsx?t=1785666562264:undefined)
[2026-08-02T10:29:56.011Z] [LOG] [App] Kitchen enabled: false (App.tsx?t=1785666562264:undefined)
[2026-08-02T10:29:56.053Z] [LOG] [App] All modules: [object Object] (App.tsx?t=1785666562264:undefined)
[2026-08-02T10:29:56.069Z] [LOG] [App] Kitchen module found: [object Object] (App.tsx?t=1785666562264:undefined)
[2026-08-02T10:29:56.090Z] [LOG] [App] Kitchen enabled: false (App.tsx?t=1785666562264:undefined)
[2026-08-02T10:29:56.112Z] [LOG] [App] All modules: [object Object] (App.tsx?t=1785666562264:undefined)
[2026-08-02T10:29:56.127Z] [LOG] [App] Kitchen module found: [object Object] (App.tsx?t=1785666562264:undefined)
[2026-08-02T10:29:56.138Z] [LOG] [App] Kitchen enabled: false (App.tsx?t=1785666562264:undefined)
[2026-08-02T10:29:56.168Z] [LOG] [App] All modules: [object Object] (App.tsx?t=1785666562264:undefined)
[2026-08-02T10:29:56.174Z] [LOG] [App] Kitchen module found: [object Object] (App.tsx?t=1785666562264:undefined)
[2026-08-02T10:29:56.187Z] [LOG] [App] Kitchen enabled: false (App.tsx?t=1785666562264:undefined)
[2026-08-02T10:29:56.194Z] [LOG] [App] All modules: [object Object] (App.tsx?t=1785666562264:undefined)
[2026-08-02T10:29:56.200Z] [LOG] [App] Kitchen module found: [object Object] (App.tsx?t=1785666562264:undefined)
[2026-08-02T10:29:56.211Z] [LOG] [App] Kitchen enabled: false (App.tsx?t=1785666562264:undefined)
[2026-08-02T10:29:56.295Z] [LOG] [App] All modules: [object Object] (App.tsx?t=1785666562264:undefined)
[2026-08-02T10:29:56.321Z] [LOG] [App] Kitchen module found: [object Object] (App.tsx?t=1785666562264:undefined)
[2026-08-02T10:29:56.343Z] [LOG] [App] Kitchen enabled: false (App.tsx?t=1785666562264:undefined)
[2026-08-02T10:29:56.356Z] [LOG] [App] All modules: [object Object] (App.tsx?t=1785666562264:undefined)
[2026-08-02T10:29:56.367Z] [LOG] [App] Kitchen module found: [object Object] (App.tsx?t=1785666562264:undefined)
[2026-08-02T10:29:56.377Z] [LOG] [App] Kitchen enabled: false (App.tsx?t=1785666562264:undefined)
[2026-08-02T10:29:56.406Z] [LOG] [App] All modules: [object Object] (App.tsx?t=1785666562264:undefined)
[2026-08-02T10:29:56.415Z] [LOG] [App] Kitchen module found: [object Object] (App.tsx?t=1785666562264:undefined)
[2026-08-02T10:29:56.425Z] [LOG] [App] Kitchen enabled: false (App.tsx?t=1785666562264:undefined)
[2026-08-02T10:29:56.436Z] [LOG] [App] All modules: [object Object] (App.tsx?t=1785666562264:undefined)
[2026-08-02T10:29:56.443Z] [LOG] [App] Kitchen module found: [object Object] (App.tsx?t=1785666562264:undefined)
[2026-08-02T10:29:56.452Z] [LOG] [App] Kitchen enabled: false (App.tsx?t=1785666562264:undefined)
[2026-08-02T10:29:56.471Z] [LOG] [App] All modules: [object Object] (App.tsx?t=1785666562264:undefined)
[2026-08-02T10:29:56.480Z] [LOG] [App] Kitchen module found: [object Object] (App.tsx?t=1785666562264:undefined)
[2026-08-02T10:29:56.491Z] [LOG] [App] Kitchen enabled: false (App.tsx?t=1785666562264:undefined)
[2026-08-02T10:29:56.495Z] [LOG] [App] All modules: [object Object] (App.tsx?t=1785666562264:undefined)
[2026-08-02T10:29:56.507Z] [LOG] [App] Kitchen module found: [object Object] (App.tsx?t=1785666562264:undefined)
[2026-08-02T10:29:56.520Z] [LOG] [App] Kitchen enabled: false (App.tsx?t=1785666562264:undefined)
[2026-08-02T10:29:56.559Z] [LOG] [App] All modules: [object Object] (App.tsx?t=1785666562264:undefined)
[2026-08-02T10:29:56.574Z] [LOG] [App] Kitchen module found: [object Object] (App.tsx?t=1785666562264:undefined)
[2026-08-02T10:29:56.588Z] [LOG] [App] Kitchen enabled: false (App.tsx?t=1785666562264:undefined)
[2026-08-02T10:29:56.600Z] [LOG] [App] All modules: [object Object] (App.tsx?t=1785666562264:undefined)
[2026-08-02T10:29:56.606Z] [LOG] [App] Kitchen module found: [object Object] (App.tsx?t=1785666562264:undefined)
[2026-08-02T10:29:56.609Z] [LOG] [App] Kitchen enabled: false (App.tsx?t=1785666562264:undefined)
[2026-08-02T10:29:56.625Z] [LOG] [App] All modules: [object Object] (App.tsx?t=1785666562264:undefined)
[2026-08-02T10:29:56.630Z] [LOG] [App] Kitchen module found: [object Object] (App.tsx?t=1785666562264:undefined)
[2026-08-02T10:29:56.656Z] [LOG] [App] Kitchen enabled: false (App.tsx?t=1785666562264:undefined)
[2026-08-02T10:29:56.671Z] [LOG] [App] All modules: [object Object] (App.tsx?t=1785666562264:undefined)
[2026-08-02T10:29:56.675Z] [LOG] [App] Kitchen module found: [object Object] (App.tsx?t=1785666562264:undefined)
[2026-08-02T10:29:56.685Z] [LOG] [App] Kitchen enabled: false (App.tsx?t=1785666562264:undefined)
[2026-08-02T10:29:56.762Z] [LOG] [App] All modules: [object Object] (App.tsx?t=1785666562264:undefined)
[2026-08-02T10:29:56.763Z] [LOG] [App] Kitchen module found: [object Object] (App.tsx?t=1785666562264:undefined)
[2026-08-02T10:29:56.769Z] [LOG] [App] Kitchen enabled: false (App.tsx?t=1785666562264:undefined)
[2026-08-02T10:29:56.801Z] [LOG] [App] All modules: [object Object] (App.tsx?t=1785666562264:undefined)
[2026-08-02T10:29:56.854Z] [LOG] [App] Kitchen module found: [object Object] (App.tsx?t=1785666562264:undefined)
[2026-08-02T10:29:56.889Z] [LOG] [App] Kitchen enabled: false (App.tsx?t=1785666562264:undefined)
[2026-08-02T10:29:56.953Z] [LOG] [App] All modules: [object Object] (App.tsx?t=1785666562264:undefined)
[2026-08-02T10:29:56.968Z] [LOG] [App] Kitchen module found: [object Object] (App.tsx?t=1785666562264:undefined)
[2026-08-02T10:29:56.991Z] [LOG] [App] Kitchen enabled: false (App.tsx?t=1785666562264:undefined)
[2026-08-02T10:29:57.004Z] [LOG] [App] All modules: [object Object] (App.tsx?t=1785666562264:undefined)
[2026-08-02T10:29:57.019Z] [LOG] [App] Kitchen module found: [object Object] (App.tsx?t=1785666562264:undefined)
[2026-08-02T10:29:57.025Z] [LOG] [App] Kitchen enabled: false (App.tsx?t=1785666562264:undefined)
[2026-08-02T10:29:57.108Z] [LOG] [App] All modules: [object Object] (App.tsx?t=1785666562264:undefined)
[2026-08-02T10:29:57.128Z] [LOG] [App] Kitchen module found: [object Object] (App.tsx?t=1785666562264:undefined)
[2026-08-02T10:29:57.140Z] [LOG] [App] Kitchen enabled: false (App.tsx?t=1785666562264:undefined)
[2026-08-02T10:29:57.152Z] [LOG] [App] All modules: [object Object] (App.tsx?t=1785666562264:undefined)
[2026-08-02T10:29:57.167Z] [LOG] [App] Kitchen module found: [object Object] (App.tsx?t=1785666562264:undefined)
[2026-08-02T10:29:57.207Z] [LOG] [App] Kitchen enabled: false (App.tsx?t=1785666562264:undefined)
[2026-08-02T10:29:57.287Z] [LOG] [App] All modules: [object Object] (App.tsx?t=1785666562264:undefined)
[2026-08-02T10:29:57.330Z] [LOG] [App] Kitchen module found: [object Object] (App.tsx?t=1785666562264:undefined)
[2026-08-02T10:29:57.359Z] [LOG] [App] Kitchen enabled: false (App.tsx?t=1785666562264:undefined)
[2026-08-02T10:29:57.385Z] [LOG] [App] All modules: [object Object] (App.tsx?t=1785666562264:undefined)
[2026-08-02T10:29:57.421Z] [LOG] [App] Kitchen module found: [object Object] (App.tsx?t=1785666562264:undefined)
[2026-08-02T10:29:57.444Z] [LOG] [App] Kitchen enabled: false (App.tsx?t=1785666562264:undefined)
[2026-08-02T10:29:59.755Z] [LOG] [App] All modules: [object Object] (App.tsx?t=1785666562264:undefined)
[2026-08-02T10:29:59.783Z] [LOG] [App] Kitchen module found: [object Object] (App.tsx?t=1785666562264:undefined)
[2026-08-02T10:29:59.855Z] [LOG] [App] Kitchen enabled: false (App.tsx?t=1785666562264:undefined)
[2026-08-02T10:29:59.895Z] [LOG] [App] All modules: [object Object] (App.tsx?t=1785666562264:undefined)
[2026-08-02T10:29:59.919Z] [LOG] [App] Kitchen module found: [object Object] (App.tsx?t=1785666562264:undefined)
[2026-08-02T10:29:59.953Z] [LOG] [App] Kitchen enabled: false (App.tsx?t=1785666562264:undefined)
[2026-08-02T10:30:02.588Z] [LOG] [App] All modules: [object Object] (App.tsx?t=1785666562264:undefined)
[2026-08-02T10:30:02.619Z] [LOG] [App] Kitchen module found: [object Object] (App.tsx?t=1785666562264:undefined)
[2026-08-02T10:30:02.669Z] [LOG] [App] Kitchen enabled: false (App.tsx?t=1785666562264:undefined)
[2026-08-02T10:30:02.689Z] [LOG] [App] All modules: [object Object] (App.tsx?t=1785666562264:undefined)
[2026-08-02T10:30:02.721Z] [LOG] [App] Kitchen module found: [object Object] (App.tsx?t=1785666562264:undefined)
[2026-08-02T10:30:02.738Z] [LOG] [App] Kitchen enabled: false (App.tsx?t=1785666562264:undefined)
[2026-08-02T10:30:06.715Z] [LOG] [App] All modules: [object Object] (App.tsx?t=1785666562264:undefined)
[2026-08-02T10:30:06.716Z] [LOG] [App] Kitchen module found: [object Object] (App.tsx?t=1785666562264:undefined)
[2026-08-02T10:30:06.727Z] [LOG] [App] Kitchen enabled: false (App.tsx?t=1785666562264:undefined)
[2026-08-02T10:30:06.741Z] [LOG] [App] All modules: [object Object] (App.tsx?t=1785666562264:undefined)
[2026-08-02T10:30:06.750Z] [LOG] [App] Kitchen module found: [object Object] (App.tsx?t=1785666562264:undefined)
[2026-08-02T10:30:06.760Z] [LOG] [App] Kitchen enabled: false (App.tsx?t=1785666562264:undefined)
[2026-08-02T10:31:04.124Z] [LOG] [App] All modules: [object Object] (App.tsx?t=1785666562264:undefined)
[2026-08-02T10:31:04.125Z] [LOG] [App] Kitchen module found: [object Object] (App.tsx?t=1785666562264:undefined)
[2026-08-02T10:31:04.132Z] [LOG] [App] Kitchen enabled: false (App.tsx?t=1785666562264:undefined)
[2026-08-02T10:31:04.138Z] [LOG] [App] All modules: [object Object] (App.tsx?t=1785666562264:undefined)
[2026-08-02T10:31:04.146Z] [LOG] [App] Kitchen module found: [object Object] (App.tsx?t=1785666562264:undefined)
[2026-08-02T10:31:04.154Z] [LOG] [App] Kitchen enabled: false (App.tsx?t=1785666562264:undefined)
[2026-08-02T10:31:07.464Z] [LOG] [App] All modules: [object Object] (App.tsx?t=1785666562264:undefined)
[2026-08-02T10:31:07.465Z] [LOG] [App] Kitchen module found: [object Object] (App.tsx?t=1785666562264:undefined)
[2026-08-02T10:31:07.472Z] [LOG] [App] Kitchen enabled: false (App.tsx?t=1785666562264:undefined)
[2026-08-02T10:31:07.492Z] [LOG] [App] All modules: [object Object] (App.tsx?t=1785666562264:undefined)
[2026-08-02T10:31:07.499Z] [LOG] [App] Kitchen module found: [object Object] (App.tsx?t=1785666562264:undefined)
[2026-08-02T10:31:07.514Z] [LOG] [App] Kitchen enabled: false (App.tsx?t=1785666562264:undefined)
[2026-08-02T10:31:12.135Z] [LOG] [App] All modules: [object Object] (App.tsx?t=1785666562264:undefined)
[2026-08-02T10:31:12.137Z] [LOG] [App] Kitchen module found: [object Object] (App.tsx?t=1785666562264:undefined)
[2026-08-02T10:31:12.150Z] [LOG] [App] Kitchen enabled: false (App.tsx?t=1785666562264:undefined)
[2026-08-02T10:31:12.160Z] [LOG] [App] All modules: [object Object] (App.tsx?t=1785666562264:undefined)
[2026-08-02T10:31:12.163Z] [LOG] [App] Kitchen module found: [object Object] (App.tsx?t=1785666562264:undefined)
[2026-08-02T10:31:12.172Z] [LOG] [App] Kitchen enabled: false (App.tsx?t=1785666562264:undefined)
[2026-08-02T10:31:12.268Z] [LOG] [App] All modules: [object Object] (App.tsx?t=1785666562264:undefined)
[2026-08-02T10:31:12.276Z] [LOG] [App] Kitchen module found: [object Object] (App.tsx?t=1785666562264:undefined)
[2026-08-02T10:31:12.284Z] [LOG] [App] Kitchen enabled: false (App.tsx?t=1785666562264:undefined)
[2026-08-02T10:31:12.295Z] [LOG] [App] All modules: [object Object] (App.tsx?t=1785666562264:undefined)
[2026-08-02T10:31:12.302Z] [LOG] [App] Kitchen module found: [object Object] (App.tsx?t=1785666562264:undefined)
[2026-08-02T10:31:12.312Z] [LOG] [App] Kitchen enabled: false (App.tsx?t=1785666562264:undefined)
[2026-08-02T10:31:12.639Z] [LOG] [ICalSyncManager] Fetched rooms: [object Object],[object Object] (ICalSyncManager.tsx:undefined)
[2026-08-02T10:31:12.946Z] [LOG] [ICalSyncManager] Fetched rooms: [object Object],[object Object] (ICalSyncManager.tsx:undefined)
[2026-08-02T10:31:16.948Z] [LOG] [App] All modules: [object Object] (App.tsx?t=1785666562264:undefined)
[2026-08-02T10:31:16.949Z] [LOG] [App] Kitchen module found: [object Object] (App.tsx?t=1785666562264:undefined)
[2026-08-02T10:31:16.958Z] [LOG] [App] Kitchen enabled: false (App.tsx?t=1785666562264:undefined)
[2026-08-02T10:31:16.962Z] [LOG] [App] All modules: [object Object] (App.tsx?t=1785666562264:undefined)
[2026-08-02T10:31:16.981Z] [LOG] [App] Kitchen module found: [object Object] (App.tsx?t=1785666562264:undefined)
[2026-08-02T10:31:16.992Z] [LOG] [App] Kitchen enabled: false (App.tsx?t=1785666562264:undefined)
[2026-08-02T10:32:00.730Z] [LOG] [App] All modules: [object Object] (App.tsx?t=1785666562264:undefined)
[2026-08-02T10:32:00.742Z] [LOG] [App] Kitchen module found: [object Object] (App.tsx?t=1785666562264:undefined)
[2026-08-02T10:32:00.757Z] [LOG] [App] Kitchen enabled: false (App.tsx?t=1785666562264:undefined)
[2026-08-02T10:32:00.763Z] [LOG] [App] All modules: [object Object] (App.tsx?t=1785666562264:undefined)
[2026-08-02T10:32:00.769Z] [LOG] [App] Kitchen module found: [object Object] (App.tsx?t=1785666562264:undefined)
[2026-08-02T10:32:00.781Z] [LOG] [App] Kitchen enabled: false (App.tsx?t=1785666562264:undefined)
[2026-08-02T10:32:00.896Z] [LOG] [App] All modules: [object Object] (App.tsx?t=1785666562264:undefined)
[2026-08-02T10:32:00.909Z] [LOG] [App] Kitchen module found: [object Object] (App.tsx?t=1785666562264:undefined)
[2026-08-02T10:32:00.916Z] [LOG] [App] Kitchen enabled: false (App.tsx?t=1785666562264:undefined)
[2026-08-02T10:32:00.930Z] [LOG] [App] All modules: [object Object] (App.tsx?t=1785666562264:undefined)
[2026-08-02T10:32:00.941Z] [LOG] [App] Kitchen module found: [object Object] (App.tsx?t=1785666562264:undefined)
[2026-08-02T10:32:00.948Z] [LOG] [App] Kitchen enabled: false (App.tsx?t=1785666562264:undefined)
[2026-08-02T10:33:19.000Z] [LOG] [App] All modules: [object Object] (App.tsx?t=1785666562264:undefined)
[2026-08-02T10:33:19.002Z] [LOG] [App] Kitchen module found: [object Object] (App.tsx?t=1785666562264:undefined)
[2026-08-02T10:33:19.012Z] [LOG] [App] Kitchen enabled: false (App.tsx?t=1785666562264:undefined)
[2026-08-02T10:33:19.025Z] [LOG] [App] All modules: [object Object] (App.tsx?t=1785666562264:undefined)
[2026-08-02T10:33:19.033Z] [LOG] [App] Kitchen module found: [object Object] (App.tsx?t=1785666562264:undefined)
[2026-08-02T10:33:19.040Z] [LOG] [App] Kitchen enabled: false (App.tsx?t=1785666562264:undefined)
[2026-08-02T10:33:21.916Z] [LOG] [App] All modules: [object Object] (App.tsx?t=1785666562264:undefined)
[2026-08-02T10:33:21.917Z] [LOG] [App] Kitchen module found: [object Object] (App.tsx?t=1785666562264:undefined)
[2026-08-02T10:33:21.929Z] [LOG] [App] Kitchen enabled: false (App.tsx?t=1785666562264:undefined)
[2026-08-02T10:33:21.934Z] [LOG] [App] All modules: [object Object] (App.tsx?t=1785666562264:undefined)
[2026-08-02T10:33:21.945Z] [LOG] [App] Kitchen module found: [object Object] (App.tsx?t=1785666562264:undefined)
[2026-08-02T10:33:21.955Z] [LOG] [App] Kitchen enabled: false (App.tsx?t=1785666562264:undefined)
[2026-08-02T10:33:37.033Z] [DEBUG] [vite] hot updated: /src/components/Navigation.tsx (client:undefined)
[2026-08-02T10:33:37.046Z] [DEBUG] [vite] hot updated: /src/index.css (client:undefined)
[2026-08-02T10:34:20.909Z] [DEBUG] [vite] hot updated: /src/App.tsx (client:undefined)
[2026-08-02T10:34:20.910Z] [DEBUG] [vite] hot updated: /src/index.css (client:undefined)
[2026-08-02T10:34:22.345Z] [LOG] [App] All modules: [object Object] (App.tsx?t=1785666860326:undefined)
[2026-08-02T10:34:22.384Z] [LOG] [App] Kitchen module found: [object Object] (App.tsx?t=1785666860326:undefined)
[2026-08-02T10:34:22.405Z] [LOG] [App] Kitchen enabled: false (App.tsx?t=1785666860326:undefined)
[2026-08-02T10:34:22.411Z] [LOG] [App] All modules: [object Object] (App.tsx?t=1785666860326:undefined)
[2026-08-02T10:34:22.438Z] [LOG] [App] Kitchen module found: [object Object] (App.tsx?t=1785666860326:undefined)
[2026-08-02T10:34:22.492Z] [LOG] [App] Kitchen enabled: false (App.tsx?t=1785666860326:undefined)
[2026-08-02T10:34:24.912Z] [LOG] [App] All modules: [object Object] (App.tsx?t=1785666860326:undefined)
[2026-08-02T10:34:24.973Z] [LOG] [App] Kitchen module found: [object Object] (App.tsx?t=1785666860326:undefined)
[2026-08-02T10:34:25.075Z] [LOG] [App] Kitchen enabled: false (App.tsx?t=1785666860326:undefined)
[2026-08-02T10:34:25.170Z] [LOG] [App] All modules: [object Object] (App.tsx?t=1785666860326:undefined)
[2026-08-02T10:34:25.274Z] [LOG] [App] Kitchen module found: [object Object] (App.tsx?t=1785666860326:undefined)
[2026-08-02T10:34:25.344Z] [LOG] [App] Kitchen enabled: false (App.tsx?t=1785666860326:undefined)
[2026-08-02T10:34:25.470Z] [LOG] [App] All modules: [object Object] (App.tsx?t=1785666860326:undefined)
[2026-08-02T10:34:25.547Z] [LOG] [App] Kitchen module found: [object Object] (App.tsx?t=1785666860326:undefined)
[2026-08-02T10:34:25.573Z] [LOG] [App] Kitchen enabled: false (App.tsx?t=1785666860326:undefined)
[2026-08-02T10:34:25.579Z] [LOG] [App] All modules: [object Object] (App.tsx?t=1785666860326:undefined)
[2026-08-02T10:34:25.595Z] [LOG] [App] Kitchen module found: [object Object] (App.tsx?t=1785666860326:undefined)
[2026-08-02T10:34:25.612Z] [LOG] [App] Kitchen enabled: false (App.tsx?t=1785666860326:undefined)
[2026-08-02T10:34:39.781Z] [LOG] [App] All modules: [object Object] (App.tsx?t=1785666860326:undefined)
[2026-08-02T10:34:39.782Z] [LOG] [App] Kitchen module found: [object Object] (App.tsx?t=1785666860326:undefined)
[2026-08-02T10:34:39.786Z] [LOG] [App] Kitchen enabled: false (App.tsx?t=1785666860326:undefined)
[2026-08-02T10:34:39.794Z] [LOG] [App] All modules: [object Object] (App.tsx?t=1785666860326:undefined)
[2026-08-02T10:34:39.798Z] [LOG] [App] Kitchen module found: [object Object] (App.tsx?t=1785666860326:undefined)
[2026-08-02T10:34:39.808Z] [LOG] [App] Kitchen enabled: false (App.tsx?t=1785666860326:undefined)
[2026-08-02T10:34:44.332Z] [DEBUG] [vite] connecting... (client:undefined)
[2026-08-02T10:34:45.690Z] [DEBUG] [vite] connected. (client:undefined)
[2026-08-02T10:34:46.915Z] [INFO] %cDownload the React DevTools for a better development experience: https://react.dev/link/react-devtools font-weight:bold (react-dom_client.js?v=3e7169fe:undefined)
[2026-08-02T10:34:47.346Z] [LOG] [App] All modules: [object Object] (App.tsx?t=1785666860326:undefined)
[2026-08-02T10:34:47.355Z] [LOG] [App] Kitchen module found: [object Object] (App.tsx?t=1785666860326:undefined)
[2026-08-02T10:34:47.365Z] [LOG] [App] Kitchen enabled: false (App.tsx?t=1785666860326:undefined)
[2026-08-02T10:34:47.374Z] [LOG] [App] All modules: [object Object] (App.tsx?t=1785666860326:undefined)
[2026-08-02T10:34:47.387Z] [LOG] [App] Kitchen module found: [object Object] (App.tsx?t=1785666860326:undefined)
[2026-08-02T10:34:47.398Z] [LOG] [App] Kitchen enabled: false (App.tsx?t=1785666860326:undefined)
[2026-08-02T10:34:49.042Z] [LOG] [App] All modules: [object Object] (App.tsx?t=1785666860326:undefined)
[2026-08-02T10:34:49.056Z] [LOG] [App] Kitchen module found: [object Object] (App.tsx?t=1785666860326:undefined)
[2026-08-02T10:34:49.108Z] [LOG] [App] Kitchen enabled: false (App.tsx?t=1785666860326:undefined)
[2026-08-02T10:34:49.142Z] [LOG] [App] All modules: [object Object] (App.tsx?t=1785666860326:undefined)
[2026-08-02T10:34:49.157Z] [LOG] [App] Kitchen module found: [object Object] (App.tsx?t=1785666860326:undefined)
[2026-08-02T10:34:49.173Z] [LOG] [App] Kitchen enabled: false (App.tsx?t=1785666860326:undefined)
[2026-08-02T10:34:49.665Z] [LOG] [App] All modules: [object Object] (App.tsx?t=1785666860326:undefined)
[2026-08-02T10:34:49.706Z] [LOG] [App] Kitchen module found: [object Object] (App.tsx?t=1785666860326:undefined)
[2026-08-02T10:34:49.754Z] [LOG] [App] Kitchen enabled: false (App.tsx?t=1785666860326:undefined)
[2026-08-02T10:34:49.794Z] [LOG] [App] All modules: [object Object] (App.tsx?t=1785666860326:undefined)
[2026-08-02T10:34:49.839Z] [LOG] [App] Kitchen module found: [object Object] (App.tsx?t=1785666860326:undefined)
[2026-08-02T10:34:49.858Z] [LOG] [App] Kitchen enabled: false (App.tsx?t=1785666860326:undefined)
[2026-08-02T10:34:49.906Z] [LOG] [App] All modules:  (App.tsx?t=1785666860326:undefined)
[2026-08-02T10:34:49.924Z] [LOG] [App] Kitchen module found: undefined (App.tsx?t=1785666860326:undefined)
[2026-08-02T10:34:49.929Z] [LOG] [App] Kitchen enabled: true (App.tsx?t=1785666860326:undefined)
[2026-08-02T10:34:49.933Z] [LOG] [App] All modules:  (App.tsx?t=1785666860326:undefined)
[2026-08-02T10:34:49.945Z] [LOG] [App] Kitchen module found: undefined (App.tsx?t=1785666860326:undefined)
[2026-08-02T10:34:49.958Z] [LOG] [App] Kitchen enabled: true (App.tsx?t=1785666860326:undefined)
[2026-08-02T10:34:50.291Z] [LOG] [App] All modules:  (App.tsx?t=1785666860326:undefined)
[2026-08-02T10:34:50.298Z] [LOG] [App] Kitchen module found: undefined (App.tsx?t=1785666860326:undefined)
[2026-08-02T10:34:50.312Z] [LOG] [App] Kitchen enabled: true (App.tsx?t=1785666860326:undefined)
[2026-08-02T10:34:50.329Z] [LOG] [App] All modules:  (App.tsx?t=1785666860326:undefined)
[2026-08-02T10:34:50.342Z] [LOG] [App] Kitchen module found: undefined (App.tsx?t=1785666860326:undefined)
[2026-08-02T10:34:50.349Z] [LOG] [App] Kitchen enabled: true (App.tsx?t=1785666860326:undefined)
[2026-08-02T10:34:50.389Z] [LOG] [App] All modules:  (App.tsx?t=1785666860326:undefined)
[2026-08-02T10:34:50.393Z] [LOG] [App] Kitchen module found: undefined (App.tsx?t=1785666860326:undefined)
[2026-08-02T10:34:50.406Z] [LOG] [App] Kitchen enabled: true (App.tsx?t=1785666860326:undefined)
[2026-08-02T10:34:50.414Z] [LOG] [App] All modules:  (App.tsx?t=1785666860326:undefined)
[2026-08-02T10:34:50.421Z] [LOG] [App] Kitchen module found: undefined (App.tsx?t=1785666860326:undefined)
[2026-08-02T10:34:50.424Z] [LOG] [App] Kitchen enabled: true (App.tsx?t=1785666860326:undefined)
[2026-08-02T10:34:50.457Z] [LOG] [App] All modules:  (App.tsx?t=1785666860326:undefined)
[2026-08-02T10:34:50.524Z] [LOG] [App] Kitchen module found: undefined (App.tsx?t=1785666860326:undefined)
[2026-08-02T10:34:50.543Z] [LOG] [App] Kitchen enabled: true (App.tsx?t=1785666860326:undefined)
[2026-08-02T10:34:50.577Z] [LOG] [App] All modules:  (App.tsx?t=1785666860326:undefined)
[2026-08-02T10:34:50.594Z] [LOG] [App] Kitchen module found: undefined (App.tsx?t=1785666860326:undefined)
[2026-08-02T10:34:50.630Z] [LOG] [App] Kitchen enabled: true (App.tsx?t=1785666860326:undefined)
[2026-08-02T10:34:50.765Z] [LOG] [App] All modules:  (App.tsx?t=1785666860326:undefined)
[2026-08-02T10:34:50.774Z] [LOG] [App] Kitchen module found: undefined (App.tsx?t=1785666860326:undefined)
[2026-08-02T10:34:50.781Z] [LOG] [App] Kitchen enabled: true (App.tsx?t=1785666860326:undefined)
[2026-08-02T10:34:50.793Z] [LOG] [App] All modules:  (App.tsx?t=1785666860326:undefined)
[2026-08-02T10:34:50.809Z] [LOG] [App] Kitchen module found: undefined (App.tsx?t=1785666860326:undefined)
[2026-08-02T10:34:50.842Z] [LOG] [App] Kitchen enabled: true (App.tsx?t=1785666860326:undefined)
[2026-08-02T10:34:50.942Z] [LOG] [App] All modules:  (App.tsx?t=1785666860326:undefined)
[2026-08-02T10:34:50.996Z] [LOG] [App] Kitchen module found: undefined (App.tsx?t=1785666860326:undefined)
[2026-08-02T10:34:51.027Z] [LOG] [App] Kitchen enabled: true (App.tsx?t=1785666860326:undefined)
[2026-08-02T10:34:51.066Z] [LOG] [App] All modules:  (App.tsx?t=1785666860326:undefined)
[2026-08-02T10:34:51.143Z] [LOG] [App] Kitchen module found: undefined (App.tsx?t=1785666860326:undefined)
[2026-08-02T10:34:51.162Z] [LOG] [App] Kitchen enabled: true (App.tsx?t=1785666860326:undefined)
[2026-08-02T10:34:51.188Z] [LOG] [App] All modules:  (App.tsx?t=1785666860326:undefined)
[2026-08-02T10:34:51.213Z] [LOG] [App] Kitchen module found: undefined (App.tsx?t=1785666860326:undefined)
[2026-08-02T10:34:51.225Z] [LOG] [App] Kitchen enabled: true (App.tsx?t=1785666860326:undefined)
[2026-08-02T10:34:51.238Z] [LOG] [App] All modules:  (App.tsx?t=1785666860326:undefined)
[2026-08-02T10:34:51.245Z] [LOG] [App] Kitchen module found: undefined (App.tsx?t=1785666860326:undefined)
[2026-08-02T10:34:51.249Z] [LOG] [App] Kitchen enabled: true (App.tsx?t=1785666860326:undefined)
[2026-08-02T10:34:51.290Z] [LOG] [App] All modules:  (App.tsx?t=1785666860326:undefined)
[2026-08-02T10:34:51.297Z] [LOG] [App] Kitchen module found: undefined (App.tsx?t=1785666860326:undefined)
[2026-08-02T10:34:51.309Z] [LOG] [App] Kitchen enabled: true (App.tsx?t=1785666860326:undefined)
[2026-08-02T10:34:51.319Z] [LOG] [App] All modules:  (App.tsx?t=1785666860326:undefined)
[2026-08-02T10:34:51.323Z] [LOG] [App] Kitchen module found: undefined (App.tsx?t=1785666860326:undefined)
[2026-08-02T10:34:51.327Z] [LOG] [App] Kitchen enabled: true (App.tsx?t=1785666860326:undefined)
[2026-08-02T10:34:51.347Z] [LOG] [App] All modules:  (App.tsx?t=1785666860326:undefined)
[2026-08-02T10:34:51.363Z] [LOG] [App] Kitchen module found: undefined (App.tsx?t=1785666860326:undefined)
[2026-08-02T10:34:51.372Z] [LOG] [App] Kitchen enabled: true (App.tsx?t=1785666860326:undefined)
[2026-08-02T10:34:51.377Z] [LOG] [App] All modules:  (App.tsx?t=1785666860326:undefined)
[2026-08-02T10:34:51.381Z] [LOG] [App] Kitchen module found: undefined (App.tsx?t=1785666860326:undefined)
[2026-08-02T10:34:51.393Z] [LOG] [App] Kitchen enabled: true (App.tsx?t=1785666860326:undefined)
[2026-08-02T10:34:51.407Z] [LOG] [App] All modules:  (App.tsx?t=1785666860326:undefined)
[2026-08-02T10:34:51.416Z] [LOG] [App] Kitchen module found: undefined (App.tsx?t=1785666860326:undefined)
[2026-08-02T10:34:51.435Z] [LOG] [App] Kitchen enabled: true (App.tsx?t=1785666860326:undefined)
[2026-08-02T10:34:51.446Z] [LOG] [App] All modules:  (App.tsx?t=1785666860326:undefined)
[2026-08-02T10:34:51.450Z] [LOG] [App] Kitchen module found: undefined (App.tsx?t=1785666860326:undefined)
[2026-08-02T10:34:51.460Z] [LOG] [App] Kitchen enabled: true (App.tsx?t=1785666860326:undefined)
[2026-08-02T10:34:51.521Z] [LOG] [App] All modules:  (App.tsx?t=1785666860326:undefined)
[2026-08-02T10:34:51.530Z] [LOG] [App] Kitchen module found: undefined (App.tsx?t=1785666860326:undefined)
[2026-08-02T10:34:51.538Z] [LOG] [App] Kitchen enabled: true (App.tsx?t=1785666860326:undefined)
[2026-08-02T10:34:51.542Z] [LOG] [App] All modules:  (App.tsx?t=1785666860326:undefined)
[2026-08-02T10:34:51.553Z] [LOG] [App] Kitchen module found: undefined (App.tsx?t=1785666860326:undefined)
[2026-08-02T10:34:51.556Z] [LOG] [App] Kitchen enabled: true (App.tsx?t=1785666860326:undefined)
[2026-08-02T10:34:51.570Z] [LOG] [App] All modules:  (App.tsx?t=1785666860326:undefined)
[2026-08-02T10:34:51.576Z] [LOG] [App] Kitchen module found: undefined (App.tsx?t=1785666860326:undefined)
[2026-08-02T10:34:51.594Z] [LOG] [App] Kitchen enabled: true (App.tsx?t=1785666860326:undefined)
[2026-08-02T10:34:51.623Z] [LOG] [App] All modules:  (App.tsx?t=1785666860326:undefined)
[2026-08-02T10:34:51.657Z] [LOG] [App] Kitchen module found: undefined (App.tsx?t=1785666860326:undefined)
[2026-08-02T10:34:51.676Z] [LOG] [App] Kitchen enabled: true (App.tsx?t=1785666860326:undefined)
[2026-08-02T10:34:51.710Z] [LOG] [App] All modules:  (App.tsx?t=1785666860326:undefined)
[2026-08-02T10:34:51.721Z] [LOG] [App] Kitchen module found: undefined (App.tsx?t=1785666860326:undefined)
[2026-08-02T10:34:51.730Z] [LOG] [App] Kitchen enabled: true (App.tsx?t=1785666860326:undefined)
[2026-08-02T10:34:51.737Z] [LOG] [App] All modules:  (App.tsx?t=1785666860326:undefined)
[2026-08-02T10:34:51.744Z] [LOG] [App] Kitchen module found: undefined (App.tsx?t=1785666860326:undefined)
[2026-08-02T10:34:51.755Z] [LOG] [App] Kitchen enabled: true (App.tsx?t=1785666860326:undefined)
[2026-08-02T10:34:51.782Z] [LOG] [App] All modules:  (App.tsx?t=1785666860326:undefined)
[2026-08-02T10:34:51.798Z] [LOG] [App] Kitchen module found: undefined (App.tsx?t=1785666860326:undefined)
[2026-08-02T10:34:51.812Z] [LOG] [App] Kitchen enabled: true (App.tsx?t=1785666860326:undefined)
[2026-08-02T10:34:51.823Z] [LOG] [App] All modules:  (App.tsx?t=1785666860326:undefined)
[2026-08-02T10:34:51.842Z] [LOG] [App] Kitchen module found: undefined (App.tsx?t=1785666860326:undefined)
[2026-08-02T10:34:51.866Z] [LOG] [App] Kitchen enabled: true (App.tsx?t=1785666860326:undefined)
[2026-08-02T10:34:51.942Z] [LOG] [App] All modules:  (App.tsx?t=1785666860326:undefined)
[2026-08-02T10:34:51.954Z] [LOG] [App] Kitchen module found: undefined (App.tsx?t=1785666860326:undefined)
[2026-08-02T10:34:51.964Z] [LOG] [App] Kitchen enabled: true (App.tsx?t=1785666860326:undefined)
[2026-08-02T10:34:51.972Z] [LOG] [App] All modules:  (App.tsx?t=1785666860326:undefined)
[2026-08-02T10:34:51.990Z] [LOG] [App] Kitchen module found: undefined (App.tsx?t=1785666860326:undefined)
[2026-08-02T10:34:51.996Z] [LOG] [App] Kitchen enabled: true (App.tsx?t=1785666860326:undefined)
[2026-08-02T10:34:52.020Z] [LOG] [App] All modules:  (App.tsx?t=1785666860326:undefined)
[2026-08-02T10:34:52.026Z] [LOG] [App] Kitchen module found: undefined (App.tsx?t=1785666860326:undefined)
[2026-08-02T10:34:52.041Z] [LOG] [App] Kitchen enabled: true (App.tsx?t=1785666860326:undefined)
[2026-08-02T10:34:52.048Z] [LOG] [App] All modules:  (App.tsx?t=1785666860326:undefined)
[2026-08-02T10:34:52.058Z] [LOG] [App] Kitchen module found: undefined (App.tsx?t=1785666860326:undefined)
[2026-08-02T10:34:52.062Z] [LOG] [App] Kitchen enabled: true (App.tsx?t=1785666860326:undefined)
[2026-08-02T10:34:52.077Z] [LOG] [App] All modules:  (App.tsx?t=1785666860326:undefined)
[2026-08-02T10:34:52.083Z] [LOG] [App] Kitchen module found: undefined (App.tsx?t=1785666860326:undefined)
[2026-08-02T10:34:52.088Z] [LOG] [App] Kitchen enabled: true (App.tsx?t=1785666860326:undefined)
[2026-08-02T10:34:52.089Z] [LOG] [App] All modules:  (App.tsx?t=1785666860326:undefined)
[2026-08-02T10:34:52.099Z] [LOG] [App] Kitchen module found: undefined (App.tsx?t=1785666860326:undefined)
[2026-08-02T10:34:52.107Z] [LOG] [App] Kitchen enabled: true (App.tsx?t=1785666860326:undefined)
[2026-08-02T10:34:52.131Z] [LOG] [App] All modules:  (App.tsx?t=1785666860326:undefined)
[2026-08-02T10:34:52.142Z] [LOG] [App] Kitchen module found: undefined (App.tsx?t=1785666860326:undefined)
[2026-08-02T10:34:52.145Z] [LOG] [App] Kitchen enabled: true (App.tsx?t=1785666860326:undefined)
[2026-08-02T10:34:52.148Z] [LOG] [App] All modules:  (App.tsx?t=1785666860326:undefined)
[2026-08-02T10:34:52.159Z] [LOG] [App] Kitchen module found: undefined (App.tsx?t=1785666860326:undefined)
[2026-08-02T10:34:52.164Z] [LOG] [App] Kitchen enabled: true (App.tsx?t=1785666860326:undefined)
[2026-08-02T10:34:52.305Z] [LOG] [App] All modules:  (App.tsx?t=1785666860326:undefined)
[2026-08-02T10:34:52.377Z] [LOG] [App] Kitchen module found: undefined (App.tsx?t=1785666860326:undefined)
[2026-08-02T10:34:52.425Z] [LOG] [App] Kitchen enabled: true (App.tsx?t=1785666860326:undefined)
[2026-08-02T10:34:52.481Z] [LOG] [App] All modules:  (App.tsx?t=1785666860326:undefined)
[2026-08-02T10:34:52.511Z] [LOG] [App] Kitchen module found: undefined (App.tsx?t=1785666860326:undefined)
[2026-08-02T10:34:52.528Z] [LOG] [App] Kitchen enabled: true (App.tsx?t=1785666860326:undefined)
[2026-08-02T10:34:52.556Z] [LOG] [App] All modules:  (App.tsx?t=1785666860326:undefined)
[2026-08-02T10:34:52.570Z] [LOG] [App] Kitchen module found: undefined (App.tsx?t=1785666860326:undefined)
[2026-08-02T10:34:52.580Z] [LOG] [App] Kitchen enabled: true (App.tsx?t=1785666860326:undefined)
[2026-08-02T10:34:52.592Z] [LOG] [App] All modules:  (App.tsx?t=1785666860326:undefined)
[2026-08-02T10:34:52.600Z] [LOG] [App] Kitchen module found: undefined (App.tsx?t=1785666860326:undefined)
[2026-08-02T10:34:52.605Z] [LOG] [App] Kitchen enabled: true (App.tsx?t=1785666860326:undefined)
[2026-08-02T10:34:52.617Z] [LOG] [App] All modules:  (App.tsx?t=1785666860326:undefined)
[2026-08-02T10:34:52.628Z] [LOG] [App] Kitchen module found: undefined (App.tsx?t=1785666860326:undefined)
[2026-08-02T10:34:52.629Z] [LOG] [App] Kitchen enabled: true (App.tsx?t=1785666860326:undefined)
[2026-08-02T10:34:52.632Z] [LOG] [App] All modules:  (App.tsx?t=1785666860326:undefined)
[2026-08-02T10:34:52.647Z] [LOG] [App] Kitchen module found: undefined (App.tsx?t=1785666860326:undefined)
[2026-08-02T10:34:52.655Z] [LOG] [App] Kitchen enabled: true (App.tsx?t=1785666860326:undefined)
[2026-08-02T10:34:52.681Z] [LOG] [App] All modules:  (App.tsx?t=1785666860326:undefined)
[2026-08-02T10:34:52.695Z] [LOG] [App] Kitchen module found: undefined (App.tsx?t=1785666860326:undefined)
[2026-08-02T10:34:52.706Z] [LOG] [App] Kitchen enabled: true (App.tsx?t=1785666860326:undefined)
[2026-08-02T10:34:52.721Z] [LOG] [App] All modules:  (App.tsx?t=1785666860326:undefined)
[2026-08-02T10:34:52.729Z] [LOG] [App] Kitchen module found: undefined (App.tsx?t=1785666860326:undefined)
[2026-08-02T10:34:52.730Z] [LOG] [App] Kitchen enabled: true (App.tsx?t=1785666860326:undefined)
[2026-08-02T10:34:52.738Z] [LOG] [App] All modules:  (App.tsx?t=1785666860326:undefined)
[2026-08-02T10:34:52.747Z] [LOG] [App] Kitchen module found: undefined (App.tsx?t=1785666860326:undefined)
[2026-08-02T10:34:52.755Z] [LOG] [App] Kitchen enabled: true (App.tsx?t=1785666860326:undefined)
[2026-08-02T10:34:52.764Z] [LOG] [App] All modules:  (App.tsx?t=1785666860326:undefined)
[2026-08-02T10:34:52.771Z] [LOG] [App] Kitchen module found: undefined (App.tsx?t=1785666860326:undefined)
[2026-08-02T10:34:52.781Z] [LOG] [App] Kitchen enabled: true (App.tsx?t=1785666860326:undefined)
[2026-08-02T10:35:15.157Z] [LOG] [App] All modules:  (App.tsx?t=1785666860326:undefined)
[2026-08-02T10:35:15.158Z] [LOG] [App] Kitchen module found: undefined (App.tsx?t=1785666860326:undefined)
[2026-08-02T10:35:15.161Z] [LOG] [App] Kitchen enabled: true (App.tsx?t=1785666860326:undefined)
[2026-08-02T10:35:15.175Z] [LOG] [App] All modules:  (App.tsx?t=1785666860326:undefined)
[2026-08-02T10:35:15.179Z] [LOG] [App] Kitchen module found: undefined (App.tsx?t=1785666860326:undefined)
[2026-08-02T10:35:15.191Z] [LOG] [App] Kitchen enabled: true (App.tsx?t=1785666860326:undefined)
[2026-08-02T10:35:22.954Z] [LOG] [App] All modules:  (App.tsx?t=1785666860326:undefined)
[2026-08-02T10:35:22.957Z] [LOG] [App] Kitchen module found: undefined (App.tsx?t=1785666860326:undefined)
[2026-08-02T10:35:22.976Z] [LOG] [App] Kitchen enabled: true (App.tsx?t=1785666860326:undefined)
[2026-08-02T10:35:22.980Z] [LOG] [App] All modules:  (App.tsx?t=1785666860326:undefined)
[2026-08-02T10:35:22.993Z] [LOG] [App] Kitchen module found: undefined (App.tsx?t=1785666860326:undefined)
[2026-08-02T10:35:23.010Z] [LOG] [App] Kitchen enabled: true (App.tsx?t=1785666860326:undefined)
[2026-08-02T10:35:23.117Z] [LOG] [App] All modules:  (App.tsx?t=1785666860326:undefined)
[2026-08-02T10:35:23.125Z] [LOG] [App] Kitchen module found: undefined (App.tsx?t=1785666860326:undefined)
[2026-08-02T10:35:23.129Z] [LOG] [App] Kitchen enabled: true (App.tsx?t=1785666860326:undefined)
[2026-08-02T10:35:23.133Z] [LOG] [App] All modules:  (App.tsx?t=1785666860326:undefined)
[2026-08-02T10:35:23.147Z] [LOG] [App] Kitchen module found: undefined (App.tsx?t=1785666860326:undefined)
[2026-08-02T10:35:23.155Z] [LOG] [App] Kitchen enabled: true (App.tsx?t=1785666860326:undefined)
[2026-08-02T10:35:28.375Z] [LOG] [App] All modules:  (App.tsx?t=1785666860326:undefined)
[2026-08-02T10:35:28.406Z] [LOG] [App] Kitchen module found: undefined (App.tsx?t=1785666860326:undefined)
[2026-08-02T10:35:28.435Z] [LOG] [App] Kitchen enabled: true (App.tsx?t=1785666860326:undefined)
[2026-08-02T10:35:28.463Z] [LOG] [App] All modules:  (App.tsx?t=1785666860326:undefined)
[2026-08-02T10:35:28.540Z] [LOG] [App] Kitchen module found: undefined (App.tsx?t=1785666860326:undefined)
[2026-08-02T10:35:28.641Z] [LOG] [App] Kitchen enabled: true (App.tsx?t=1785666860326:undefined)
[2026-08-02T10:35:47.608Z] [DEBUG] [vite] hot updated: /src/App.tsx (client:undefined)
[2026-08-02T10:35:47.628Z] [DEBUG] [vite] hot updated: /src/index.css (client:undefined)
[2026-08-02T10:35:48.032Z] [LOG] [App] All modules:  (App.tsx?t=1785666947030:undefined)
[2026-08-02T10:35:48.051Z] [LOG] [App] Kitchen module found: undefined (App.tsx?t=1785666947030:undefined)
[2026-08-02T10:35:48.076Z] [LOG] [App] Kitchen enabled: true (App.tsx?t=1785666947030:undefined)
[2026-08-02T10:35:48.161Z] [LOG] [App] All modules:  (App.tsx?t=1785666947030:undefined)
[2026-08-02T10:35:48.162Z] [LOG] [App] Kitchen module found: undefined (App.tsx?t=1785666947030:undefined)
[2026-08-02T10:35:48.167Z] [LOG] [App] Kitchen enabled: true (App.tsx?t=1785666947030:undefined)
[2026-08-02T10:36:09.358Z] [DEBUG] [vite] connecting... (client:undefined)
[2026-08-02T10:36:10.128Z] [INFO] %cDownload the React DevTools for a better development experience: https://react.dev/link/react-devtools font-weight:bold (react-dom_client.js?v=3e7169fe:undefined)
[2026-08-02T10:36:10.312Z] [DEBUG] [vite] connected. (client:undefined)
[2026-08-02T10:36:10.599Z] [LOG] [App] All modules: [object Object] (App.tsx?t=1785666947030:undefined)
[2026-08-02T10:36:10.614Z] [LOG] [App] Kitchen module found: [object Object] (App.tsx?t=1785666947030:undefined)
[2026-08-02T10:36:10.630Z] [LOG] [App] Kitchen enabled: false (App.tsx?t=1785666947030:undefined)
[2026-08-02T10:36:10.644Z] [LOG] [App] All modules: [object Object] (App.tsx?t=1785666947030:undefined)
[2026-08-02T10:36:10.679Z] [LOG] [App] Kitchen module found: [object Object] (App.tsx?t=1785666947030:undefined)
[2026-08-02T10:36:10.699Z] [LOG] [App] Kitchen enabled: false (App.tsx?t=1785666947030:undefined)
[2026-08-02T10:36:11.535Z] [LOG] [App] All modules:  (App.tsx?t=1785666947030:undefined)
[2026-08-02T10:36:11.549Z] [LOG] [App] Kitchen module found: undefined (App.tsx?t=1785666947030:undefined)
[2026-08-02T10:36:11.565Z] [LOG] [App] Kitchen enabled: true (App.tsx?t=1785666947030:undefined)
[2026-08-02T10:36:11.579Z] [LOG] [App] All modules:  (App.tsx?t=1785666947030:undefined)
[2026-08-02T10:36:11.592Z] [LOG] [App] Kitchen module found: undefined (App.tsx?t=1785666947030:undefined)
[2026-08-02T10:36:11.604Z] [LOG] [App] Kitchen enabled: true (App.tsx?t=1785666947030:undefined)
[2026-08-02T10:36:11.610Z] [LOG] [App] All modules:  (App.tsx?t=1785666947030:undefined)
[2026-08-02T10:36:11.624Z] [LOG] [App] Kitchen module found: undefined (App.tsx?t=1785666947030:undefined)
[2026-08-02T10:36:11.630Z] [LOG] [App] Kitchen enabled: true (App.tsx?t=1785666947030:undefined)
[2026-08-02T10:36:11.634Z] [LOG] [App] All modules:  (App.tsx?t=1785666947030:undefined)
[2026-08-02T10:36:11.642Z] [LOG] [App] Kitchen module found: undefined (App.tsx?t=1785666947030:undefined)
[2026-08-02T10:36:11.656Z] [LOG] [App] Kitchen enabled: true (App.tsx?t=1785666947030:undefined)
[2026-08-02T10:36:12.298Z] [LOG] [App] All modules:  (App.tsx?t=1785666947030:undefined)
[2026-08-02T10:36:12.317Z] [LOG] [App] Kitchen module found: undefined (App.tsx?t=1785666947030:undefined)
[2026-08-02T10:36:12.344Z] [LOG] [App] Kitchen enabled: true (App.tsx?t=1785666947030:undefined)
[2026-08-02T10:36:12.347Z] [LOG] [App] All modules:  (App.tsx?t=1785666947030:undefined)
[2026-08-02T10:36:12.357Z] [LOG] [App] Kitchen module found: undefined (App.tsx?t=1785666947030:undefined)
[2026-08-02T10:36:12.367Z] [LOG] [App] Kitchen enabled: true (App.tsx?t=1785666947030:undefined)
[2026-08-02T10:36:12.396Z] [LOG] [App] All modules:  (App.tsx?t=1785666947030:undefined)
[2026-08-02T10:36:12.413Z] [LOG] [App] Kitchen module found: undefined (App.tsx?t=1785666947030:undefined)
[2026-08-02T10:36:12.442Z] [LOG] [App] Kitchen enabled: true (App.tsx?t=1785666947030:undefined)
[2026-08-02T10:36:12.448Z] [LOG] [App] All modules:  (App.tsx?t=1785666947030:undefined)
[2026-08-02T10:36:12.463Z] [LOG] [App] Kitchen module found: undefined (App.tsx?t=1785666947030:undefined)
[2026-08-02T10:36:12.466Z] [LOG] [App] Kitchen enabled: true (App.tsx?t=1785666947030:undefined)
[2026-08-02T10:36:12.511Z] [LOG] [App] All modules:  (App.tsx?t=1785666947030:undefined)
[2026-08-02T10:36:12.528Z] [LOG] [App] Kitchen module found: undefined (App.tsx?t=1785666947030:undefined)
[2026-08-02T10:36:12.535Z] [LOG] [App] Kitchen enabled: true (App.tsx?t=1785666947030:undefined)
[2026-08-02T10:36:12.552Z] [LOG] [App] All modules:  (App.tsx?t=1785666947030:undefined)
[2026-08-02T10:36:12.558Z] [LOG] [App] Kitchen module found: undefined (App.tsx?t=1785666947030:undefined)
[2026-08-02T10:36:12.567Z] [LOG] [App] Kitchen enabled: true (App.tsx?t=1785666947030:undefined)
[2026-08-02T10:36:12.619Z] [LOG] [App] All modules:  (App.tsx?t=1785666947030:undefined)
[2026-08-02T10:36:12.632Z] [LOG] [App] Kitchen module found: undefined (App.tsx?t=1785666947030:undefined)
[2026-08-02T10:36:12.671Z] [LOG] [App] Kitchen enabled: true (App.tsx?t=1785666947030:undefined)
[2026-08-02T10:36:12.672Z] [LOG] [App] All modules:  (App.tsx?t=1785666947030:undefined)
[2026-08-02T10:36:12.735Z] [LOG] [App] Kitchen module found: undefined (App.tsx?t=1785666947030:undefined)
[2026-08-02T10:36:12.772Z] [LOG] [App] Kitchen enabled: true (App.tsx?t=1785666947030:undefined)
[2026-08-02T10:36:12.866Z] [LOG] [App] All modules:  (App.tsx?t=1785666947030:undefined)
[2026-08-02T10:36:12.884Z] [LOG] [App] Kitchen module found: undefined (App.tsx?t=1785666947030:undefined)
[2026-08-02T10:36:12.900Z] [LOG] [App] Kitchen enabled: true (App.tsx?t=1785666947030:undefined)
[2026-08-02T10:36:12.911Z] [LOG] [App] All modules:  (App.tsx?t=1785666947030:undefined)
[2026-08-02T10:36:12.927Z] [LOG] [App] Kitchen module found: undefined (App.tsx?t=1785666947030:undefined)
[2026-08-02T10:36:12.957Z] [LOG] [App] Kitchen enabled: true (App.tsx?t=1785666947030:undefined)
[2026-08-02T10:36:13.058Z] [LOG] [App] All modules:  (App.tsx?t=1785666947030:undefined)
[2026-08-02T10:36:13.060Z] [LOG] [App] Kitchen module found: undefined (App.tsx?t=1785666947030:undefined)
[2026-08-02T10:36:13.125Z] [LOG] [App] Kitchen enabled: true (App.tsx?t=1785666947030:undefined)
[2026-08-02T10:36:13.163Z] [LOG] [App] All modules:  (App.tsx?t=1785666947030:undefined)
[2026-08-02T10:36:13.193Z] [LOG] [App] Kitchen module found: undefined (App.tsx?t=1785666947030:undefined)
[2026-08-02T10:36:13.224Z] [LOG] [App] Kitchen enabled: true (App.tsx?t=1785666947030:undefined)
[2026-08-02T10:36:13.521Z] [LOG] [App] All modules:  (App.tsx?t=1785666947030:undefined)
[2026-08-02T10:36:13.606Z] [LOG] [App] Kitchen module found: undefined (App.tsx?t=1785666947030:undefined)
[2026-08-02T10:36:13.664Z] [LOG] [App] Kitchen enabled: true (App.tsx?t=1785666947030:undefined)
[2026-08-02T10:36:13.691Z] [LOG] [App] All modules:  (App.tsx?t=1785666947030:undefined)
[2026-08-02T10:36:13.712Z] [LOG] [App] Kitchen module found: undefined (App.tsx?t=1785666947030:undefined)
[2026-08-02T10:36:13.728Z] [LOG] [App] Kitchen enabled: true (App.tsx?t=1785666947030:undefined)
[2026-08-02T10:36:14.498Z] [LOG] [App] All modules:  (App.tsx?t=1785666947030:undefined)
[2026-08-02T10:36:14.506Z] [LOG] [App] Kitchen module found: undefined (App.tsx?t=1785666947030:undefined)
[2026-08-02T10:36:14.508Z] [LOG] [App] Kitchen enabled: true (App.tsx?t=1785666947030:undefined)
[2026-08-02T10:36:14.548Z] [LOG] [App] All modules:  (App.tsx?t=1785666947030:undefined)
[2026-08-02T10:36:14.568Z] [LOG] [App] Kitchen module found: undefined (App.tsx?t=1785666947030:undefined)
[2026-08-02T10:36:14.583Z] [LOG] [App] Kitchen enabled: true (App.tsx?t=1785666947030:undefined)
[2026-08-02T10:36:14.623Z] [LOG] [App] All modules:  (App.tsx?t=1785666947030:undefined)
[2026-08-02T10:36:14.642Z] [LOG] [App] Kitchen module found: undefined (App.tsx?t=1785666947030:undefined)
[2026-08-02T10:36:14.677Z] [LOG] [App] Kitchen enabled: true (App.tsx?t=1785666947030:undefined)
[2026-08-02T10:36:14.712Z] [LOG] [App] All modules:  (App.tsx?t=1785666947030:undefined)
[2026-08-02T10:36:14.742Z] [LOG] [App] Kitchen module found: undefined (App.tsx?t=1785666947030:undefined)
[2026-08-02T10:36:14.798Z] [LOG] [App] Kitchen enabled: true (App.tsx?t=1785666947030:undefined)
[2026-08-02T10:36:14.937Z] [LOG] [App] All modules:  (App.tsx?t=1785666947030:undefined)
[2026-08-02T10:36:14.989Z] [LOG] [App] Kitchen module found: undefined (App.tsx?t=1785666947030:undefined)
[2026-08-02T10:36:15.057Z] [LOG] [App] Kitchen enabled: true (App.tsx?t=1785666947030:undefined)
[2026-08-02T10:36:15.100Z] [LOG] [App] All modules:  (App.tsx?t=1785666947030:undefined)
[2026-08-02T10:36:15.127Z] [LOG] [App] Kitchen module found: undefined (App.tsx?t=1785666947030:undefined)
[2026-08-02T10:36:15.158Z] [LOG] [App] Kitchen enabled: true (App.tsx?t=1785666947030:undefined)
[2026-08-02T10:36:15.295Z] [LOG] [App] All modules:  (App.tsx?t=1785666947030:undefined)
[2026-08-02T10:36:15.348Z] [LOG] [App] Kitchen module found: undefined (App.tsx?t=1785666947030:undefined)
[2026-08-02T10:36:15.425Z] [LOG] [App] Kitchen enabled: true (App.tsx?t=1785666947030:undefined)
[2026-08-02T10:36:15.477Z] [LOG] [App] All modules:  (App.tsx?t=1785666947030:undefined)
[2026-08-02T10:36:15.538Z] [LOG] [App] Kitchen module found: undefined (App.tsx?t=1785666947030:undefined)
[2026-08-02T10:36:15.615Z] [LOG] [App] Kitchen enabled: true (App.tsx?t=1785666947030:undefined)
[2026-08-02T10:36:15.796Z] [LOG] [App] All modules:  (App.tsx?t=1785666947030:undefined)
[2026-08-02T10:36:15.817Z] [LOG] [App] Kitchen module found: undefined (App.tsx?t=1785666947030:undefined)
[2026-08-02T10:36:15.851Z] [LOG] [App] Kitchen enabled: true (App.tsx?t=1785666947030:undefined)
[2026-08-02T10:36:15.891Z] [LOG] [App] All modules:  (App.tsx?t=1785666947030:undefined)
[2026-08-02T10:36:15.916Z] [LOG] [App] Kitchen module found: undefined (App.tsx?t=1785666947030:undefined)
[2026-08-02T10:36:15.988Z] [LOG] [App] Kitchen enabled: true (App.tsx?t=1785666947030:undefined)
[2026-08-02T10:36:16.094Z] [LOG] [App] All modules:  (App.tsx?t=1785666947030:undefined)
[2026-08-02T10:36:16.112Z] [LOG] [App] Kitchen module found: undefined (App.tsx?t=1785666947030:undefined)
[2026-08-02T10:36:16.177Z] [LOG] [App] Kitchen enabled: true (App.tsx?t=1785666947030:undefined)
[2026-08-02T10:36:16.233Z] [LOG] [App] All modules:  (App.tsx?t=1785666947030:undefined)
[2026-08-02T10:36:16.299Z] [LOG] [App] Kitchen module found: undefined (App.tsx?t=1785666947030:undefined)
[2026-08-02T10:36:16.337Z] [LOG] [App] Kitchen enabled: true (App.tsx?t=1785666947030:undefined)
[2026-08-02T10:36:16.392Z] [LOG] [App] All modules:  (App.tsx?t=1785666947030:undefined)
[2026-08-02T10:36:16.411Z] [LOG] [App] Kitchen module found: undefined (App.tsx?t=1785666947030:undefined)
[2026-08-02T10:36:16.519Z] [LOG] [App] Kitchen enabled: true (App.tsx?t=1785666947030:undefined)
[2026-08-02T10:36:16.668Z] [LOG] [App] All modules:  (App.tsx?t=1785666947030:undefined)
[2026-08-02T10:36:16.712Z] [LOG] [App] Kitchen module found: undefined (App.tsx?t=1785666947030:undefined)
[2026-08-02T10:36:16.796Z] [LOG] [App] Kitchen enabled: true (App.tsx?t=1785666947030:undefined)
[2026-08-02T10:36:16.895Z] [LOG] [App] All modules:  (App.tsx?t=1785666947030:undefined)
[2026-08-02T10:36:16.927Z] [LOG] [App] Kitchen module found: undefined (App.tsx?t=1785666947030:undefined)
[2026-08-02T10:36:16.985Z] [LOG] [App] Kitchen enabled: true (App.tsx?t=1785666947030:undefined)
[2026-08-02T10:36:17.017Z] [LOG] [App] All modules:  (App.tsx?t=1785666947030:undefined)
[2026-08-02T10:36:17.029Z] [LOG] [App] Kitchen module found: undefined (App.tsx?t=1785666947030:undefined)
[2026-08-02T10:36:17.051Z] [LOG] [App] Kitchen enabled: true (App.tsx?t=1785666947030:undefined)
[2026-08-02T10:36:17.224Z] [LOG] [App] All modules:  (App.tsx?t=1785666947030:undefined)
[2026-08-02T10:36:17.265Z] [LOG] [App] Kitchen module found: undefined (App.tsx?t=1785666947030:undefined)
[2026-08-02T10:36:17.270Z] [LOG] [App] Kitchen enabled: true (App.tsx?t=1785666947030:undefined)
[2026-08-02T10:36:17.295Z] [LOG] [App] All modules:  (App.tsx?t=1785666947030:undefined)
[2026-08-02T10:36:17.325Z] [LOG] [App] Kitchen module found: undefined (App.tsx?t=1785666947030:undefined)
[2026-08-02T10:36:17.378Z] [LOG] [App] Kitchen enabled: true (App.tsx?t=1785666947030:undefined)
[2026-08-02T10:36:17.424Z] [LOG] [App] All modules:  (App.tsx?t=1785666947030:undefined)
[2026-08-02T10:36:17.433Z] [LOG] [App] Kitchen module found: undefined (App.tsx?t=1785666947030:undefined)
[2026-08-02T10:36:17.446Z] [LOG] [App] Kitchen enabled: true (App.tsx?t=1785666947030:undefined)
[2026-08-02T10:36:17.460Z] [LOG] [App] All modules:  (App.tsx?t=1785666947030:undefined)
[2026-08-02T10:36:17.479Z] [LOG] [App] Kitchen module found: undefined (App.tsx?t=1785666947030:undefined)
[2026-08-02T10:36:17.538Z] [LOG] [App] Kitchen enabled: true (App.tsx?t=1785666947030:undefined)
[2026-08-02T10:36:18.019Z] [LOG] [App] All modules:  (App.tsx?t=1785666947030:undefined)
[2026-08-02T10:36:18.028Z] [LOG] [App] Kitchen module found: undefined (App.tsx?t=1785666947030:undefined)
[2026-08-02T10:36:18.035Z] [LOG] [App] Kitchen enabled: true (App.tsx?t=1785666947030:undefined)
[2026-08-02T10:36:18.040Z] [LOG] [App] All modules:  (App.tsx?t=1785666947030:undefined)
[2026-08-02T10:36:18.078Z] [LOG] [App] Kitchen module found: undefined (App.tsx?t=1785666947030:undefined)
[2026-08-02T10:36:18.087Z] [LOG] [App] Kitchen enabled: true (App.tsx?t=1785666947030:undefined)
[2026-08-02T10:36:18.093Z] [LOG] [App] All modules:  (App.tsx?t=1785666947030:undefined)
[2026-08-02T10:36:18.115Z] [LOG] [App] Kitchen module found: undefined (App.tsx?t=1785666947030:undefined)
[2026-08-02T10:36:18.139Z] [LOG] [App] Kitchen enabled: true (App.tsx?t=1785666947030:undefined)
[2026-08-02T10:36:18.144Z] [LOG] [App] All modules:  (App.tsx?t=1785666947030:undefined)
[2026-08-02T10:36:18.167Z] [LOG] [App] Kitchen module found: undefined (App.tsx?t=1785666947030:undefined)
[2026-08-02T10:36:18.193Z] [LOG] [App] Kitchen enabled: true (App.tsx?t=1785666947030:undefined)
[2026-08-02T10:36:18.277Z] [LOG] [App] All modules:  (App.tsx?t=1785666947030:undefined)
[2026-08-02T10:36:18.298Z] [LOG] [App] Kitchen module found: undefined (App.tsx?t=1785666947030:undefined)
[2026-08-02T10:36:18.312Z] [LOG] [App] Kitchen enabled: true (App.tsx?t=1785666947030:undefined)
[2026-08-02T10:36:18.332Z] [LOG] [App] All modules:  (App.tsx?t=1785666947030:undefined)
[2026-08-02T10:36:18.346Z] [LOG] [App] Kitchen module found: undefined (App.tsx?t=1785666947030:undefined)
[2026-08-02T10:36:18.378Z] [LOG] [App] Kitchen enabled: true (App.tsx?t=1785666947030:undefined)
[2026-08-02T10:36:18.396Z] [LOG] [App] All modules:  (App.tsx?t=1785666947030:undefined)
[2026-08-02T10:36:18.423Z] [LOG] [App] Kitchen module found: undefined (App.tsx?t=1785666947030:undefined)
[2026-08-02T10:36:18.478Z] [LOG] [App] Kitchen enabled: true (App.tsx?t=1785666947030:undefined)
[2026-08-02T10:36:18.493Z] [LOG] [App] All modules:  (App.tsx?t=1785666947030:undefined)
[2026-08-02T10:36:18.508Z] [LOG] [App] Kitchen module found: undefined (App.tsx?t=1785666947030:undefined)
[2026-08-02T10:36:18.534Z] [LOG] [App] Kitchen enabled: true (App.tsx?t=1785666947030:undefined)
[2026-08-02T10:36:18.663Z] [LOG] [App] All modules:  (App.tsx?t=1785666947030:undefined)
[2026-08-02T10:36:18.673Z] [LOG] [App] Kitchen module found: undefined (App.tsx?t=1785666947030:undefined)
[2026-08-02T10:36:18.684Z] [LOG] [App] Kitchen enabled: true (App.tsx?t=1785666947030:undefined)
[2026-08-02T10:36:18.710Z] [LOG] [App] All modules:  (App.tsx?t=1785666947030:undefined)
[2026-08-02T10:36:18.761Z] [LOG] [App] Kitchen module found: undefined (App.tsx?t=1785666947030:undefined)
[2026-08-02T10:36:18.825Z] [LOG] [App] Kitchen enabled: true (App.tsx?t=1785666947030:undefined)
[2026-08-02T10:36:18.865Z] [LOG] [App] All modules:  (App.tsx?t=1785666947030:undefined)
[2026-08-02T10:36:18.892Z] [LOG] [App] Kitchen module found: undefined (App.tsx?t=1785666947030:undefined)
[2026-08-02T10:36:18.914Z] [LOG] [App] Kitchen enabled: true (App.tsx?t=1785666947030:undefined)
[2026-08-02T10:36:18.943Z] [LOG] [App] All modules:  (App.tsx?t=1785666947030:undefined)
[2026-08-02T10:36:18.961Z] [LOG] [App] Kitchen module found: undefined (App.tsx?t=1785666947030:undefined)
[2026-08-02T10:36:19.032Z] [LOG] [App] Kitchen enabled: true (App.tsx?t=1785666947030:undefined)
[2026-08-02T10:36:19.283Z] [LOG] [App] All modules:  (App.tsx?t=1785666947030:undefined)
[2026-08-02T10:36:19.306Z] [LOG] [App] Kitchen module found: undefined (App.tsx?t=1785666947030:undefined)
[2026-08-02T10:36:19.340Z] [LOG] [App] Kitchen enabled: true (App.tsx?t=1785666947030:undefined)
[2026-08-02T10:36:19.357Z] [LOG] [App] All modules:  (App.tsx?t=1785666947030:undefined)
[2026-08-02T10:36:19.367Z] [LOG] [App] Kitchen module found: undefined (App.tsx?t=1785666947030:undefined)
[2026-08-02T10:36:19.384Z] [LOG] [App] Kitchen enabled: true (App.tsx?t=1785666947030:undefined)
[2026-08-02T10:36:19.411Z] [LOG] [App] All modules:  (App.tsx?t=1785666947030:undefined)
[2026-08-02T10:36:19.422Z] [LOG] [App] Kitchen module found: undefined (App.tsx?t=1785666947030:undefined)
[2026-08-02T10:36:19.432Z] [LOG] [App] Kitchen enabled: true (App.tsx?t=1785666947030:undefined)
[2026-08-02T10:36:19.443Z] [LOG] [App] All modules:  (App.tsx?t=1785666947030:undefined)
[2026-08-02T10:36:19.457Z] [LOG] [App] Kitchen module found: undefined (App.tsx?t=1785666947030:undefined)
[2026-08-02T10:36:19.462Z] [LOG] [App] Kitchen enabled: true (App.tsx?t=1785666947030:undefined)
[2026-08-02T10:36:19.475Z] [LOG] [App] All modules:  (App.tsx?t=1785666947030:undefined)
[2026-08-02T10:36:19.485Z] [LOG] [App] Kitchen module found: undefined (App.tsx?t=1785666947030:undefined)
[2026-08-02T10:36:19.495Z] [LOG] [App] Kitchen enabled: true (App.tsx?t=1785666947030:undefined)
[2026-08-02T10:36:19.500Z] [LOG] [App] All modules:  (App.tsx?t=1785666947030:undefined)
[2026-08-02T10:36:19.513Z] [LOG] [App] Kitchen module found: undefined (App.tsx?t=1785666947030:undefined)
[2026-08-02T10:36:19.517Z] [LOG] [App] Kitchen enabled: true (App.tsx?t=1785666947030:undefined)
[2026-08-02T10:36:19.547Z] [LOG] [App] All modules:  (App.tsx?t=1785666947030:undefined)
[2026-08-02T10:36:19.557Z] [LOG] [App] Kitchen module found: undefined (App.tsx?t=1785666947030:undefined)
[2026-08-02T10:36:19.567Z] [LOG] [App] Kitchen enabled: true (App.tsx?t=1785666947030:undefined)
[2026-08-02T10:36:19.577Z] [LOG] [App] All modules:  (App.tsx?t=1785666947030:undefined)
[2026-08-02T10:36:19.583Z] [LOG] [App] Kitchen module found: undefined (App.tsx?t=1785666947030:undefined)
[2026-08-02T10:36:19.596Z] [LOG] [App] Kitchen enabled: true (App.tsx?t=1785666947030:undefined)
[2026-08-02T10:36:26.747Z] [LOG] [App] All modules:  (App.tsx?t=1785666947030:undefined)
[2026-08-02T10:36:26.748Z] [LOG] [App] Kitchen module found: undefined (App.tsx?t=1785666947030:undefined)
[2026-08-02T10:36:26.754Z] [LOG] [App] Kitchen enabled: true (App.tsx?t=1785666947030:undefined)
[2026-08-02T10:36:26.763Z] [LOG] [App] All modules:  (App.tsx?t=1785666947030:undefined)
[2026-08-02T10:36:26.768Z] [LOG] [App] Kitchen module found: undefined (App.tsx?t=1785666947030:undefined)
[2026-08-02T10:36:26.774Z] [LOG] [App] Kitchen enabled: true (App.tsx?t=1785666947030:undefined)
[2026-08-02T10:36:27.903Z] [LOG] [App] All modules:  (App.tsx?t=1785666947030:undefined)
[2026-08-02T10:36:27.908Z] [LOG] [App] Kitchen module found: undefined (App.tsx?t=1785666947030:undefined)
[2026-08-02T10:36:27.933Z] [LOG] [App] Kitchen enabled: true (App.tsx?t=1785666947030:undefined)
[2026-08-02T10:36:27.976Z] [LOG] [App] All modules:  (App.tsx?t=1785666947030:undefined)
[2026-08-02T10:36:28.042Z] [LOG] [App] Kitchen module found: undefined (App.tsx?t=1785666947030:undefined)
[2026-08-02T10:36:28.097Z] [LOG] [App] Kitchen enabled: true (App.tsx?t=1785666947030:undefined)
[2026-08-02T10:36:28.130Z] [LOG] [App] All modules:  (App.tsx?t=1785666947030:undefined)
[2026-08-02T10:36:28.157Z] [LOG] [App] Kitchen module found: undefined (App.tsx?t=1785666947030:undefined)
[2026-08-02T10:36:28.226Z] [LOG] [App] Kitchen enabled: true (App.tsx?t=1785666947030:undefined)
[2026-08-02T10:36:28.249Z] [LOG] [App] All modules:  (App.tsx?t=1785666947030:undefined)
[2026-08-02T10:36:28.275Z] [LOG] [App] Kitchen module found: undefined (App.tsx?t=1785666947030:undefined)
[2026-08-02T10:36:28.327Z] [LOG] [App] Kitchen enabled: true (App.tsx?t=1785666947030:undefined)
[2026-08-02T10:36:28.359Z] [LOG] [App] All modules:  (App.tsx?t=1785666947030:undefined)
[2026-08-02T10:36:28.413Z] [LOG] [App] Kitchen module found: undefined (App.tsx?t=1785666947030:undefined)
[2026-08-02T10:36:28.447Z] [LOG] [App] Kitchen enabled: true (App.tsx?t=1785666947030:undefined)
[2026-08-02T10:36:28.467Z] [LOG] [App] All modules:  (App.tsx?t=1785666947030:undefined)
[2026-08-02T10:36:28.495Z] [LOG] [App] Kitchen module found: undefined (App.tsx?t=1785666947030:undefined)
[2026-08-02T10:36:28.523Z] [LOG] [App] Kitchen enabled: true (App.tsx?t=1785666947030:undefined)
[2026-08-02T10:37:07.057Z] [DEBUG] [vite] hot updated: /src/components/Navigation.tsx (client:undefined)
[2026-08-02T10:37:07.059Z] [DEBUG] [vite] hot updated: /src/index.css (client:undefined)
[2026-08-02T10:37:20.829Z] [LOG] [App] All modules:  (App.tsx?t=1785666947030:undefined)
[2026-08-02T10:37:20.830Z] [LOG] [App] Kitchen module found: undefined (App.tsx?t=1785666947030:undefined)
[2026-08-02T10:37:20.847Z] [LOG] [App] Kitchen enabled: true (App.tsx?t=1785666947030:undefined)
[2026-08-02T10:37:20.851Z] [LOG] [App] All modules:  (App.tsx?t=1785666947030:undefined)
[2026-08-02T10:37:20.865Z] [LOG] [App] Kitchen module found: undefined (App.tsx?t=1785666947030:undefined)
[2026-08-02T10:37:20.872Z] [LOG] [App] Kitchen enabled: true (App.tsx?t=1785666947030:undefined)
[2026-08-02T10:37:20.948Z] [LOG] [App] All modules:  (App.tsx?t=1785666947030:undefined)
[2026-08-02T10:37:20.956Z] [LOG] [App] Kitchen module found: undefined (App.tsx?t=1785666947030:undefined)
[2026-08-02T10:37:20.969Z] [LOG] [App] Kitchen enabled: true (App.tsx?t=1785666947030:undefined)
[2026-08-02T10:37:20.990Z] [LOG] [App] All modules:  (App.tsx?t=1785666947030:undefined)
[2026-08-02T10:37:21.010Z] [LOG] [App] Kitchen module found: undefined (App.tsx?t=1785666947030:undefined)
[2026-08-02T10:37:21.017Z] [LOG] [App] Kitchen enabled: true (App.tsx?t=1785666947030:undefined)
[2026-08-02T10:37:21.743Z] [LOG] [App] All modules:  (App.tsx?t=1785666947030:undefined)
[2026-08-02T10:37:21.747Z] [LOG] [App] Kitchen module found: undefined (App.tsx?t=1785666947030:undefined)
[2026-08-02T10:37:21.758Z] [LOG] [App] Kitchen enabled: true (App.tsx?t=1785666947030:undefined)
[2026-08-02T10:37:21.775Z] [LOG] [App] All modules:  (App.tsx?t=1785666947030:undefined)
[2026-08-02T10:37:21.784Z] [LOG] [App] Kitchen module found: undefined (App.tsx?t=1785666947030:undefined)
[2026-08-02T10:37:21.799Z] [LOG] [App] Kitchen enabled: true (App.tsx?t=1785666947030:undefined)
[2026-08-02T10:37:24.667Z] [LOG] [App] All modules:  (App.tsx?t=1785666947030:undefined)
[2026-08-02T10:37:24.668Z] [LOG] [App] Kitchen module found: undefined (App.tsx?t=1785666947030:undefined)
[2026-08-02T10:37:24.676Z] [LOG] [App] Kitchen enabled: true (App.tsx?t=1785666947030:undefined)
[2026-08-02T10:37:24.679Z] [LOG] [App] All modules:  (App.tsx?t=1785666947030:undefined)
[2026-08-02T10:37:24.698Z] [LOG] [App] Kitchen module found: undefined (App.tsx?t=1785666947030:undefined)
[2026-08-02T10:37:24.712Z] [LOG] [App] Kitchen enabled: true (App.tsx?t=1785666947030:undefined)
[2026-08-02T10:49:21.394Z] [DEBUG] [vite] hot updated: /src/App.tsx (client:undefined)
[2026-08-02T10:49:21.395Z] [DEBUG] [vite] hot updated: /src/index.css (client:undefined)
[2026-08-02T10:49:22.069Z] [LOG] [App] All modules:  (App.tsx?t=1785667760529:undefined)
[2026-08-02T10:49:22.113Z] [LOG] [App] Kitchen module found: undefined (App.tsx?t=1785667760529:undefined)
[2026-08-02T10:49:22.139Z] [LOG] [App] Kitchen enabled: true (App.tsx?t=1785667760529:undefined)
[2026-08-02T10:49:22.140Z] [LOG] [App] All modules:  (App.tsx?t=1785667760529:undefined)
[2026-08-02T10:49:22.143Z] [LOG] [App] Kitchen module found: undefined (App.tsx?t=1785667760529:undefined)
[2026-08-02T10:49:22.158Z] [LOG] [App] Kitchen enabled: true (App.tsx?t=1785667760529:undefined)
[2026-08-02T10:49:27.544Z] [DEBUG] [vite] hot updated: /src/App.tsx (client:undefined)
[2026-08-02T10:49:27.556Z] [DEBUG] [vite] hot updated: /src/index.css (client:undefined)
[2026-08-02T10:49:27.676Z] [LOG] [App] All modules:  (App.tsx?t=1785667766543:undefined)
[2026-08-02T10:49:27.677Z] [LOG] [App] Kitchen module found: undefined (App.tsx?t=1785667766543:undefined)
[2026-08-02T10:49:27.680Z] [LOG] [App] Kitchen enabled: true (App.tsx?t=1785667766543:undefined)
[2026-08-02T10:49:27.839Z] [LOG] [App] All modules:  (App.tsx?t=1785667766543:undefined)
[2026-08-02T10:49:27.840Z] [LOG] [App] Kitchen module found: undefined (App.tsx?t=1785667766543:undefined)
[2026-08-02T10:49:27.853Z] [LOG] [App] Kitchen enabled: true (App.tsx?t=1785667766543:undefined)
[2026-08-02T10:49:34.014Z] [DEBUG] [vite] hot updated: /src/App.tsx (client:undefined)
[2026-08-02T10:49:34.141Z] [DEBUG] [vite] hot updated: /src/index.css (client:undefined)
[2026-08-02T10:49:35.129Z] [LOG] [App] All modules:  (App.tsx?t=1785667773510:undefined)
[2026-08-02T10:49:35.154Z] [LOG] [App] Kitchen module found: undefined (App.tsx?t=1785667773510:undefined)
[2026-08-02T10:49:35.155Z] [LOG] [App] Kitchen enabled: true (App.tsx?t=1785667773510:undefined)
[2026-08-02T10:49:35.175Z] [LOG] [App] All modules:  (App.tsx?t=1785667773510:undefined)
[2026-08-02T10:49:35.190Z] [LOG] [App] Kitchen module found: undefined (App.tsx?t=1785667773510:undefined)
[2026-08-02T10:49:35.198Z] [LOG] [App] Kitchen enabled: true (App.tsx?t=1785667773510:undefined)
[2026-08-02T10:49:40.313Z] [DEBUG] [vite] hot updated: /src/App.tsx (client:undefined)
[2026-08-02T10:49:40.315Z] [DEBUG] [vite] hot updated: /src/index.css (client:undefined)
[2026-08-02T10:49:40.997Z] [LOG] [App] All modules:  (App.tsx?t=1785667779466:undefined)
[2026-08-02T10:49:40.998Z] [LOG] [App] Kitchen module found: undefined (App.tsx?t=1785667779466:undefined)
[2026-08-02T10:49:41.003Z] [LOG] [App] Kitchen enabled: true (App.tsx?t=1785667779466:undefined)
[2026-08-02T10:49:41.024Z] [LOG] [App] All modules:  (App.tsx?t=1785667779466:undefined)
[2026-08-02T10:49:41.025Z] [LOG] [App] Kitchen module found: undefined (App.tsx?t=1785667779466:undefined)
[2026-08-02T10:49:41.030Z] [LOG] [App] Kitchen enabled: true (App.tsx?t=1785667779466:undefined)
[2026-08-02T10:49:46.023Z] [DEBUG] [vite] hot updated: /src/App.tsx (client:undefined)
[2026-08-02T10:49:46.024Z] [DEBUG] [vite] hot updated: /src/index.css (client:undefined)
[2026-08-02T10:49:47.220Z] [LOG] [App] All modules:  (App.tsx?t=1785667785492:undefined)
[2026-08-02T10:49:47.221Z] [LOG] [App] Kitchen module found: undefined (App.tsx?t=1785667785492:undefined)
[2026-08-02T10:49:47.225Z] [LOG] [App] Kitchen enabled: true (App.tsx?t=1785667785492:undefined)
[2026-08-02T10:49:47.247Z] [LOG] [App] All modules:  (App.tsx?t=1785667785492:undefined)
[2026-08-02T10:49:47.248Z] [LOG] [App] Kitchen module found: undefined (App.tsx?t=1785667785492:undefined)
[2026-08-02T10:49:47.254Z] [LOG] [App] Kitchen enabled: true (App.tsx?t=1785667785492:undefined)
[2026-08-02T10:49:55.722Z] [DEBUG] [vite] hot updated: /src/App.tsx (client:undefined)
[2026-08-02T10:49:55.732Z] [DEBUG] [vite] hot updated: /src/index.css (client:undefined)
[2026-08-02T10:49:55.780Z] [LOG] [App] All modules:  (App.tsx?t=1785667794119:undefined)
[2026-08-02T10:49:55.781Z] [LOG] [App] Kitchen module found: undefined (App.tsx?t=1785667794119:undefined)
[2026-08-02T10:49:55.790Z] [LOG] [App] Kitchen enabled: true (App.tsx?t=1785667794119:undefined)
[2026-08-02T10:49:55.810Z] [LOG] [App] All modules:  (App.tsx?t=1785667794119:undefined)
[2026-08-02T10:49:55.811Z] [LOG] [App] Kitchen module found: undefined (App.tsx?t=1785667794119:undefined)
[2026-08-02T10:49:55.815Z] [LOG] [App] Kitchen enabled: true (App.tsx?t=1785667794119:undefined)
[2026-08-02T10:50:01.568Z] [DEBUG] [vite] hot updated: /src/App.tsx (client:undefined)
[2026-08-02T10:50:01.570Z] [DEBUG] [vite] hot updated: /src/index.css (client:undefined)
[2026-08-02T10:50:01.678Z] [LOG] [App] All modules:  (App.tsx?t=1785667800935:undefined)
[2026-08-02T10:50:01.679Z] [LOG] [App] Kitchen module found: undefined (App.tsx?t=1785667800935:undefined)
[2026-08-02T10:50:01.683Z] [LOG] [App] Kitchen enabled: true (App.tsx?t=1785667800935:undefined)
[2026-08-02T10:50:01.709Z] [LOG] [App] All modules:  (App.tsx?t=1785667800935:undefined)
[2026-08-02T10:50:01.710Z] [LOG] [App] Kitchen module found: undefined (App.tsx?t=1785667800935:undefined)
[2026-08-02T10:50:01.714Z] [LOG] [App] Kitchen enabled: true (App.tsx?t=1785667800935:undefined)
[2026-08-02T10:50:07.243Z] [DEBUG] [vite] hot updated: /src/App.tsx (client:undefined)
[2026-08-02T10:50:07.263Z] [DEBUG] [vite] hot updated: /src/index.css (client:undefined)
[2026-08-02T10:50:08.047Z] [LOG] [App] All modules:  (App.tsx?t=1785667806068:undefined)
[2026-08-02T10:50:08.048Z] [LOG] [App] Kitchen module found: undefined (App.tsx?t=1785667806068:undefined)
[2026-08-02T10:50:08.075Z] [LOG] [App] Kitchen enabled: true (App.tsx?t=1785667806068:undefined)
[2026-08-02T10:50:08.115Z] [LOG] [App] All modules:  (App.tsx?t=1785667806068:undefined)
[2026-08-02T10:50:08.116Z] [LOG] [App] Kitchen module found: undefined (App.tsx?t=1785667806068:undefined)
[2026-08-02T10:50:08.120Z] [LOG] [App] Kitchen enabled: true (App.tsx?t=1785667806068:undefined)
[2026-08-02T10:50:11.708Z] [DEBUG] [vite] hot updated: /src/App.tsx (client:undefined)
[2026-08-02T10:50:11.744Z] [DEBUG] [vite] hot updated: /src/index.css (client:undefined)
[2026-08-02T10:50:12.696Z] [LOG] [App] All modules:  (App.tsx?t=1785667810749:undefined)
[2026-08-02T10:50:12.706Z] [LOG] [App] Kitchen module found: undefined (App.tsx?t=1785667810749:undefined)
[2026-08-02T10:50:12.708Z] [LOG] [App] Kitchen enabled: true (App.tsx?t=1785667810749:undefined)
[2026-08-02T10:50:12.711Z] [LOG] [App] All modules:  (App.tsx?t=1785667810749:undefined)
[2026-08-02T10:50:12.722Z] [LOG] [App] Kitchen module found: undefined (App.tsx?t=1785667810749:undefined)
[2026-08-02T10:50:12.737Z] [LOG] [App] Kitchen enabled: true (App.tsx?t=1785667810749:undefined)
[2026-08-02T10:50:16.699Z] [DEBUG] [vite] hot updated: /src/App.tsx (client:undefined)
[2026-08-02T10:50:16.714Z] [DEBUG] [vite] hot updated: /src/index.css (client:undefined)
[2026-08-02T10:50:17.289Z] [LOG] [App] All modules:  (App.tsx?t=1785667815744:undefined)
[2026-08-02T10:50:17.290Z] [LOG] [App] Kitchen module found: undefined (App.tsx?t=1785667815744:undefined)
[2026-08-02T10:50:17.298Z] [LOG] [App] Kitchen enabled: true (App.tsx?t=1785667815744:undefined)
[2026-08-02T10:50:17.332Z] [LOG] [App] All modules:  (App.tsx?t=1785667815744:undefined)
[2026-08-02T10:50:17.347Z] [LOG] [App] Kitchen module found: undefined (App.tsx?t=1785667815744:undefined)
[2026-08-02T10:50:17.360Z] [LOG] [App] Kitchen enabled: true (App.tsx?t=1785667815744:undefined)
[2026-08-02T10:50:22.299Z] [DEBUG] [vite] hot updated: /src/App.tsx (client:undefined)
[2026-08-02T10:50:22.300Z] [DEBUG] [vite] hot updated: /src/index.css (client:undefined)
[2026-08-02T10:50:27.923Z] [DEBUG] [vite] hot updated: /src/App.tsx (client:undefined)
[2026-08-02T10:50:27.936Z] [DEBUG] [vite] hot updated: /src/index.css (client:undefined)
[2026-08-02T10:50:32.605Z] [ERROR] [vite] Failed to reload /src/App.tsx. This could be due to syntax errors or importing non-existent modules. (see errors above) (client:undefined)
[2026-08-02T10:50:32.791Z] [DEBUG] [vite] hot updated: /src/App.tsx (client:undefined)
[2026-08-02T10:50:33.219Z] [DEBUG] [vite] hot updated: /src/index.css (client:undefined)
[2026-08-02T10:50:37.141Z] [LOG] [App] All modules:  (App.tsx?t=1785667826250:undefined)
[2026-08-02T10:50:37.142Z] [LOG] [App] Kitchen module found: undefined (App.tsx?t=1785667826250:undefined)
[2026-08-02T10:50:37.144Z] [LOG] [App] Kitchen enabled: true (App.tsx?t=1785667826250:undefined)
[2026-08-02T10:50:37.156Z] [LOG] [App] All modules:  (App.tsx?t=1785667826250:undefined)
[2026-08-02T10:50:37.168Z] [LOG] [App] Kitchen module found: undefined (App.tsx?t=1785667826250:undefined)
[2026-08-02T10:50:37.176Z] [LOG] [App] Kitchen enabled: true (App.tsx?t=1785667826250:undefined)
[2026-08-02T10:50:38.038Z] [DEBUG] [vite] hot updated: /src/App.tsx (client:undefined)
[2026-08-02T10:50:38.055Z] [DEBUG] [vite] hot updated: /src/index.css (client:undefined)
[2026-08-02T10:50:43.295Z] [ERROR] [vite] Failed to reload /src/App.tsx. This could be due to syntax errors or importing non-existent modules. (see errors above) (client:undefined)
[2026-08-02T10:50:43.633Z] [DEBUG] [vite] hot updated: /src/App.tsx (client:undefined)
[2026-08-02T10:50:43.650Z] [DEBUG] [vite] hot updated: /src/index.css (client:undefined)
[2026-08-02T10:50:53.228Z] [DEBUG] [vite] hot updated: /src/App.tsx (client:undefined)
[2026-08-02T10:50:53.244Z] [DEBUG] [vite] hot updated: /src/index.css (client:undefined)
[2026-08-02T10:50:58.887Z] [DEBUG] [vite] hot updated: /src/App.tsx (client:undefined)
[2026-08-02T10:50:58.893Z] [DEBUG] [vite] hot updated: /src/index.css (client:undefined)
[2026-08-02T10:51:03.594Z] [DEBUG] [vite] hot updated: /src/App.tsx (client:undefined)
[2026-08-02T10:51:03.708Z] [DEBUG] [vite] hot updated: /src/index.css (client:undefined)
[2026-08-02T10:51:08.773Z] [DEBUG] [vite] hot updated: /src/App.tsx (client:undefined)
[2026-08-02T10:51:09.470Z] [DEBUG] [vite] hot updated: /src/index.css (client:undefined)
[2026-08-02T10:52:02.312Z] [LOG] [App] All modules:  (App.tsx?t=1785667867724:undefined)
[2026-08-02T10:52:02.313Z] [LOG] [App] Kitchen module found: undefined (App.tsx?t=1785667867724:undefined)
[2026-08-02T10:52:02.318Z] [LOG] [App] Kitchen enabled: true (App.tsx?t=1785667867724:undefined)
[2026-08-02T10:52:02.335Z] [LOG] [App] All modules:  (App.tsx?t=1785667867724:undefined)
[2026-08-02T10:52:02.336Z] [LOG] [App] Kitchen module found: undefined (App.tsx?t=1785667867724:undefined)
[2026-08-02T10:52:02.340Z] [LOG] [App] Kitchen enabled: true (App.tsx?t=1785667867724:undefined)
