[2026-08-02T09:41:39.808Z] [1] GET http://localhost:3000/artists_farm/vrikshawan/room-101/
[2026-08-02T09:41:40.114Z]     ↳ Response: 200 OK
[2026-08-02T09:41:40.166Z] [2] GET http://localhost:3000/@vite/client
[2026-08-02T09:41:40.193Z] [3] GET http://localhost:3000/src/main.tsx?t=1785663594456
[2026-08-02T09:41:40.211Z] [4] GET http://localhost:3000/@react-refresh
[2026-08-02T09:41:40.238Z]     ↳ Response: 200 OK
[2026-08-02T09:41:40.250Z] [5] GET http://localhost:3000/node_modules/.vite/deps/react.js?v=647194ca
[2026-08-02T09:41:40.265Z] [6] GET http://localhost:3000/node_modules/.vite/deps/react-dom_client.js?v=40766d9c
[2026-08-02T09:41:40.294Z] [7] GET http://localhost:3000/src/App.tsx?t=1785663594456
[2026-08-02T09:41:40.348Z] [8] GET http://localhost:3000/src/index.css?t=1785663594456
[2026-08-02T09:41:40.443Z] [9] GET http://localhost:3000/src/utils/telescopeLogger.ts
[2026-08-02T09:41:40.579Z] [10] GET http://localhost:3000/node_modules/.vite/deps/react_jsx-dev-runtime.js?v=647194ca
[2026-08-02T09:41:40.642Z]     ↳ Response: 200 OK
[2026-08-02T09:41:40.797Z] [11] GET http://localhost:3000/node_modules/vite/dist/client/env.mjs
[2026-08-02T09:41:40.960Z]     ↳ Response: 200 OK
[2026-08-02T09:41:41.013Z]     ↳ Response: 200 OK
[2026-08-02T09:41:41.047Z]     ↳ Response: 200 OK
[2026-08-02T09:41:41.100Z]     ↳ Response: 200 OK
[2026-08-02T09:41:41.112Z]     ↳ Response: 200 OK
[2026-08-02T09:41:41.222Z]     ↳ Response: 200 OK
[2026-08-02T09:41:41.235Z] [12] GET http://localhost:3000/node_modules/.vite/deps/rolldown-runtime-B-1-B7_t.js?v=9329134a
[2026-08-02T09:41:41.246Z] [13] GET http://localhost:3000/src/components/Header.tsx?t=1785654087699
[2026-08-02T09:41:41.264Z] [14] GET http://localhost:3000/src/components/Navigation.tsx?t=1785663588215
[2026-08-02T09:41:41.308Z] [15] GET http://localhost:3000/src/components/OperationalDashboard.tsx?t=1785654087699
[2026-08-02T09:41:41.458Z] [16] GET http://localhost:3000/src/components/GuestManagement.tsx?t=1785654087699
[2026-08-02T09:41:41.731Z] [17] GET http://localhost:3000/src/components/KitchenManagement.tsx?t=1785654087699
[2026-08-02T09:41:41.818Z] [18] GET http://localhost:3000/src/components/InventoryManagement.tsx?t=1785654087699
[2026-08-02T09:41:41.862Z] [19] GET http://localhost:3000/src/components/PettyCashManagement.tsx?t=1785654087699
[2026-08-02T09:41:41.896Z] [20] GET http://localhost:3000/src/components/CashDrawerManager.tsx?t=1785654087699
[2026-08-02T09:41:41.897Z] [21] GET http://localhost:3000/src/components/ExpenseItemsManagement.tsx?t=1785612846419
[2026-08-02T09:41:41.911Z] [22] GET http://localhost:3000/src/components/StaffManagement.tsx?t=1785654087699
[2026-08-02T09:41:41.915Z] [23] GET http://localhost:3000/src/components/AnalyticsDashboard.tsx?t=1785654087699
[2026-08-02T09:41:41.930Z] [24] GET http://localhost:3000/src/components/AuditLogsView.tsx
[2026-08-02T09:41:41.943Z] [25] GET http://localhost:3000/src/components/DataExportCenter.tsx?t=1785654087699
[2026-08-02T09:41:41.954Z] [26] GET http://localhost:3000/src/components/MenuManager.tsx?t=1785654087699
[2026-08-02T09:41:41.961Z] [27] GET http://localhost:3000/src/components/MiscChargesManagement.tsx?t=1785654087699
[2026-08-02T09:41:41.963Z] [28] GET http://localhost:3000/src/components/ICalSyncManager.tsx?t=1785654087699
[2026-08-02T09:41:41.973Z] [29] GET http://localhost:3000/src/components/TelegramNotificationModal.tsx?t=1785654087699
[2026-08-02T09:41:41.979Z] [30] GET http://localhost:3000/src/components/GlobalModal.tsx
[2026-08-02T09:41:41.982Z] [31] GET http://localhost:3000/src/components/ToastContext.tsx
[2026-08-02T09:41:41.994Z] [32] GET http://localhost:3000/src/components/LoginModal.tsx?t=1785654087699
[2026-08-02T09:41:42.003Z] [33] GET http://localhost:3000/src/contexts/StaffContext.tsx?t=1785654087699
[2026-08-02T09:41:42.011Z] [34] GET http://localhost:3000/src/contexts/AuthContext.tsx?t=1785654087699
[2026-08-02T09:41:42.020Z] [35] GET http://localhost:3000/src/contexts/FinanceContext.tsx?t=1785654087699
[2026-08-02T09:41:42.025Z] [36] GET http://localhost:3000/src/contexts/InventoryContext.tsx?t=1785654087699
[2026-08-02T09:41:42.031Z] [37] GET http://localhost:3000/src/contexts/KitchenContext.tsx?t=1785654087699
[2026-08-02T09:41:42.040Z] [38] GET http://localhost:3000/src/utils/clientInfo.ts
[2026-08-02T09:41:42.047Z] [39] GET http://localhost:3000/src/data/appConfig.ts
[2026-08-02T09:41:42.058Z] [40] GET http://localhost:3000/src/services/themeService.ts
[2026-08-02T09:41:42.063Z] [41] GET http://localhost:3000/src/services/api.ts?t=1785654087699
[2026-08-02T09:41:42.078Z] [42] GET http://localhost:3000/src/contexts/ConfigurationDataContext.tsx?t=1785654087699
[2026-08-02T09:41:42.091Z] [43] GET http://localhost:3000/src/contexts/ModulesContext.tsx?t=1785654087699
[2026-08-02T09:41:42.098Z] [44] GET http://localhost:3000/src/components/DataLoader.tsx?t=1785654087699
[2026-08-02T09:41:42.211Z] [45] GET http://localhost:3000/src/components/LoadingScreen.tsx
[2026-08-02T09:41:42.318Z] [46] GET http://localhost:3000/src/components/LoginPage.tsx
[2026-08-02T09:41:42.346Z] [47] GET http://localhost:3000/src/components/PlatformPropertyManagement.tsx?t=1785658778613
[2026-08-02T09:41:42.363Z] [48] GET http://localhost:3000/src/components/TenantDashboard.tsx
[2026-08-02T09:41:42.394Z] [49] GET http://localhost:3000/src/components/RootAdminDashboard.tsx?t=1785660212018
[2026-08-02T09:41:42.426Z] [50] GET http://localhost:3000/src/components/MultiKeyPropertyOverview.tsx?t=1785654087699
[2026-08-02T09:41:42.464Z]     ↳ Response: 200 OK
[2026-08-02T09:41:42.529Z]     ↳ Response: 200 OK
[2026-08-02T09:41:42.576Z] [51] GET http://localhost:3000/node_modules/.vite/deps/react-dom.js?v=647194ca
[2026-08-02T09:41:42.590Z]     ↳ Response: 200 OK
[2026-08-02T09:41:42.617Z]     ↳ Response: 200 OK
[2026-08-02T09:41:42.629Z]     ↳ Response: 200 OK
[2026-08-02T09:41:42.640Z] [52] GET http://localhost:3000/node_modules/.vite/deps/lucide-react.js?v=907c0d96
[2026-08-02T09:41:42.649Z] [53] GET http://localhost:3000/src/utils/iconResolver.tsx
[2026-08-02T09:41:42.661Z] [54] GET http://localhost:3000/src/components/MultiKeyRoomDrawer.tsx?t=1785581097901
[2026-08-02T09:41:42.679Z]     ↳ Response: 200 OK
[2026-08-02T09:41:42.696Z]     ↳ Response: 200 OK
[2026-08-02T09:41:42.707Z]     ↳ Response: 200 OK
[2026-08-02T09:41:42.714Z] [55] GET http://localhost:3000/node_modules/.vite/deps/react-data-table-component.js?v=de6c4fcd
[2026-08-02T09:41:42.715Z]     ↳ Response: 200 OK
[2026-08-02T09:41:42.728Z]     ↳ Response: 200 OK
[2026-08-02T09:41:42.763Z]     ↳ Response: 200 OK
[2026-08-02T09:41:42.814Z] [56] GET http://localhost:3000/node_modules/.vite/deps/html-to-image.js?v=8ba12c37
[2026-08-02T09:41:42.853Z] [57] GET http://localhost:3000/src/components/DateRangePicker.tsx?t=1785538574357
[2026-08-02T09:41:42.909Z] [58] GET http://localhost:3000/src/components/BillingCheckout.tsx?t=1785584077754
[2026-08-02T09:41:42.943Z]     ↳ Response: 200 OK
[2026-08-02T09:41:42.964Z] [59] GET http://localhost:3000/node_modules/.vite/deps/react-apexcharts.js?v=a1c1290a
[2026-08-02T09:41:42.996Z]     ↳ Response: 200 OK
[2026-08-02T09:41:43.034Z]     ↳ Response: 200 OK
[2026-08-02T09:41:43.056Z]     ↳ Response: 200 OK
[2026-08-02T09:41:43.080Z]     ↳ Response: 200 OK
[2026-08-02T09:41:43.115Z]     ↳ Response: 200 OK
[2026-08-02T09:41:43.153Z]     ↳ Response: 200 OK
[2026-08-02T09:41:43.181Z]     ↳ Response: 200 OK
[2026-08-02T09:41:43.208Z] [60] GET http://localhost:3000/src/components/NavMenuEditor.tsx?t=1785654087699
[2026-08-02T09:41:43.229Z]     ↳ Response: 200 OK
[2026-08-02T09:41:43.244Z]     ↳ Response: 200 OK
[2026-08-02T09:41:43.256Z]     ↳ Response: 200 OK
[2026-08-02T09:41:43.264Z] [61] GET http://localhost:3000/src/components/SearchableSelect.tsx
[2026-08-02T09:41:43.278Z]     ↳ Response: 200 OK
[2026-08-02T09:41:43.292Z]     ↳ Response: 200 OK
[2026-08-02T09:41:43.331Z]     ↳ Response: 200 OK
[2026-08-02T09:41:43.414Z]     ↳ Response: 200 OK
[2026-08-02T09:41:43.510Z] [62] GET http://localhost:3000/src/components/TelegramConnectionSettings.tsx
[2026-08-02T09:41:43.699Z]     ↳ Response: 200 OK
[2026-08-02T09:41:43.714Z]     ↳ Response: 200 OK
[2026-08-02T09:41:43.723Z]     ↳ Response: 200 OK
[2026-08-02T09:41:43.730Z]     ↳ Response: 200 OK
[2026-08-02T09:41:43.740Z]     ↳ Response: 200 OK
[2026-08-02T09:41:43.763Z]     ↳ Response: 200 OK
[2026-08-02T09:41:43.781Z]     ↳ Response: 200 OK
[2026-08-02T09:41:43.794Z]     ↳ Response: 200 OK
[2026-08-02T09:41:43.799Z]     ↳ Response: 200 OK
[2026-08-02T09:41:43.832Z]     ↳ Response: 200 OK
[2026-08-02T09:41:43.838Z] [63] GET http://localhost:3000/src/components/InvalidPropertyPage.tsx
[2026-08-02T09:41:43.846Z]     ↳ Response: 200 OK
[2026-08-02T09:41:43.856Z]     ↳ Response: 200 OK
[2026-08-02T09:41:43.861Z]     ↳ Response: 200 OK
[2026-08-02T09:41:43.870Z]     ↳ Response: 200 OK
[2026-08-02T09:41:43.875Z]     ↳ Response: 200 OK
[2026-08-02T09:41:43.889Z]     ↳ Response: 200 OK
[2026-08-02T09:41:43.895Z] [64] GET http://localhost:3000/src/components/ToggleSwitch.tsx
[2026-08-02T09:41:43.899Z]     ↳ Response: 200 OK
[2026-08-02T09:41:43.907Z] [65] GET http://localhost:3000/src/components/AppearanceSettings.tsx?t=1785660212018
[2026-08-02T09:41:43.926Z] [66] GET http://localhost:3000/src/components/DefaultExpensesManager.tsx?t=1785590582041
[2026-08-02T09:41:43.960Z]     ↳ Response: 200 OK
[2026-08-02T09:41:44.008Z]     ↳ Response: 200 OK
[2026-08-02T09:41:44.024Z]     ↳ Response: 200 OK
[2026-08-02T09:41:44.045Z]     ↳ Response: 200 OK
[2026-08-02T09:41:44.059Z]     ↳ Response: 200 OK
[2026-08-02T09:41:44.078Z]     ↳ Response: 200 OK
[2026-08-02T09:41:44.099Z]     ↳ Response: 200 OK
[2026-08-02T09:41:44.107Z]     ↳ Response: 200 OK
[2026-08-02T09:41:44.112Z]     ↳ Response: 200 OK
[2026-08-02T09:41:44.113Z] [67] GET http://localhost:3000/node_modules/.vite/deps/sortablejs.js?v=bff2b989
[2026-08-02T09:41:44.123Z]     ↳ Response: 200 OK
[2026-08-02T09:41:44.130Z]     ↳ Response: 200 OK
[2026-08-02T09:41:44.132Z] [68] GET http://localhost:3000/src/components/ThemeManagement.tsx
[2026-08-02T09:41:44.141Z] [69] GET http://localhost:3000/src/components/CustomCSSOverride.tsx
[2026-08-02T09:41:44.147Z]     ↳ Response: 200 OK
[2026-08-02T09:41:44.160Z]     ↳ Response: 200 OK
[2026-08-02T09:41:44.165Z]     ↳ Response: 200 OK
[2026-08-02T09:41:44.173Z]     ↳ Response: 200 OK
[2026-08-02T09:41:44.176Z]     ↳ Response: 200 OK
[2026-08-02T09:41:44.178Z]     ↳ Response: 200 OK
[2026-08-02T09:41:44.437Z] [70] GET http://localhost:3000/php/api/router.php?action=get_current_property&property_slug=room-101
[2026-08-02T09:41:44.490Z] [71] GET http://localhost:3000/php/api/router.php?action=get_current_property&property_slug=room-101
[2026-08-02T09:41:44.552Z] [72] GET http://localhost:3000/icons/favicon-32x32.png
[2026-08-02T09:41:44.581Z]     ↳ Response: 200 OK
[2026-08-02T09:41:44.634Z]     ↳ Response: 200 OK
[2026-08-02T09:41:44.648Z] [73] GET http://localhost:3000/php/api/router.php?action=get_property_modules&property_slug=room-101
[2026-08-02T09:41:44.665Z] [74] GET http://localhost:3000/php/api/router.php?action=get_nav_menu&property_slug=room-101
[2026-08-02T09:41:44.682Z] [75] GET http://localhost:3000/php/api/router.php?action=get_telegram_config&property_slug=room-101
[2026-08-02T09:41:44.711Z]     ↳ Response: 200 OK
[2026-08-02T09:41:44.766Z] [76] GET http://localhost:3000/php/api/router.php?action=get_property_modules&property_slug=room-101
[2026-08-02T09:41:44.797Z] [77] GET http://localhost:3000/php/api/router.php?action=get_nav_menu&property_slug=room-101
[2026-08-02T09:41:44.843Z] [78] GET http://localhost:3000/php/api/router.php?action=get_telegram_config&property_slug=room-101
[2026-08-02T09:41:44.858Z]     ↳ Response: 200 OK
[2026-08-02T09:41:44.946Z]     ↳ Response: 200 OK
[2026-08-02T09:41:44.959Z]     ↳ Response: 200 OK
[2026-08-02T09:41:44.993Z] [79] GET https://images.unsplash.com/photo-1534528741775-53994a69daeb?w=100&auto=format&fit=crop&q=80
[2026-08-02T09:41:44.997Z]     ↳ Response: 200 
[2026-08-02T09:41:45.003Z]     ↳ Response: 200 OK
[2026-08-02T09:41:45.010Z] [80] GET http://localhost:3000/php/api/router.php?action=get_property_modules&property_slug=room-101
[2026-08-02T09:41:45.015Z] [81] GET http://localhost:3000/php/api/router.php?action=get_telegram_config&property_slug=room-101
[2026-08-02T09:41:45.024Z] [82] GET http://localhost:3000/artists_farm/php/api/ical_sync.php?action=get_blocked_dates
[2026-08-02T09:41:45.028Z] [83] GET http://localhost:3000/php/api/router.php?action=get_system_settings
[2026-08-02T09:41:45.033Z] [84] GET http://localhost:3000/php/api/router.php?action=get_theme_settings
[2026-08-02T09:41:45.039Z] [85] GET http://localhost:3000/php/api/router.php?action=get_guests&property_slug=room-101
[2026-08-02T09:41:45.042Z] [86] GET http://localhost:3000/php/api/router.php?action=get_menu&property_slug=room-101
[2026-08-02T09:41:45.047Z] [87] GET http://localhost:3000/php/api/router.php?action=get_users&property_slug=room-101
[2026-08-02T09:41:45.053Z] [88] GET http://localhost:3000/php/api/router.php?action=get_attendance&property_slug=room-101
[2026-08-02T09:41:45.061Z] [89] GET http://localhost:3000/php/api/router.php?action=get_audit_logs&property_slug=room-101
[2026-08-02T09:41:45.064Z] [90] GET http://localhost:3000/php/api/router.php?action=get_receipts&property_slug=room-101
[2026-08-02T09:41:45.069Z] [91] GET http://localhost:3000/php/api/router.php?action=get_users&property_slug=room-101
[2026-08-02T09:41:45.078Z] [92] GET http://localhost:3000/php/api/router.php?action=get_nav_menu&property_slug=room-101
[2026-08-02T09:41:45.083Z] [93] GET http://localhost:3000/php/api/router.php?action=get_guests&property_slug=room-101
[2026-08-02T09:41:45.094Z] [94] GET http://localhost:3000/php/api/router.php?action=get_menu&property_slug=room-101
[2026-08-02T09:41:45.110Z] [95] GET http://localhost:3000/php/api/router.php?action=get_attendance&property_slug=room-101
[2026-08-02T09:41:45.120Z] [96] GET http://localhost:3000/php/api/router.php?action=get_audit_logs&property_slug=room-101
[2026-08-02T09:41:45.132Z] [97] GET http://localhost:3000/php/api/router.php?action=get_receipts&property_slug=room-101
[2026-08-02T09:41:45.142Z] [98] GET http://localhost:3000/php/api/router.php?action=get_misc_catalog&property_slug=room-101
[2026-08-02T09:41:45.144Z] [99] GET http://localhost:3000/php/api/router.php?action=get_material_categories&property_slug=room-101
[2026-08-02T09:41:45.149Z] [100] GET http://localhost:3000/php/api/router.php?action=get_orders&property_slug=room-101
[2026-08-02T09:41:45.160Z] [101] GET http://localhost:3000/php/api/router.php?action=get_inventory&property_slug=room-101
[2026-08-02T09:41:45.170Z] [102] GET http://localhost:3000/php/api/router.php?action=get_petty_cash&property_slug=room-101
[2026-08-02T09:41:45.177Z] [103] GET http://localhost:3000/php/api/router.php?action=get_users&property_slug=room-101
[2026-08-02T09:41:45.182Z] [104] GET http://localhost:3000/php/api/router.php?action=get_attendance&property_slug=room-101
[2026-08-02T09:41:45.189Z] [105] GET http://localhost:3000/php/api/router.php?action=get_property_modules&property_slug=room-101
[2026-08-02T09:41:45.193Z] [106] GET http://localhost:3000/php/api/router.php?action=get_telegram_config&property_slug=room-101
[2026-08-02T09:41:45.204Z] [107] GET http://localhost:3000/artists_farm/php/api/ical_sync.php?action=get_blocked_dates
[2026-08-02T09:41:45.211Z] [108] GET http://localhost:3000/php/api/router.php?action=get_system_settings
[2026-08-02T09:41:45.215Z] [109] GET http://localhost:3000/php/api/router.php?action=get_theme_settings
[2026-08-02T09:41:45.236Z] [110] GET http://localhost:3000/php/api/router.php?action=get_guests&property_slug=room-101
[2026-08-02T09:41:45.244Z] [111] GET http://localhost:3000/php/api/router.php?action=get_menu&property_slug=room-101
[2026-08-02T09:41:45.249Z] [112] GET http://localhost:3000/php/api/router.php?action=get_users&property_slug=room-101
[2026-08-02T09:41:45.254Z] [113] GET http://localhost:3000/php/api/router.php?action=get_attendance&property_slug=room-101
[2026-08-02T09:41:45.259Z] [114] GET http://localhost:3000/php/api/router.php?action=get_audit_logs&property_slug=room-101
[2026-08-02T09:41:45.262Z] [115] GET http://localhost:3000/php/api/router.php?action=get_receipts&property_slug=room-101
[2026-08-02T09:41:45.265Z] [116] GET http://localhost:3000/php/api/router.php?action=get_users&property_slug=room-101
[2026-08-02T09:41:45.271Z] [117] GET http://localhost:3000/php/api/router.php?action=get_nav_menu&property_slug=room-101
[2026-08-02T09:41:45.276Z] [118] GET http://localhost:3000/php/api/router.php?action=get_guests&property_slug=room-101
[2026-08-02T09:41:45.280Z] [119] GET http://localhost:3000/php/api/router.php?action=get_menu&property_slug=room-101
[2026-08-02T09:41:45.286Z] [120] GET http://localhost:3000/php/api/router.php?action=get_attendance&property_slug=room-101
[2026-08-02T09:41:45.289Z] [121] GET http://localhost:3000/php/api/router.php?action=get_audit_logs&property_slug=room-101
[2026-08-02T09:41:45.293Z] [122] GET http://localhost:3000/php/api/router.php?action=get_receipts&property_slug=room-101
[2026-08-02T09:41:45.297Z] [123] GET http://localhost:3000/php/api/router.php?action=get_misc_catalog&property_slug=room-101
[2026-08-02T09:41:45.303Z] [124] GET http://localhost:3000/php/api/router.php?action=get_material_categories&property_slug=room-101
[2026-08-02T09:41:45.306Z] [125] GET http://localhost:3000/php/api/router.php?action=get_orders&property_slug=room-101
[2026-08-02T09:41:45.310Z] [126] GET http://localhost:3000/php/api/router.php?action=get_inventory&property_slug=room-101
[2026-08-02T09:41:45.314Z] [127] GET http://localhost:3000/php/api/router.php?action=get_petty_cash&property_slug=room-101
[2026-08-02T09:41:45.320Z] [128] GET http://localhost:3000/php/api/router.php?action=get_users&property_slug=room-101
[2026-08-02T09:41:45.324Z] [129] GET http://localhost:3000/php/api/router.php?action=get_attendance&property_slug=room-101
[2026-08-02T09:41:45.327Z]     ↳ Response: 200 OK
[2026-08-02T09:41:45.331Z]     ↳ Response: 200 OK
[2026-08-02T09:41:45.382Z]     ↳ Response: 200 OK
[2026-08-02T09:41:45.390Z]     ↳ Response: 200 OK
[2026-08-02T09:41:45.395Z]     ↳ Response: 200 OK
[2026-08-02T09:41:45.417Z]     ↳ Response: 200 OK
[2026-08-02T09:41:45.434Z]     ↳ Response: 200 OK
[2026-08-02T09:41:45.481Z]     ↳ Response: 200 OK
[2026-08-02T09:41:45.589Z]     ↳ Response: 200 OK
[2026-08-02T09:41:46.319Z]     ↳ Response: 200 OK
[2026-08-02T09:41:46.324Z]     ↳ Response: 200 OK
[2026-08-02T09:41:46.325Z]     ↳ Response: 200 OK
[2026-08-02T09:41:46.335Z]     ↳ Response: 200 OK
[2026-08-02T09:41:46.642Z]     ↳ Response: 200 OK
[2026-08-02T09:41:46.659Z]     ↳ Response: 200 OK
[2026-08-02T09:41:46.897Z]     ↳ Response: 200 OK
[2026-08-02T09:41:47.414Z]     ↳ Response: 200 OK
[2026-08-02T09:41:47.476Z]     ↳ Response: 200 OK
[2026-08-02T09:41:47.487Z]     ↳ Response: 200 OK
[2026-08-02T09:41:47.495Z]     ↳ Response: 200 OK
[2026-08-02T09:41:47.504Z]     ↳ Response: 200 OK
[2026-08-02T09:41:47.530Z]     ↳ Response: 200 OK
[2026-08-02T09:41:47.541Z]     ↳ Response: 200 OK
[2026-08-02T09:41:47.548Z]     ↳ Response: 200 OK
[2026-08-02T09:41:47.559Z]     ↳ Response: 200 OK
[2026-08-02T09:41:47.580Z]     ↳ Response: 200 OK
[2026-08-02T09:41:47.596Z]     ↳ Response: 200 OK
[2026-08-02T09:41:47.624Z]     ↳ Response: 200 OK
[2026-08-02T09:41:47.630Z]     ↳ Response: 200 OK
[2026-08-02T09:41:47.979Z]     ↳ Response: 200 OK
[2026-08-02T09:41:47.985Z]     ↳ Response: 200 OK
[2026-08-02T09:41:47.994Z]     ↳ Response: 200 OK
[2026-08-02T09:41:47.995Z]     ↳ Response: 200 OK
[2026-08-02T09:41:48.004Z]     ↳ Response: 200 OK
[2026-08-02T09:41:48.005Z]     ↳ Response: 200 OK
[2026-08-02T09:41:48.012Z]     ↳ Response: 200 OK
[2026-08-02T09:41:48.021Z]     ↳ Response: 200 OK
[2026-08-02T09:41:48.025Z]     ↳ Response: 200 OK
[2026-08-02T09:41:48.026Z]     ↳ Response: 200 OK
[2026-08-02T09:41:48.040Z]     ↳ Response: 200 OK
[2026-08-02T09:41:48.048Z]     ↳ Response: 200 OK
[2026-08-02T09:41:48.064Z]     ↳ Response: 200 OK
[2026-08-02T09:41:48.232Z]     ↳ Response: 200 OK
[2026-08-02T09:41:48.388Z]     ↳ Response: 200 OK
[2026-08-02T09:41:48.390Z]     ↳ Response: 200 OK
[2026-08-02T09:41:48.530Z]     ↳ Response: 200 OK
[2026-08-02T09:41:48.767Z]     ↳ Response: 200 OK
[2026-08-02T09:41:48.787Z]     ↳ Response: 200 OK
[2026-08-02T09:41:48.792Z]     ↳ Response: 200 OK
[2026-08-02T09:41:48.793Z]     ↳ Response: 200 OK
[2026-08-02T09:41:48.803Z]     ↳ Response: 200 OK
[2026-08-02T09:41:48.807Z]     ↳ Response: 200 OK
[2026-08-02T09:42:36.410Z] [130] GET http://localhost:3000/artists_farm/vrikshawan/room-101/
[2026-08-02T09:42:36.724Z]     ↳ Response: 200 OK
[2026-08-02T09:42:36.750Z] [131] GET http://localhost:3000/@vite/client
[2026-08-02T09:42:36.762Z] [132] GET http://localhost:3000/src/main.tsx?t=1785663594456
[2026-08-02T09:42:36.777Z] [133] GET http://localhost:3000/@react-refresh
[2026-08-02T09:42:36.798Z]     ↳ Response: 200 OK
[2026-08-02T09:42:36.841Z] [134] GET http://localhost:3000/node_modules/.vite/deps/react.js?v=647194ca
[2026-08-02T09:42:36.846Z] [135] GET http://localhost:3000/node_modules/.vite/deps/react-dom_client.js?v=40766d9c
[2026-08-02T09:42:36.863Z] [136] GET http://localhost:3000/src/App.tsx?t=1785663594456
[2026-08-02T09:42:36.879Z] [137] GET http://localhost:3000/src/index.css?t=1785663594456
[2026-08-02T09:42:36.885Z] [138] GET http://localhost:3000/src/utils/telescopeLogger.ts
[2026-08-02T09:42:36.895Z] [139] GET http://localhost:3000/node_modules/.vite/deps/react_jsx-dev-runtime.js?v=647194ca
[2026-08-02T09:42:36.924Z]     ↳ Response: 200 OK
[2026-08-02T09:42:36.937Z] [140] GET http://localhost:3000/node_modules/vite/dist/client/env.mjs
[2026-08-02T09:42:36.943Z]     ↳ Response: 200 OK
[2026-08-02T09:42:36.958Z]     ↳ Response: 200 OK
[2026-08-02T09:42:36.974Z] [141] GET http://localhost:3000/node_modules/.vite/deps/rolldown-runtime-B-1-B7_t.js?v=9329134a
[2026-08-02T09:42:36.988Z]     ↳ Response: 200 OK
[2026-08-02T09:42:36.997Z]     ↳ Response: 200 OK
[2026-08-02T09:42:37.011Z]     ↳ Response: 200 OK
[2026-08-02T09:42:37.024Z]     ↳ Response: 200 OK
[2026-08-02T09:42:37.030Z]     ↳ Response: 200 OK
[2026-08-02T09:42:37.042Z]     ↳ Response: 200 OK
[2026-08-02T09:42:37.135Z] [142] GET http://localhost:3000/src/components/Header.tsx?t=1785654087699
[2026-08-02T09:42:37.169Z] [143] GET http://localhost:3000/src/components/Navigation.tsx?t=1785663588215
[2026-08-02T09:42:37.179Z] [144] GET http://localhost:3000/src/components/OperationalDashboard.tsx?t=1785654087699
[2026-08-02T09:42:37.185Z] [145] GET http://localhost:3000/src/components/GuestManagement.tsx?t=1785654087699
[2026-08-02T09:42:37.190Z] [146] GET http://localhost:3000/src/components/KitchenManagement.tsx?t=1785654087699
[2026-08-02T09:42:37.204Z] [147] GET http://localhost:3000/src/components/InventoryManagement.tsx?t=1785654087699
[2026-08-02T09:42:37.213Z] [148] GET http://localhost:3000/src/components/PettyCashManagement.tsx?t=1785654087699
[2026-08-02T09:42:37.237Z] [149] GET http://localhost:3000/src/components/CashDrawerManager.tsx?t=1785654087699
[2026-08-02T09:42:37.248Z] [150] GET http://localhost:3000/src/components/ExpenseItemsManagement.tsx?t=1785612846419
[2026-08-02T09:42:37.318Z] [151] GET http://localhost:3000/src/components/StaffManagement.tsx?t=1785654087699
[2026-08-02T09:42:37.358Z] [152] GET http://localhost:3000/src/components/AnalyticsDashboard.tsx?t=1785654087699
[2026-08-02T09:42:37.389Z] [153] GET http://localhost:3000/src/components/AuditLogsView.tsx
[2026-08-02T09:42:37.403Z] [154] GET http://localhost:3000/src/components/DataExportCenter.tsx?t=1785654087699
[2026-08-02T09:42:37.438Z] [155] GET http://localhost:3000/src/components/MenuManager.tsx?t=1785654087699
[2026-08-02T09:42:37.453Z] [156] GET http://localhost:3000/src/components/MiscChargesManagement.tsx?t=1785654087699
[2026-08-02T09:42:37.463Z] [157] GET http://localhost:3000/src/components/ICalSyncManager.tsx?t=1785654087699
[2026-08-02T09:42:37.480Z] [158] GET http://localhost:3000/src/components/TelegramNotificationModal.tsx?t=1785654087699
[2026-08-02T09:42:37.490Z] [159] GET http://localhost:3000/src/components/GlobalModal.tsx
[2026-08-02T09:42:37.495Z] [160] GET http://localhost:3000/src/components/ToastContext.tsx
[2026-08-02T09:42:37.508Z] [161] GET http://localhost:3000/src/components/LoginModal.tsx?t=1785654087699
[2026-08-02T09:42:37.519Z] [162] GET http://localhost:3000/src/contexts/StaffContext.tsx?t=1785654087699
[2026-08-02T09:42:37.537Z] [163] GET http://localhost:3000/src/contexts/AuthContext.tsx?t=1785654087699
[2026-08-02T09:42:37.545Z] [164] GET http://localhost:3000/src/contexts/FinanceContext.tsx?t=1785654087699
[2026-08-02T09:42:37.582Z] [165] GET http://localhost:3000/src/contexts/InventoryContext.tsx?t=1785654087699
[2026-08-02T09:42:37.592Z] [166] GET http://localhost:3000/src/contexts/KitchenContext.tsx?t=1785654087699
[2026-08-02T09:42:37.598Z] [167] GET http://localhost:3000/src/utils/clientInfo.ts
[2026-08-02T09:42:37.614Z] [168] GET http://localhost:3000/src/data/appConfig.ts
[2026-08-02T09:42:37.626Z] [169] GET http://localhost:3000/src/services/themeService.ts
[2026-08-02T09:42:37.631Z] [170] GET http://localhost:3000/src/services/api.ts?t=1785654087699
[2026-08-02T09:42:37.643Z] [171] GET http://localhost:3000/src/contexts/ConfigurationDataContext.tsx?t=1785654087699
[2026-08-02T09:42:37.660Z] [172] GET http://localhost:3000/src/contexts/ModulesContext.tsx?t=1785654087699
[2026-08-02T09:42:37.674Z] [173] GET http://localhost:3000/src/components/DataLoader.tsx?t=1785654087699
[2026-08-02T09:42:37.688Z] [174] GET http://localhost:3000/src/components/LoadingScreen.tsx
[2026-08-02T09:42:37.696Z] [175] GET http://localhost:3000/src/components/LoginPage.tsx
[2026-08-02T09:42:37.711Z] [176] GET http://localhost:3000/src/components/PlatformPropertyManagement.tsx?t=1785658778613
[2026-08-02T09:42:37.742Z] [177] GET http://localhost:3000/src/components/TenantDashboard.tsx
[2026-08-02T09:42:37.754Z] [178] GET http://localhost:3000/src/components/RootAdminDashboard.tsx?t=1785660212018
[2026-08-02T09:42:37.764Z] [179] GET http://localhost:3000/src/components/MultiKeyPropertyOverview.tsx?t=1785654087699
[2026-08-02T09:42:37.797Z]     ↳ Response: 200 OK
[2026-08-02T09:42:37.830Z]     ↳ Response: 200 OK
[2026-08-02T09:42:37.854Z] [180] GET http://localhost:3000/node_modules/.vite/deps/lucide-react.js?v=907c0d96
[2026-08-02T09:42:37.869Z] [181] GET http://localhost:3000/src/utils/iconResolver.tsx
[2026-08-02T09:42:37.877Z] [182] GET http://localhost:3000/src/components/MultiKeyRoomDrawer.tsx?t=1785581097901
[2026-08-02T09:42:37.981Z]     ↳ Response: 200 OK
[2026-08-02T09:42:38.087Z]     ↳ Response: 200 OK
[2026-08-02T09:42:38.124Z] [183] GET http://localhost:3000/node_modules/.vite/deps/html-to-image.js?v=8ba12c37
[2026-08-02T09:42:38.161Z] [184] GET http://localhost:3000/src/components/DateRangePicker.tsx?t=1785538574357
[2026-08-02T09:42:38.243Z] [185] GET http://localhost:3000/src/components/BillingCheckout.tsx?t=1785584077754
[2026-08-02T09:42:38.277Z]     ↳ Response: 200 OK
[2026-08-02T09:42:38.296Z]     ↳ Response: 200 OK
[2026-08-02T09:42:38.344Z]     ↳ Response: 200 OK
[2026-08-02T09:42:38.361Z]     ↳ Response: 200 OK
[2026-08-02T09:42:38.374Z]     ↳ Response: 200 OK
[2026-08-02T09:42:38.391Z] [186] GET http://localhost:3000/node_modules/.vite/deps/react-data-table-component.js?v=de6c4fcd
[2026-08-02T09:42:38.410Z] [187] GET http://localhost:3000/node_modules/.vite/deps/react-apexcharts.js?v=a1c1290a
[2026-08-02T09:42:38.443Z]     ↳ Response: 200 OK
[2026-08-02T09:42:38.448Z]     ↳ Response: 200 OK
[2026-08-02T09:42:38.458Z]     ↳ Response: 200 OK
[2026-08-02T09:42:38.470Z] [188] GET http://localhost:3000/src/components/SearchableSelect.tsx
[2026-08-02T09:42:38.474Z]     ↳ Response: 200 OK
[2026-08-02T09:42:38.487Z]     ↳ Response: 200 OK
[2026-08-02T09:42:38.511Z]     ↳ Response: 200 OK
[2026-08-02T09:42:38.556Z]     ↳ Response: 200 OK
[2026-08-02T09:42:38.569Z] [189] GET http://localhost:3000/src/components/NavMenuEditor.tsx?t=1785654087699
[2026-08-02T09:42:38.617Z]     ↳ Response: 200 OK
[2026-08-02T09:42:38.638Z]     ↳ Response: 200 OK
[2026-08-02T09:42:38.673Z]     ↳ Response: 200 OK
[2026-08-02T09:42:38.691Z]     ↳ Response: 200 OK
[2026-08-02T09:42:38.703Z]     ↳ Response: 200 OK
[2026-08-02T09:42:38.737Z] [190] GET http://localhost:3000/src/components/TelegramConnectionSettings.tsx
[2026-08-02T09:42:38.759Z]     ↳ Response: 200 OK
[2026-08-02T09:42:38.778Z]     ↳ Response: 200 OK
[2026-08-02T09:42:38.812Z]     ↳ Response: 200 OK
[2026-08-02T09:42:38.844Z]     ↳ Response: 200 OK
[2026-08-02T09:42:38.864Z]     ↳ Response: 200 OK
[2026-08-02T09:42:39.040Z]     ↳ Response: 200 OK
[2026-08-02T09:42:39.110Z]     ↳ Response: 200 OK
[2026-08-02T09:42:39.137Z]     ↳ Response: 200 OK
[2026-08-02T09:42:39.202Z]     ↳ Response: 200 OK
[2026-08-02T09:42:39.225Z]     ↳ Response: 200 OK
[2026-08-02T09:42:39.252Z]     ↳ Response: 200 OK
[2026-08-02T09:42:39.258Z] [191] GET http://localhost:3000/src/components/InvalidPropertyPage.tsx
[2026-08-02T09:42:39.270Z]     ↳ Response: 200 OK
[2026-08-02T09:42:39.284Z]     ↳ Response: 200 OK
[2026-08-02T09:42:39.292Z]     ↳ Response: 200 OK
[2026-08-02T09:42:39.308Z]     ↳ Response: 200 OK
[2026-08-02T09:42:39.355Z] [192] GET http://localhost:3000/src/components/ToggleSwitch.tsx
[2026-08-02T09:42:39.401Z]     ↳ Response: 200 OK
[2026-08-02T09:42:39.423Z]     ↳ Response: 200 OK
[2026-08-02T09:42:39.441Z]     ↳ Response: 200 OK
[2026-08-02T09:42:39.496Z] [193] GET http://localhost:3000/src/components/AppearanceSettings.tsx?t=1785660212018
[2026-08-02T09:42:39.512Z] [194] GET http://localhost:3000/src/components/DefaultExpensesManager.tsx?t=1785590582041
[2026-08-02T09:42:39.535Z]     ↳ Response: 200 OK
[2026-08-02T09:42:39.545Z]     ↳ Response: 200 OK
[2026-08-02T09:42:39.557Z]     ↳ Response: 200 OK
[2026-08-02T09:42:39.600Z]     ↳ Response: 200 OK
[2026-08-02T09:42:39.632Z]     ↳ Response: 200 OK
[2026-08-02T09:42:39.651Z]     ↳ Response: 200 OK
[2026-08-02T09:42:39.668Z]     ↳ Response: 200 OK
[2026-08-02T09:42:39.691Z]     ↳ Response: 200 OK
[2026-08-02T09:42:39.702Z]     ↳ Response: 200 OK
[2026-08-02T09:42:39.705Z]     ↳ Response: 200 OK
[2026-08-02T09:42:39.709Z]     ↳ Response: 200 OK
[2026-08-02T09:42:39.713Z]     ↳ Response: 200 OK
[2026-08-02T09:42:39.721Z]     ↳ Response: 200 OK
[2026-08-02T09:42:39.728Z] [195] GET http://localhost:3000/node_modules/.vite/deps/react-dom.js?v=647194ca
[2026-08-02T09:42:39.738Z] [196] GET http://localhost:3000/node_modules/.vite/deps/sortablejs.js?v=bff2b989
[2026-08-02T09:42:39.745Z] [197] GET http://localhost:3000/src/components/ThemeManagement.tsx
[2026-08-02T09:42:39.773Z] [198] GET http://localhost:3000/src/components/CustomCSSOverride.tsx
[2026-08-02T09:42:39.792Z]     ↳ Response: 200 OK
[2026-08-02T09:42:39.824Z]     ↳ Response: 200 OK
[2026-08-02T09:42:39.839Z]     ↳ Response: 200 OK
[2026-08-02T09:42:39.845Z]     ↳ Response: 200 OK
[2026-08-02T09:42:39.856Z]     ↳ Response: 200 OK
[2026-08-02T09:42:39.861Z]     ↳ Response: 200 OK
[2026-08-02T09:42:40.040Z] [199] GET http://localhost:3000/php/api/router.php?action=get_current_property&property_slug=room-101
[2026-08-02T09:42:40.111Z] [200] GET http://localhost:3000/php/api/router.php?action=get_current_property&property_slug=room-101
[2026-08-02T09:42:40.143Z] [201] GET http://localhost:3000/icons/favicon-32x32.png
[2026-08-02T09:42:40.171Z]     ↳ Response: 200 OK
[2026-08-02T09:42:40.187Z]     ↳ Response: 200 OK
[2026-08-02T09:42:40.192Z] [202] GET http://localhost:3000/php/api/router.php?action=get_property_modules&property_slug=room-101
[2026-08-02T09:42:40.208Z] [203] GET http://localhost:3000/php/api/router.php?action=get_nav_menu&property_slug=room-101
[2026-08-02T09:42:40.219Z] [204] GET http://localhost:3000/php/api/router.php?action=get_telegram_config&property_slug=room-101
[2026-08-02T09:42:40.254Z]     ↳ Response: 200 OK
[2026-08-02T09:42:40.263Z] [205] GET http://localhost:3000/php/api/router.php?action=get_property_modules&property_slug=room-101
[2026-08-02T09:42:40.279Z] [206] GET http://localhost:3000/php/api/router.php?action=get_nav_menu&property_slug=room-101
[2026-08-02T09:42:40.296Z] [207] GET http://localhost:3000/php/api/router.php?action=get_telegram_config&property_slug=room-101
[2026-08-02T09:42:40.304Z]     ↳ Response: 200 OK
[2026-08-02T09:42:40.326Z]     ↳ Response: 200 OK
[2026-08-02T09:42:40.346Z]     ↳ Response: 200 OK
[2026-08-02T09:42:40.397Z] [208] GET https://images.unsplash.com/photo-1534528741775-53994a69daeb?w=100&auto=format&fit=crop&q=80
[2026-08-02T09:42:40.411Z] [209] GET http://localhost:3000/php/api/router.php?action=get_property_modules&property_slug=room-101
[2026-08-02T09:42:40.425Z] [210] GET http://localhost:3000/php/api/router.php?action=get_telegram_config&property_slug=room-101
[2026-08-02T09:42:40.439Z] [211] GET http://localhost:3000/artists_farm/php/api/ical_sync.php?action=get_blocked_dates
[2026-08-02T09:42:40.447Z] [212] GET http://localhost:3000/php/api/router.php?action=get_system_settings
[2026-08-02T09:42:40.464Z] [213] GET http://localhost:3000/php/api/router.php?action=get_theme_settings
[2026-08-02T09:42:40.474Z] [214] GET http://localhost:3000/php/api/router.php?action=get_guests&property_slug=room-101
[2026-08-02T09:42:40.479Z] [215] GET http://localhost:3000/php/api/router.php?action=get_menu&property_slug=room-101
[2026-08-02T09:42:40.487Z] [216] GET http://localhost:3000/php/api/router.php?action=get_users&property_slug=room-101
[2026-08-02T09:42:40.491Z] [217] GET http://localhost:3000/php/api/router.php?action=get_attendance&property_slug=room-101
[2026-08-02T09:42:40.496Z] [218] GET http://localhost:3000/php/api/router.php?action=get_audit_logs&property_slug=room-101
[2026-08-02T09:42:40.505Z] [219] GET http://localhost:3000/php/api/router.php?action=get_receipts&property_slug=room-101
[2026-08-02T09:42:40.510Z] [220] GET http://localhost:3000/php/api/router.php?action=get_users&property_slug=room-101
[2026-08-02T09:42:40.520Z] [221] GET http://localhost:3000/php/api/router.php?action=get_nav_menu&property_slug=room-101
[2026-08-02T09:42:40.524Z] [222] GET http://localhost:3000/php/api/router.php?action=get_guests&property_slug=room-101
[2026-08-02T09:42:40.530Z] [223] GET http://localhost:3000/php/api/router.php?action=get_menu&property_slug=room-101
[2026-08-02T09:42:40.539Z] [224] GET http://localhost:3000/php/api/router.php?action=get_attendance&property_slug=room-101
[2026-08-02T09:42:40.544Z] [225] GET http://localhost:3000/php/api/router.php?action=get_audit_logs&property_slug=room-101
[2026-08-02T09:42:40.551Z] [226] GET http://localhost:3000/php/api/router.php?action=get_receipts&property_slug=room-101
[2026-08-02T09:42:40.569Z] [227] GET http://localhost:3000/php/api/router.php?action=get_misc_catalog&property_slug=room-101
[2026-08-02T09:42:40.659Z] [228] GET http://localhost:3000/php/api/router.php?action=get_material_categories&property_slug=room-101
[2026-08-02T09:42:40.827Z] [229] GET http://localhost:3000/php/api/router.php?action=get_orders&property_slug=room-101
[2026-08-02T09:42:40.855Z] [230] GET http://localhost:3000/php/api/router.php?action=get_inventory&property_slug=room-101
[2026-08-02T09:42:40.878Z] [231] GET http://localhost:3000/php/api/router.php?action=get_petty_cash&property_slug=room-101
[2026-08-02T09:42:40.901Z] [232] GET http://localhost:3000/php/api/router.php?action=get_users&property_slug=room-101
[2026-08-02T09:42:40.913Z] [233] GET http://localhost:3000/php/api/router.php?action=get_attendance&property_slug=room-101
[2026-08-02T09:42:40.948Z] [234] GET http://localhost:3000/php/api/router.php?action=get_property_modules&property_slug=room-101
[2026-08-02T09:42:40.961Z] [235] GET http://localhost:3000/php/api/router.php?action=get_telegram_config&property_slug=room-101
[2026-08-02T09:42:40.971Z] [236] GET http://localhost:3000/artists_farm/php/api/ical_sync.php?action=get_blocked_dates
[2026-08-02T09:42:40.979Z] [237] GET http://localhost:3000/php/api/router.php?action=get_system_settings
[2026-08-02T09:42:40.988Z] [238] GET http://localhost:3000/php/api/router.php?action=get_theme_settings
[2026-08-02T09:42:41.004Z] [239] GET http://localhost:3000/php/api/router.php?action=get_guests&property_slug=room-101
[2026-08-02T09:42:41.089Z] [240] GET http://localhost:3000/php/api/router.php?action=get_menu&property_slug=room-101
[2026-08-02T09:42:41.144Z] [241] GET http://localhost:3000/php/api/router.php?action=get_users&property_slug=room-101
[2026-08-02T09:42:41.165Z] [242] GET http://localhost:3000/php/api/router.php?action=get_attendance&property_slug=room-101
[2026-08-02T09:42:41.188Z] [243] GET http://localhost:3000/php/api/router.php?action=get_audit_logs&property_slug=room-101
[2026-08-02T09:42:41.205Z] [244] GET http://localhost:3000/php/api/router.php?action=get_receipts&property_slug=room-101
[2026-08-02T09:42:41.224Z] [245] GET http://localhost:3000/php/api/router.php?action=get_users&property_slug=room-101
[2026-08-02T09:42:41.261Z] [246] GET http://localhost:3000/php/api/router.php?action=get_nav_menu&property_slug=room-101
[2026-08-02T09:42:41.278Z] [247] GET http://localhost:3000/php/api/router.php?action=get_guests&property_slug=room-101
[2026-08-02T09:42:41.294Z] [248] GET http://localhost:3000/php/api/router.php?action=get_menu&property_slug=room-101
[2026-08-02T09:42:41.323Z] [249] GET http://localhost:3000/php/api/router.php?action=get_attendance&property_slug=room-101
[2026-08-02T09:42:41.372Z] [250] GET http://localhost:3000/php/api/router.php?action=get_audit_logs&property_slug=room-101
[2026-08-02T09:42:41.447Z] [251] GET http://localhost:3000/php/api/router.php?action=get_receipts&property_slug=room-101
[2026-08-02T09:42:41.478Z] [252] GET http://localhost:3000/php/api/router.php?action=get_misc_catalog&property_slug=room-101
[2026-08-02T09:42:41.493Z] [253] GET http://localhost:3000/php/api/router.php?action=get_material_categories&property_slug=room-101
[2026-08-02T09:42:41.518Z] [254] GET http://localhost:3000/php/api/router.php?action=get_orders&property_slug=room-101
[2026-08-02T09:42:41.544Z] [255] GET http://localhost:3000/php/api/router.php?action=get_inventory&property_slug=room-101
[2026-08-02T09:42:41.556Z] [256] GET http://localhost:3000/php/api/router.php?action=get_petty_cash&property_slug=room-101
[2026-08-02T09:42:41.564Z] [257] GET http://localhost:3000/php/api/router.php?action=get_users&property_slug=room-101
[2026-08-02T09:42:41.588Z] [258] GET http://localhost:3000/php/api/router.php?action=get_attendance&property_slug=room-101
[2026-08-02T09:42:41.618Z]     ↳ Response: 200 
[2026-08-02T09:42:41.645Z]     ↳ Response: 200 OK
[2026-08-02T09:42:41.660Z]     ↳ Response: 200 OK
[2026-08-02T09:42:41.681Z]     ↳ Response: 200 OK
[2026-08-02T09:42:41.721Z]     ↳ Response: 200 OK
[2026-08-02T09:42:41.807Z]     ↳ Response: 200 OK
[2026-08-02T09:42:41.821Z]     ↳ Response: 200 OK
[2026-08-02T09:42:41.831Z]     ↳ Response: 200 OK
[2026-08-02T09:42:41.874Z]     ↳ Response: 200 OK
[2026-08-02T09:42:41.895Z]     ↳ Response: 200 OK
[2026-08-02T09:42:42.047Z]     ↳ Response: 200 OK
[2026-08-02T09:42:42.054Z]     ↳ Response: 200 OK
[2026-08-02T09:42:42.315Z]     ↳ Response: 200 OK
[2026-08-02T09:42:42.328Z]     ↳ Response: 200 OK
[2026-08-02T09:42:42.362Z]     ↳ Response: 200 OK
[2026-08-02T09:42:42.374Z]     ↳ Response: 200 OK
[2026-08-02T09:42:42.418Z]     ↳ Response: 200 OK
[2026-08-02T09:42:42.453Z]     ↳ Response: 200 OK
[2026-08-02T09:42:42.460Z]     ↳ Response: 200 OK
[2026-08-02T09:42:42.497Z]     ↳ Response: 200 OK
[2026-08-02T09:42:42.520Z]     ↳ Response: 200 OK
[2026-08-02T09:42:42.548Z]     ↳ Response: 200 OK
[2026-08-02T09:42:42.634Z]     ↳ Response: 200 OK
[2026-08-02T09:42:42.635Z]     ↳ Response: 200 OK
[2026-08-02T09:42:43.991Z]     ↳ Response: 200 OK
[2026-08-02T09:42:44.000Z]     ↳ Response: 200 OK
[2026-08-02T09:42:44.025Z]     ↳ Response: 200 OK
[2026-08-02T09:42:44.031Z]     ↳ Response: 200 OK
[2026-08-02T09:42:44.041Z]     ↳ Response: 200 OK
[2026-08-02T09:42:44.042Z]     ↳ Response: 200 OK
[2026-08-02T09:42:44.054Z]     ↳ Response: 200 OK
[2026-08-02T09:42:44.059Z]     ↳ Response: 200 OK
[2026-08-02T09:42:44.073Z]     ↳ Response: 200 OK
[2026-08-02T09:42:44.447Z]     ↳ Response: 200 OK
[2026-08-02T09:42:44.476Z]     ↳ Response: 200 OK
[2026-08-02T09:42:44.481Z]     ↳ Response: 200 OK
[2026-08-02T09:42:44.489Z]     ↳ Response: 200 OK
[2026-08-02T09:42:44.497Z]     ↳ Response: 200 OK
[2026-08-02T09:42:44.508Z]     ↳ Response: 200 OK
[2026-08-02T09:42:44.514Z]     ↳ Response: 200 OK
[2026-08-02T09:42:44.515Z]     ↳ Response: 200 OK
[2026-08-02T09:42:44.525Z]     ↳ Response: 200 OK
[2026-08-02T09:42:44.529Z]     ↳ Response: 200 OK
[2026-08-02T09:42:44.829Z]     ↳ Response: 200 OK
[2026-08-02T09:42:44.837Z]     ↳ Response: 200 OK
[2026-08-02T09:42:44.838Z]     ↳ Response: 200 OK
[2026-08-02T09:42:44.848Z]     ↳ Response: 200 OK
[2026-08-02T09:42:44.858Z]     ↳ Response: 200 OK
[2026-08-02T09:42:44.864Z]     ↳ Response: 200 OK
[2026-08-02T09:42:44.865Z]     ↳ Response: 200 OK
[2026-08-02T09:42:44.873Z]     ↳ Response: 200 OK
[2026-08-02T09:42:44.886Z]     ↳ Response: 200 OK
[2026-08-02T09:42:45.222Z]     ↳ Response: 200 OK
[2026-08-02T09:42:45.223Z]     ↳ Response: 200 OK
[2026-08-02T09:43:04.871Z] [259] GET http://localhost:3000/src/App.tsx?t=1785663784840
[2026-08-02T09:43:04.872Z] [260] GET http://localhost:3000/src/index.css?t=1785663784840
[2026-08-02T09:43:05.410Z]     ↳ Response: 200 OK
[2026-08-02T09:43:05.429Z]     ↳ Response: 200 OK
[2026-08-02T09:43:18.155Z] [261] GET http://localhost:3000/artists_farm/vrikshawan/room-101/
[2026-08-02T09:43:18.165Z]     ↳ Response: 200 OK
[2026-08-02T09:43:18.193Z] [262] GET http://localhost:3000/@vite/client
[2026-08-02T09:43:18.197Z] [263] GET http://localhost:3000/src/main.tsx?t=1785663784840
[2026-08-02T09:43:18.209Z] [264] GET http://localhost:3000/@react-refresh
[2026-08-02T09:43:18.224Z]     ↳ Response: 200 OK
[2026-08-02T09:43:18.249Z] [265] GET http://localhost:3000/node_modules/.vite/deps/react.js?v=647194ca
[2026-08-02T09:43:18.296Z] [266] GET http://localhost:3000/node_modules/.vite/deps/react-dom_client.js?v=40766d9c
[2026-08-02T09:43:18.314Z] [267] GET http://localhost:3000/src/App.tsx?t=1785663784840
[2026-08-02T09:43:18.345Z] [268] GET http://localhost:3000/src/index.css?t=1785663784840
[2026-08-02T09:43:18.373Z] [269] GET http://localhost:3000/src/utils/telescopeLogger.ts
[2026-08-02T09:43:18.442Z] [270] GET http://localhost:3000/node_modules/.vite/deps/react_jsx-dev-runtime.js?v=647194ca
[2026-08-02T09:43:18.453Z]     ↳ Response: 200 OK
[2026-08-02T09:43:18.460Z]     ↳ Response: 200 OK
[2026-08-02T09:43:18.471Z] [271] GET http://localhost:3000/node_modules/vite/dist/client/env.mjs
[2026-08-02T09:43:18.477Z]     ↳ Response: 200 OK
[2026-08-02T09:43:18.488Z] [272] GET http://localhost:3000/node_modules/.vite/deps/rolldown-runtime-B-1-B7_t.js?v=9329134a
[2026-08-02T09:43:18.491Z]     ↳ Response: 200 OK
[2026-08-02T09:43:18.503Z]     ↳ Response: 200 OK
[2026-08-02T09:43:18.508Z]     ↳ Response: 200 OK
[2026-08-02T09:43:18.519Z]     ↳ Response: 200 OK
[2026-08-02T09:43:18.573Z]     ↳ Response: 200 OK
[2026-08-02T09:43:18.627Z]     ↳ Response: 200 OK
[2026-08-02T09:43:18.646Z] [273] GET http://localhost:3000/src/components/Header.tsx?t=1785654087699
[2026-08-02T09:43:18.662Z] [274] GET http://localhost:3000/src/components/Navigation.tsx?t=1785663588215
[2026-08-02T09:43:18.697Z] [275] GET http://localhost:3000/src/components/OperationalDashboard.tsx?t=1785654087699
[2026-08-02T09:43:18.725Z] [276] GET http://localhost:3000/src/components/GuestManagement.tsx?t=1785654087699
[2026-08-02T09:43:18.757Z] [277] GET http://localhost:3000/src/components/KitchenManagement.tsx?t=1785654087699
[2026-08-02T09:43:18.771Z] [278] GET http://localhost:3000/src/components/InventoryManagement.tsx?t=1785654087699
[2026-08-02T09:43:18.779Z] [279] GET http://localhost:3000/src/components/PettyCashManagement.tsx?t=1785654087699
[2026-08-02T09:43:18.784Z] [280] GET http://localhost:3000/src/components/CashDrawerManager.tsx?t=1785654087699
[2026-08-02T09:43:18.793Z] [281] GET http://localhost:3000/src/components/ExpenseItemsManagement.tsx?t=1785612846419
[2026-08-02T09:43:18.796Z] [282] GET http://localhost:3000/src/components/StaffManagement.tsx?t=1785654087699
[2026-08-02T09:43:18.805Z] [283] GET http://localhost:3000/src/components/AnalyticsDashboard.tsx?t=1785654087699
[2026-08-02T09:43:18.809Z] [284] GET http://localhost:3000/src/components/AuditLogsView.tsx
[2026-08-02T09:43:18.812Z] [285] GET http://localhost:3000/src/components/DataExportCenter.tsx?t=1785654087699
[2026-08-02T09:43:18.818Z] [286] GET http://localhost:3000/src/components/MenuManager.tsx?t=1785654087699
[2026-08-02T09:43:18.823Z] [287] GET http://localhost:3000/src/components/MiscChargesManagement.tsx?t=1785654087699
[2026-08-02T09:43:18.827Z] [288] GET http://localhost:3000/src/components/ICalSyncManager.tsx?t=1785654087699
[2026-08-02T09:43:18.829Z] [289] GET http://localhost:3000/src/components/TelegramNotificationModal.tsx?t=1785654087699
[2026-08-02T09:43:18.838Z] [290] GET http://localhost:3000/src/components/GlobalModal.tsx
[2026-08-02T09:43:18.841Z] [291] GET http://localhost:3000/src/components/ToastContext.tsx
[2026-08-02T09:43:18.847Z] [292] GET http://localhost:3000/src/components/LoginModal.tsx?t=1785654087699
[2026-08-02T09:43:18.855Z] [293] GET http://localhost:3000/src/contexts/StaffContext.tsx?t=1785654087699
[2026-08-02T09:43:18.861Z] [294] GET http://localhost:3000/src/contexts/AuthContext.tsx?t=1785654087699
[2026-08-02T09:43:18.868Z] [295] GET http://localhost:3000/src/contexts/FinanceContext.tsx?t=1785654087699
[2026-08-02T09:43:18.880Z] [296] GET http://localhost:3000/src/contexts/InventoryContext.tsx?t=1785654087699
[2026-08-02T09:43:18.889Z] [297] GET http://localhost:3000/src/contexts/KitchenContext.tsx?t=1785654087699
[2026-08-02T09:43:18.894Z] [298] GET http://localhost:3000/src/utils/clientInfo.ts
[2026-08-02T09:43:18.896Z] [299] GET http://localhost:3000/src/data/appConfig.ts
[2026-08-02T09:43:18.906Z] [300] GET http://localhost:3000/src/services/themeService.ts
[2026-08-02T09:43:18.908Z] [301] GET http://localhost:3000/src/services/api.ts?t=1785654087699
[2026-08-02T09:43:18.911Z] [302] GET http://localhost:3000/src/contexts/ConfigurationDataContext.tsx?t=1785654087699
[2026-08-02T09:43:18.920Z] [303] GET http://localhost:3000/src/contexts/ModulesContext.tsx?t=1785654087699
[2026-08-02T09:43:18.924Z] [304] GET http://localhost:3000/src/components/DataLoader.tsx?t=1785654087699
[2026-08-02T09:43:18.929Z] [305] GET http://localhost:3000/src/components/LoadingScreen.tsx
[2026-08-02T09:43:18.939Z] [306] GET http://localhost:3000/src/components/LoginPage.tsx
[2026-08-02T09:43:18.946Z] [307] GET http://localhost:3000/src/components/PlatformPropertyManagement.tsx?t=1785658778613
[2026-08-02T09:43:18.955Z] [308] GET http://localhost:3000/src/components/TenantDashboard.tsx
[2026-08-02T09:43:18.957Z] [309] GET http://localhost:3000/src/components/RootAdminDashboard.tsx?t=1785660212018
[2026-08-02T09:43:18.961Z] [310] GET http://localhost:3000/src/components/MultiKeyPropertyOverview.tsx?t=1785654087699
[2026-08-02T09:43:18.972Z]     ↳ Response: 200 OK
[2026-08-02T09:43:18.980Z] [311] GET http://localhost:3000/node_modules/.vite/deps/lucide-react.js?v=907c0d96
[2026-08-02T09:43:18.986Z]     ↳ Response: 200 OK
[2026-08-02T09:43:18.995Z] [312] GET http://localhost:3000/src/utils/iconResolver.tsx
[2026-08-02T09:43:18.999Z] [313] GET http://localhost:3000/src/components/MultiKeyRoomDrawer.tsx?t=1785581097901
[2026-08-02T09:43:19.006Z]     ↳ Response: 200 OK
[2026-08-02T09:43:19.009Z]     ↳ Response: 200 OK
[2026-08-02T09:43:19.013Z]     ↳ Response: 200 OK
[2026-08-02T09:43:19.022Z] [314] GET http://localhost:3000/node_modules/.vite/deps/react-data-table-component.js?v=de6c4fcd
[2026-08-02T09:43:19.029Z] [315] GET http://localhost:3000/node_modules/.vite/deps/html-to-image.js?v=8ba12c37
[2026-08-02T09:43:19.040Z] [316] GET http://localhost:3000/src/components/DateRangePicker.tsx?t=1785538574357
[2026-08-02T09:43:19.046Z] [317] GET http://localhost:3000/src/components/BillingCheckout.tsx?t=1785584077754
[2026-08-02T09:43:19.058Z]     ↳ Response: 200 OK
[2026-08-02T09:43:19.071Z]     ↳ Response: 200 OK
[2026-08-02T09:43:19.080Z]     ↳ Response: 200 OK
[2026-08-02T09:43:19.091Z] [318] GET http://localhost:3000/src/components/SearchableSelect.tsx
[2026-08-02T09:43:19.095Z]     ↳ Response: 200 OK
[2026-08-02T09:43:19.107Z]     ↳ Response: 200 OK
[2026-08-02T09:43:19.112Z] [319] GET http://localhost:3000/node_modules/.vite/deps/react-apexcharts.js?v=a1c1290a
[2026-08-02T09:43:19.123Z]     ↳ Response: 200 OK
[2026-08-02T09:43:19.156Z]     ↳ Response: 200 OK
[2026-08-02T09:43:19.226Z]     ↳ Response: 200 OK
[2026-08-02T09:43:19.309Z]     ↳ Response: 200 OK
[2026-08-02T09:43:19.427Z]     ↳ Response: 200 OK
[2026-08-02T09:43:19.553Z]     ↳ Response: 200 OK
[2026-08-02T09:43:19.588Z] [320] GET http://localhost:3000/src/components/NavMenuEditor.tsx?t=1785654087699
[2026-08-02T09:43:19.603Z]     ↳ Response: 200 OK
[2026-08-02T09:43:19.625Z]     ↳ Response: 200 OK
[2026-08-02T09:43:19.662Z]     ↳ Response: 200 OK
[2026-08-02T09:43:19.678Z] [321] GET http://localhost:3000/src/components/TelegramConnectionSettings.tsx
[2026-08-02T09:43:19.696Z]     ↳ Response: 200 OK
[2026-08-02T09:43:19.708Z]     ↳ Response: 200 OK
[2026-08-02T09:43:19.721Z]     ↳ Response: 200 OK
[2026-08-02T09:43:19.745Z]     ↳ Response: 200 OK
[2026-08-02T09:43:19.758Z]     ↳ Response: 200 OK
[2026-08-02T09:43:19.763Z]     ↳ Response: 200 OK
[2026-08-02T09:43:19.791Z]     ↳ Response: 200 OK
[2026-08-02T09:43:19.811Z] [322] GET http://localhost:3000/node_modules/.vite/deps/react-dom.js?v=647194ca
[2026-08-02T09:43:19.825Z]     ↳ Response: 200 OK
[2026-08-02T09:43:19.839Z]     ↳ Response: 200 OK
[2026-08-02T09:43:19.856Z]     ↳ Response: 200 OK
[2026-08-02T09:43:19.863Z]     ↳ Response: 200 OK
[2026-08-02T09:43:19.895Z]     ↳ Response: 200 OK
[2026-08-02T09:43:19.918Z]     ↳ Response: 200 OK
[2026-08-02T09:43:19.929Z]     ↳ Response: 200 OK
[2026-08-02T09:43:19.944Z]     ↳ Response: 200 OK
[2026-08-02T09:43:19.957Z]     ↳ Response: 200 OK
[2026-08-02T09:43:19.972Z]     ↳ Response: 200 OK
[2026-08-02T09:43:19.981Z]     ↳ Response: 200 OK
[2026-08-02T09:43:19.997Z]     ↳ Response: 200 OK
[2026-08-02T09:43:20.008Z]     ↳ Response: 200 OK
[2026-08-02T09:43:20.018Z]     ↳ Response: 200 OK
[2026-08-02T09:43:20.062Z]     ↳ Response: 200 OK
[2026-08-02T09:43:20.081Z]     ↳ Response: 200 OK
[2026-08-02T09:43:20.141Z]     ↳ Response: 200 OK
[2026-08-02T09:43:20.200Z]     ↳ Response: 200 OK
[2026-08-02T09:43:20.230Z]     ↳ Response: 200 OK
[2026-08-02T09:43:20.244Z]     ↳ Response: 200 OK
[2026-08-02T09:43:20.261Z]     ↳ Response: 200 OK
[2026-08-02T09:43:20.287Z]     ↳ Response: 200 OK
[2026-08-02T09:43:20.362Z]     ↳ Response: 200 OK
[2026-08-02T09:43:20.403Z] [323] GET http://localhost:3000/src/components/InvalidPropertyPage.tsx
[2026-08-02T09:43:20.435Z] [324] GET http://localhost:3000/src/components/AppearanceSettings.tsx?t=1785660212018
[2026-08-02T09:43:20.468Z] [325] GET http://localhost:3000/src/components/DefaultExpensesManager.tsx?t=1785590582041
[2026-08-02T09:43:20.490Z] [326] GET http://localhost:3000/src/components/ToggleSwitch.tsx
[2026-08-02T09:43:20.508Z] [327] GET http://localhost:3000/node_modules/.vite/deps/sortablejs.js?v=bff2b989
[2026-08-02T09:43:20.532Z]     ↳ Response: 200 OK
[2026-08-02T09:43:20.541Z]     ↳ Response: 200 OK
[2026-08-02T09:43:20.542Z]     ↳ Response: 200 OK
[2026-08-02T09:43:20.547Z]     ↳ Response: 200 OK
[2026-08-02T09:43:20.553Z]     ↳ Response: 200 OK
[2026-08-02T09:43:20.560Z]     ↳ Response: 200 OK
[2026-08-02T09:43:20.571Z] [328] GET http://localhost:3000/src/components/ThemeManagement.tsx
[2026-08-02T09:43:20.577Z] [329] GET http://localhost:3000/src/components/CustomCSSOverride.tsx
[2026-08-02T09:43:20.589Z]     ↳ Response: 200 OK
[2026-08-02T09:43:20.593Z]     ↳ Response: 200 OK
[2026-08-02T09:43:20.661Z]     ↳ Response: 200 OK
[2026-08-02T09:43:20.936Z] [330] GET http://localhost:3000/php/api/router.php?action=get_current_property&property_slug=room-101
[2026-08-02T09:43:20.969Z] [331] GET http://localhost:3000/php/api/router.php?action=get_current_property&property_slug=room-101
[2026-08-02T09:43:20.989Z] [332] GET http://localhost:3000/icons/favicon-32x32.png
[2026-08-02T09:43:21.002Z]     ↳ Response: 200 OK
[2026-08-02T09:43:21.009Z]     ↳ Response: 200 OK
[2026-08-02T09:43:21.016Z] [333] GET http://localhost:3000/php/api/router.php?action=get_property_modules&property_slug=room-101
[2026-08-02T09:43:21.028Z] [334] GET http://localhost:3000/php/api/router.php?action=get_nav_menu&property_slug=room-101
[2026-08-02T09:43:21.041Z] [335] GET http://localhost:3000/php/api/router.php?action=get_telegram_config&property_slug=room-101
[2026-08-02T09:43:21.047Z]     ↳ Response: 200 OK
[2026-08-02T09:43:21.103Z] [336] GET http://localhost:3000/php/api/router.php?action=get_property_modules&property_slug=room-101
[2026-08-02T09:43:21.239Z] [337] GET http://localhost:3000/php/api/router.php?action=get_nav_menu&property_slug=room-101
[2026-08-02T09:43:21.437Z] [338] GET http://localhost:3000/php/api/router.php?action=get_telegram_config&property_slug=room-101
[2026-08-02T09:43:21.483Z]     ↳ Response: 200 OK
[2026-08-02T09:43:21.505Z]     ↳ Response: 200 OK
[2026-08-02T09:43:21.527Z]     ↳ Response: 200 OK
[2026-08-02T09:43:21.622Z] [339] GET https://images.unsplash.com/photo-1534528741775-53994a69daeb?w=100&auto=format&fit=crop&q=80
[2026-08-02T09:43:21.625Z]     ↳ Response: 200 
[2026-08-02T09:43:21.628Z] [340] GET http://localhost:3000/php/api/router.php?action=get_property_modules&property_slug=room-101
[2026-08-02T09:43:21.632Z] [341] GET http://localhost:3000/php/api/router.php?action=get_telegram_config&property_slug=room-101
[2026-08-02T09:43:21.639Z] [342] GET http://localhost:3000/artists_farm/php/api/ical_sync.php?action=get_blocked_dates
[2026-08-02T09:43:21.648Z] [343] GET http://localhost:3000/php/api/router.php?action=get_system_settings
[2026-08-02T09:43:21.659Z] [344] GET http://localhost:3000/php/api/router.php?action=get_theme_settings
[2026-08-02T09:43:21.672Z] [345] GET http://localhost:3000/php/api/router.php?action=get_guests&property_slug=room-101
[2026-08-02T09:43:21.679Z] [346] GET http://localhost:3000/php/api/router.php?action=get_menu&property_slug=room-101
[2026-08-02T09:43:21.681Z] [347] GET http://localhost:3000/php/api/router.php?action=get_users&property_slug=room-101
[2026-08-02T09:43:21.704Z] [348] GET http://localhost:3000/php/api/router.php?action=get_attendance&property_slug=room-101
[2026-08-02T09:43:21.713Z] [349] GET http://localhost:3000/php/api/router.php?action=get_audit_logs&property_slug=room-101
[2026-08-02T09:43:21.736Z] [350] GET http://localhost:3000/php/api/router.php?action=get_receipts&property_slug=room-101
[2026-08-02T09:43:21.745Z] [351] GET http://localhost:3000/php/api/router.php?action=get_users&property_slug=room-101
[2026-08-02T09:43:21.750Z] [352] GET http://localhost:3000/php/api/router.php?action=get_nav_menu&property_slug=room-101
[2026-08-02T09:43:21.759Z] [353] GET http://localhost:3000/php/api/router.php?action=get_guests&property_slug=room-101
[2026-08-02T09:43:21.772Z] [354] GET http://localhost:3000/php/api/router.php?action=get_menu&property_slug=room-101
[2026-08-02T09:43:21.776Z] [355] GET http://localhost:3000/php/api/router.php?action=get_attendance&property_slug=room-101
[2026-08-02T09:43:21.779Z] [356] GET http://localhost:3000/php/api/router.php?action=get_audit_logs&property_slug=room-101
[2026-08-02T09:43:21.784Z] [357] GET http://localhost:3000/php/api/router.php?action=get_receipts&property_slug=room-101
[2026-08-02T09:43:21.790Z] [358] GET http://localhost:3000/php/api/router.php?action=get_misc_catalog&property_slug=room-101
[2026-08-02T09:43:21.792Z] [359] GET http://localhost:3000/php/api/router.php?action=get_material_categories&property_slug=room-101
[2026-08-02T09:43:21.799Z] [360] GET http://localhost:3000/php/api/router.php?action=get_orders&property_slug=room-101
[2026-08-02T09:43:21.807Z] [361] GET http://localhost:3000/php/api/router.php?action=get_inventory&property_slug=room-101
[2026-08-02T09:43:21.820Z] [362] GET http://localhost:3000/php/api/router.php?action=get_petty_cash&property_slug=room-101
[2026-08-02T09:43:21.825Z] [363] GET http://localhost:3000/php/api/router.php?action=get_users&property_slug=room-101
[2026-08-02T09:43:21.835Z] [364] GET http://localhost:3000/php/api/router.php?action=get_attendance&property_slug=room-101
[2026-08-02T09:43:21.846Z] [365] GET http://localhost:3000/php/api/router.php?action=get_property_modules&property_slug=room-101
[2026-08-02T09:43:21.856Z] [366] GET http://localhost:3000/php/api/router.php?action=get_telegram_config&property_slug=room-101
[2026-08-02T09:43:21.875Z] [367] GET http://localhost:3000/artists_farm/php/api/ical_sync.php?action=get_blocked_dates
[2026-08-02T09:43:21.896Z] [368] GET http://localhost:3000/php/api/router.php?action=get_system_settings
[2026-08-02T09:43:21.929Z] [369] GET http://localhost:3000/php/api/router.php?action=get_theme_settings
[2026-08-02T09:43:21.947Z] [370] GET http://localhost:3000/php/api/router.php?action=get_guests&property_slug=room-101
[2026-08-02T09:43:21.970Z] [371] GET http://localhost:3000/php/api/router.php?action=get_menu&property_slug=room-101
[2026-08-02T09:43:21.987Z] [372] GET http://localhost:3000/php/api/router.php?action=get_users&property_slug=room-101
[2026-08-02T09:43:22.006Z] [373] GET http://localhost:3000/php/api/router.php?action=get_attendance&property_slug=room-101
[2026-08-02T09:43:22.037Z] [374] GET http://localhost:3000/php/api/router.php?action=get_audit_logs&property_slug=room-101
[2026-08-02T09:43:22.099Z] [375] GET http://localhost:3000/php/api/router.php?action=get_receipts&property_slug=room-101
[2026-08-02T09:43:22.127Z] [376] GET http://localhost:3000/php/api/router.php?action=get_users&property_slug=room-101
[2026-08-02T09:43:22.243Z] [377] GET http://localhost:3000/php/api/router.php?action=get_nav_menu&property_slug=room-101
[2026-08-02T09:43:22.403Z] [378] GET http://localhost:3000/php/api/router.php?action=get_guests&property_slug=room-101
[2026-08-02T09:43:22.429Z] [379] GET http://localhost:3000/php/api/router.php?action=get_menu&property_slug=room-101
[2026-08-02T09:43:22.446Z] [380] GET http://localhost:3000/php/api/router.php?action=get_attendance&property_slug=room-101
[2026-08-02T09:43:22.486Z] [381] GET http://localhost:3000/php/api/router.php?action=get_audit_logs&property_slug=room-101
[2026-08-02T09:43:22.508Z] [382] GET http://localhost:3000/php/api/router.php?action=get_receipts&property_slug=room-101
[2026-08-02T09:43:22.532Z] [383] GET http://localhost:3000/php/api/router.php?action=get_misc_catalog&property_slug=room-101
[2026-08-02T09:43:22.542Z] [384] GET http://localhost:3000/php/api/router.php?action=get_material_categories&property_slug=room-101
[2026-08-02T09:43:22.562Z] [385] GET http://localhost:3000/php/api/router.php?action=get_orders&property_slug=room-101
[2026-08-02T09:43:22.579Z] [386] GET http://localhost:3000/php/api/router.php?action=get_inventory&property_slug=room-101
[2026-08-02T09:43:22.587Z] [387] GET http://localhost:3000/php/api/router.php?action=get_petty_cash&property_slug=room-101
[2026-08-02T09:43:22.620Z] [388] GET http://localhost:3000/php/api/router.php?action=get_users&property_slug=room-101
[2026-08-02T09:43:22.627Z] [389] GET http://localhost:3000/php/api/router.php?action=get_attendance&property_slug=room-101
[2026-08-02T09:43:22.634Z]     ↳ Response: 200 OK
[2026-08-02T09:43:22.658Z]     ↳ Response: 200 OK
[2026-08-02T09:43:22.675Z]     ↳ Response: 200 OK
[2026-08-02T09:43:22.719Z]     ↳ Response: 200 OK
[2026-08-02T09:43:22.728Z]     ↳ Response: 200 OK
[2026-08-02T09:43:22.744Z]     ↳ Response: 200 OK
[2026-08-02T09:43:22.751Z]     ↳ Response: 200 OK
[2026-08-02T09:43:22.820Z]     ↳ Response: 200 OK
[2026-08-02T09:43:22.861Z]     ↳ Response: 200 OK
[2026-08-02T09:43:23.251Z]     ↳ Response: 200 OK
[2026-08-02T09:43:23.261Z]     ↳ Response: 200 OK
[2026-08-02T09:43:23.277Z]     ↳ Response: 200 OK
[2026-08-02T09:43:24.054Z]     ↳ Response: 200 OK
[2026-08-02T09:43:24.079Z]     ↳ Response: 200 OK
[2026-08-02T09:43:24.089Z]     ↳ Response: 200 OK
[2026-08-02T09:43:24.119Z]     ↳ Response: 200 OK
[2026-08-02T09:43:24.141Z]     ↳ Response: 200 OK
[2026-08-02T09:43:24.152Z]     ↳ Response: 200 OK
[2026-08-02T09:43:24.163Z]     ↳ Response: 200 OK
[2026-08-02T09:43:24.224Z]     ↳ Response: 200 OK
[2026-08-02T09:43:24.238Z]     ↳ Response: 200 OK
[2026-08-02T09:43:24.245Z]     ↳ Response: 200 OK
[2026-08-02T09:43:24.304Z]     ↳ Response: 200 OK
[2026-08-02T09:43:24.339Z]     ↳ Response: 200 OK
[2026-08-02T09:43:24.373Z]     ↳ Response: 200 OK
[2026-08-02T09:43:24.380Z]     ↳ Response: 200 OK
[2026-08-02T09:43:24.425Z]     ↳ Response: 200 OK
[2026-08-02T09:43:25.770Z]     ↳ Response: 200 OK
[2026-08-02T09:43:25.775Z]     ↳ Response: 200 OK
[2026-08-02T09:43:25.775Z]     ↳ Response: 200 OK
[2026-08-02T09:43:25.779Z]     ↳ Response: 200 OK
[2026-08-02T09:43:25.786Z]     ↳ Response: 200 OK
[2026-08-02T09:43:25.792Z]     ↳ Response: 200 OK
[2026-08-02T09:43:25.797Z]     ↳ Response: 200 OK
[2026-08-02T09:43:25.812Z]     ↳ Response: 200 OK
[2026-08-02T09:43:25.820Z]     ↳ Response: 200 OK
[2026-08-02T09:43:25.821Z]     ↳ Response: 200 OK
[2026-08-02T09:43:25.824Z]     ↳ Response: 200 OK
[2026-08-02T09:43:25.828Z]     ↳ Response: 200 OK
[2026-08-02T09:43:25.831Z]     ↳ Response: 200 OK
[2026-08-02T09:43:25.839Z]     ↳ Response: 200 OK
[2026-08-02T09:43:25.846Z]     ↳ Response: 200 OK
[2026-08-02T09:43:25.855Z]     ↳ Response: 200 OK
[2026-08-02T09:43:25.856Z]     ↳ Response: 200 OK
[2026-08-02T09:43:25.859Z]     ↳ Response: 200 OK
[2026-08-02T09:43:25.862Z]     ↳ Response: 200 OK
[2026-08-02T09:43:25.872Z]     ↳ Response: 200 OK
[2026-08-02T09:43:25.877Z]     ↳ Response: 200 OK
[2026-08-02T09:43:25.878Z]     ↳ Response: 200 OK
[2026-08-02T09:43:26.611Z]     ↳ Response: 200 OK
[2026-08-02T09:43:26.612Z]     ↳ Response: 200 OK
[2026-08-02T09:43:26.627Z]     ↳ Response: 200 OK
[2026-08-02T09:43:26.638Z]     ↳ Response: 200 OK
[2026-08-02T09:43:38.024Z] [390] GET http://localhost:3000/artists_farm/vrikshawan/room-101/
[2026-08-02T09:43:38.324Z]     ↳ Response: 200 OK
[2026-08-02T09:43:38.350Z] [391] GET http://localhost:3000/@vite/client
[2026-08-02T09:43:38.366Z] [392] GET http://localhost:3000/src/main.tsx?t=1785663784840
[2026-08-02T09:43:38.376Z] [393] GET http://localhost:3000/@react-refresh
[2026-08-02T09:43:38.463Z]     ↳ Response: 200 OK
[2026-08-02T09:43:38.528Z] [394] GET http://localhost:3000/node_modules/.vite/deps/react.js?v=647194ca
[2026-08-02T09:43:38.799Z] [395] GET http://localhost:3000/node_modules/.vite/deps/react-dom_client.js?v=40766d9c
[2026-08-02T09:43:38.911Z] [396] GET http://localhost:3000/src/App.tsx?t=1785663784840
[2026-08-02T09:43:38.979Z] [397] GET http://localhost:3000/src/index.css?t=1785663784840
[2026-08-02T09:43:39.017Z] [398] GET http://localhost:3000/src/utils/telescopeLogger.ts
[2026-08-02T09:43:39.044Z] [399] GET http://localhost:3000/node_modules/.vite/deps/react_jsx-dev-runtime.js?v=647194ca
[2026-08-02T09:43:39.091Z]     ↳ Response: 200 OK
[2026-08-02T09:43:39.100Z]     ↳ Response: 200 OK
[2026-08-02T09:43:39.111Z] [400] GET http://localhost:3000/node_modules/vite/dist/client/env.mjs
[2026-08-02T09:43:39.125Z]     ↳ Response: 200 OK
[2026-08-02T09:43:39.133Z] [401] GET http://localhost:3000/node_modules/.vite/deps/rolldown-runtime-B-1-B7_t.js?v=9329134a
[2026-08-02T09:43:39.147Z]     ↳ Response: 200 OK
[2026-08-02T09:43:39.162Z]     ↳ Response: 200 OK
[2026-08-02T09:43:39.175Z]     ↳ Response: 200 OK
[2026-08-02T09:43:39.180Z]     ↳ Response: 200 OK
[2026-08-02T09:43:39.196Z]     ↳ Response: 200 OK
[2026-08-02T09:43:39.210Z]     ↳ Response: 200 OK
[2026-08-02T09:43:39.217Z] [402] GET http://localhost:3000/src/components/Header.tsx?t=1785654087699
[2026-08-02T09:43:39.227Z] [403] GET http://localhost:3000/src/components/Navigation.tsx?t=1785663588215
[2026-08-02T09:43:39.245Z] [404] GET http://localhost:3000/src/components/OperationalDashboard.tsx?t=1785654087699
[2026-08-02T09:43:39.258Z] [405] GET http://localhost:3000/src/components/GuestManagement.tsx?t=1785654087699
[2026-08-02T09:43:39.267Z] [406] GET http://localhost:3000/src/components/KitchenManagement.tsx?t=1785654087699
[2026-08-02T09:43:39.281Z] [407] GET http://localhost:3000/src/components/InventoryManagement.tsx?t=1785654087699
[2026-08-02T09:43:39.311Z] [408] GET http://localhost:3000/src/components/PettyCashManagement.tsx?t=1785654087699
[2026-08-02T09:43:39.326Z] [409] GET http://localhost:3000/src/components/CashDrawerManager.tsx?t=1785654087699
[2026-08-02T09:43:39.333Z] [410] GET http://localhost:3000/src/components/ExpenseItemsManagement.tsx?t=1785612846419
[2026-08-02T09:43:39.348Z] [411] GET http://localhost:3000/src/components/StaffManagement.tsx?t=1785654087699
[2026-08-02T09:43:39.363Z] [412] GET http://localhost:3000/src/components/AnalyticsDashboard.tsx?t=1785654087699
[2026-08-02T09:43:39.372Z] [413] GET http://localhost:3000/src/components/AuditLogsView.tsx
[2026-08-02T09:43:39.382Z] [414] GET http://localhost:3000/src/components/DataExportCenter.tsx?t=1785654087699
[2026-08-02T09:43:39.394Z] [415] GET http://localhost:3000/src/components/MenuManager.tsx?t=1785654087699
[2026-08-02T09:43:39.405Z] [416] GET http://localhost:3000/src/components/MiscChargesManagement.tsx?t=1785654087699
[2026-08-02T09:43:39.412Z] [417] GET http://localhost:3000/src/components/ICalSyncManager.tsx?t=1785654087699
[2026-08-02T09:43:39.426Z] [418] GET http://localhost:3000/src/components/TelegramNotificationModal.tsx?t=1785654087699
[2026-08-02T09:43:39.443Z] [419] GET http://localhost:3000/src/components/GlobalModal.tsx
[2026-08-02T09:43:39.464Z] [420] GET http://localhost:3000/src/components/ToastContext.tsx
[2026-08-02T09:43:39.472Z] [421] GET http://localhost:3000/src/components/LoginModal.tsx?t=1785654087699
[2026-08-02T09:43:39.480Z] [422] GET http://localhost:3000/src/contexts/StaffContext.tsx?t=1785654087699
[2026-08-02T09:43:39.488Z] [423] GET http://localhost:3000/src/contexts/AuthContext.tsx?t=1785654087699
[2026-08-02T09:43:39.496Z] [424] GET http://localhost:3000/src/contexts/FinanceContext.tsx?t=1785654087699
[2026-08-02T09:43:39.505Z] [425] GET http://localhost:3000/src/contexts/InventoryContext.tsx?t=1785654087699
[2026-08-02T09:43:39.514Z] [426] GET http://localhost:3000/src/contexts/KitchenContext.tsx?t=1785654087699
[2026-08-02T09:43:39.541Z] [427] GET http://localhost:3000/src/utils/clientInfo.ts
[2026-08-02T09:43:39.604Z] [428] GET http://localhost:3000/src/data/appConfig.ts
[2026-08-02T09:43:39.617Z] [429] GET http://localhost:3000/src/services/themeService.ts
[2026-08-02T09:43:39.646Z] [430] GET http://localhost:3000/src/services/api.ts?t=1785654087699
[2026-08-02T09:43:39.672Z] [431] GET http://localhost:3000/src/contexts/ConfigurationDataContext.tsx?t=1785654087699
[2026-08-02T09:43:39.683Z] [432] GET http://localhost:3000/src/contexts/ModulesContext.tsx?t=1785654087699
[2026-08-02T09:43:39.709Z] [433] GET http://localhost:3000/src/components/DataLoader.tsx?t=1785654087699
[2026-08-02T09:43:39.727Z] [434] GET http://localhost:3000/src/components/LoadingScreen.tsx
[2026-08-02T09:43:39.731Z] [435] GET http://localhost:3000/src/components/LoginPage.tsx
[2026-08-02T09:43:39.733Z] [436] GET http://localhost:3000/src/components/PlatformPropertyManagement.tsx?t=1785658778613
[2026-08-02T09:43:39.764Z] [437] GET http://localhost:3000/src/components/TenantDashboard.tsx
[2026-08-02T09:43:39.777Z] [438] GET http://localhost:3000/src/components/RootAdminDashboard.tsx?t=1785660212018
[2026-08-02T09:43:39.793Z] [439] GET http://localhost:3000/src/components/MultiKeyPropertyOverview.tsx?t=1785654087699
[2026-08-02T09:43:39.805Z]     ↳ Response: 200 OK
[2026-08-02T09:43:39.815Z] [440] GET http://localhost:3000/node_modules/.vite/deps/lucide-react.js?v=907c0d96
[2026-08-02T09:43:39.823Z]     ↳ Response: 200 OK
[2026-08-02T09:43:39.833Z]     ↳ Response: 200 OK
[2026-08-02T09:43:39.841Z] [441] GET http://localhost:3000/src/utils/iconResolver.tsx
[2026-08-02T09:43:39.846Z] [442] GET http://localhost:3000/src/components/MultiKeyRoomDrawer.tsx?t=1785581097901
[2026-08-02T09:43:39.850Z]     ↳ Response: 200 OK
[2026-08-02T09:43:39.860Z]     ↳ Response: 200 OK
[2026-08-02T09:43:39.865Z]     ↳ Response: 200 OK
[2026-08-02T09:43:39.872Z]     ↳ Response: 200 OK
[2026-08-02T09:43:39.875Z]     ↳ Response: 200 OK
[2026-08-02T09:43:39.881Z]     ↳ Response: 200 OK
[2026-08-02T09:43:39.889Z]     ↳ Response: 200 OK
[2026-08-02T09:43:39.893Z]     ↳ Response: 200 OK
[2026-08-02T09:43:39.898Z]     ↳ Response: 200 OK
[2026-08-02T09:43:39.907Z]     ↳ Response: 200 OK
[2026-08-02T09:43:39.911Z]     ↳ Response: 200 OK
[2026-08-02T09:43:39.916Z] [443] GET http://localhost:3000/src/components/SearchableSelect.tsx
[2026-08-02T09:43:39.926Z] [444] GET http://localhost:3000/node_modules/.vite/deps/react-data-table-component.js?v=de6c4fcd
[2026-08-02T09:43:39.928Z] [445] GET http://localhost:3000/node_modules/.vite/deps/html-to-image.js?v=8ba12c37
[2026-08-02T09:43:39.938Z] [446] GET http://localhost:3000/src/components/DateRangePicker.tsx?t=1785538574357
[2026-08-02T09:43:39.943Z] [447] GET http://localhost:3000/src/components/BillingCheckout.tsx?t=1785584077754
[2026-08-02T09:43:39.946Z] [448] GET http://localhost:3000/node_modules/.vite/deps/react-apexcharts.js?v=a1c1290a
[2026-08-02T09:43:39.950Z]     ↳ Response: 200 OK
[2026-08-02T09:43:39.958Z] [449] GET http://localhost:3000/src/components/NavMenuEditor.tsx?t=1785654087699
[2026-08-02T09:43:39.978Z]     ↳ Response: 200 OK
[2026-08-02T09:43:39.981Z]     ↳ Response: 200 OK
[2026-08-02T09:43:39.985Z]     ↳ Response: 200 OK
[2026-08-02T09:43:39.989Z]     ↳ Response: 200 OK
[2026-08-02T09:43:39.999Z]     ↳ Response: 200 OK
[2026-08-02T09:43:40.006Z]     ↳ Response: 200 OK
[2026-08-02T09:43:40.012Z]     ↳ Response: 200 OK
[2026-08-02T09:43:40.017Z]     ↳ Response: 200 OK
[2026-08-02T09:43:40.026Z]     ↳ Response: 200 OK
[2026-08-02T09:43:40.029Z]     ↳ Response: 200 OK
[2026-08-02T09:43:40.040Z] [450] GET http://localhost:3000/node_modules/.vite/deps/react-dom.js?v=647194ca
[2026-08-02T09:43:40.047Z]     ↳ Response: 200 OK
[2026-08-02T09:43:40.051Z] [451] GET http://localhost:3000/src/components/TelegramConnectionSettings.tsx
[2026-08-02T09:43:40.056Z]     ↳ Response: 200 OK
[2026-08-02T09:43:40.062Z]     ↳ Response: 200 OK
[2026-08-02T09:43:40.068Z]     ↳ Response: 200 OK
[2026-08-02T09:43:40.076Z]     ↳ Response: 200 OK
[2026-08-02T09:43:40.079Z]     ↳ Response: 200 OK
[2026-08-02T09:43:40.081Z]     ↳ Response: 200 OK
[2026-08-02T09:43:40.083Z]     ↳ Response: 200 OK
[2026-08-02T09:43:40.091Z]     ↳ Response: 200 OK
[2026-08-02T09:43:40.099Z]     ↳ Response: 200 OK
[2026-08-02T09:43:40.107Z]     ↳ Response: 200 OK
[2026-08-02T09:43:40.115Z] [452] GET http://localhost:3000/src/components/InvalidPropertyPage.tsx
[2026-08-02T09:43:40.123Z]     ↳ Response: 200 OK
[2026-08-02T09:43:40.132Z]     ↳ Response: 200 OK
[2026-08-02T09:43:40.153Z]     ↳ Response: 200 OK
[2026-08-02T09:43:40.238Z]     ↳ Response: 200 OK
[2026-08-02T09:43:40.274Z]     ↳ Response: 200 OK
[2026-08-02T09:43:40.310Z]     ↳ Response: 200 OK
[2026-08-02T09:43:40.342Z]     ↳ Response: 200 OK
[2026-08-02T09:43:40.358Z]     ↳ Response: 200 OK
[2026-08-02T09:43:40.376Z] [453] GET http://localhost:3000/src/components/ToggleSwitch.tsx
[2026-08-02T09:43:40.392Z]     ↳ Response: 200 OK
[2026-08-02T09:43:40.409Z]     ↳ Response: 200 OK
[2026-08-02T09:43:40.423Z]     ↳ Response: 200 OK
[2026-08-02T09:43:40.434Z] [454] GET http://localhost:3000/src/components/AppearanceSettings.tsx?t=1785660212018
[2026-08-02T09:43:40.445Z] [455] GET http://localhost:3000/src/components/DefaultExpensesManager.tsx?t=1785590582041
[2026-08-02T09:43:40.451Z] [456] GET http://localhost:3000/node_modules/.vite/deps/sortablejs.js?v=bff2b989
[2026-08-02T09:43:40.465Z]     ↳ Response: 200 OK
[2026-08-02T09:43:40.477Z]     ↳ Response: 200 OK
[2026-08-02T09:43:40.484Z]     ↳ Response: 200 OK
[2026-08-02T09:43:40.492Z]     ↳ Response: 200 OK
[2026-08-02T09:43:40.497Z]     ↳ Response: 200 OK
[2026-08-02T09:43:40.507Z]     ↳ Response: 200 OK
[2026-08-02T09:43:40.514Z]     ↳ Response: 200 OK
[2026-08-02T09:43:40.525Z] [457] GET http://localhost:3000/src/components/ThemeManagement.tsx
[2026-08-02T09:43:40.531Z] [458] GET http://localhost:3000/src/components/CustomCSSOverride.tsx
[2026-08-02T09:43:40.538Z]     ↳ Response: 200 OK
[2026-08-02T09:43:40.542Z]     ↳ Response: 200 OK
[2026-08-02T09:43:40.549Z]     ↳ Response: 200 OK
[2026-08-02T09:43:40.551Z]     ↳ Response: 200 OK
[2026-08-02T09:43:40.813Z] [459] GET http://localhost:3000/php/api/router.php?action=get_current_property&property_slug=room-101
[2026-08-02T09:43:40.820Z] [460] GET http://localhost:3000/php/api/router.php?action=get_current_property&property_slug=room-101
[2026-08-02T09:43:40.865Z]     ↳ Response: 200 OK
[2026-08-02T09:43:40.929Z] [461] GET http://localhost:3000/icons/favicon-32x32.png
[2026-08-02T09:43:40.989Z] [462] GET http://localhost:3000/php/api/router.php?action=get_property_modules&property_slug=room-101
[2026-08-02T09:43:40.997Z] [463] GET http://localhost:3000/php/api/router.php?action=get_nav_menu&property_slug=room-101
[2026-08-02T09:43:41.015Z] [464] GET http://localhost:3000/php/api/router.php?action=get_telegram_config&property_slug=room-101
[2026-08-02T09:43:41.116Z]     ↳ Response: 200 OK
[2026-08-02T09:43:41.124Z]     ↳ Response: 200 OK
[2026-08-02T09:43:41.156Z] [465] GET http://localhost:3000/php/api/router.php?action=get_property_modules&property_slug=room-101
[2026-08-02T09:43:41.165Z] [466] GET http://localhost:3000/php/api/router.php?action=get_nav_menu&property_slug=room-101
[2026-08-02T09:43:41.177Z] [467] GET http://localhost:3000/php/api/router.php?action=get_telegram_config&property_slug=room-101
[2026-08-02T09:43:41.188Z]     ↳ Response: 200 OK
[2026-08-02T09:43:41.221Z]     ↳ Response: 200 OK
[2026-08-02T09:43:41.234Z]     ↳ Response: 200 OK
[2026-08-02T09:43:41.437Z] [468] GET https://images.unsplash.com/photo-1534528741775-53994a69daeb?w=100&auto=format&fit=crop&q=80
[2026-08-02T09:43:41.438Z]     ↳ Response: 200 OK
[2026-08-02T09:43:41.441Z]     ↳ Response: 200 
[2026-08-02T09:43:41.749Z] [469] GET http://localhost:3000/php/api/router.php?action=get_property_modules&property_slug=room-101
[2026-08-02T09:43:41.757Z] [470] GET http://localhost:3000/php/api/router.php?action=get_telegram_config&property_slug=room-101
[2026-08-02T09:43:41.763Z] [471] GET http://localhost:3000/artists_farm/php/api/ical_sync.php?action=get_blocked_dates
[2026-08-02T09:43:41.765Z] [472] GET http://localhost:3000/php/api/router.php?action=get_system_settings
[2026-08-02T09:43:41.779Z] [473] GET http://localhost:3000/php/api/router.php?action=get_theme_settings
[2026-08-02T09:43:41.783Z] [474] GET http://localhost:3000/php/api/router.php?action=get_guests&property_slug=room-101
[2026-08-02T09:43:41.790Z] [475] GET http://localhost:3000/php/api/router.php?action=get_menu&property_slug=room-101
[2026-08-02T09:43:41.829Z] [476] GET http://localhost:3000/php/api/router.php?action=get_users&property_slug=room-101
[2026-08-02T09:43:41.892Z] [477] GET http://localhost:3000/php/api/router.php?action=get_attendance&property_slug=room-101
[2026-08-02T09:43:41.911Z] [478] GET http://localhost:3000/php/api/router.php?action=get_audit_logs&property_slug=room-101
[2026-08-02T09:43:42.009Z] [479] GET http://localhost:3000/php/api/router.php?action=get_receipts&property_slug=room-101
[2026-08-02T09:43:42.173Z] [480] GET http://localhost:3000/php/api/router.php?action=get_users&property_slug=room-101
[2026-08-02T09:43:42.181Z] [481] GET http://localhost:3000/php/api/router.php?action=get_nav_menu&property_slug=room-101
[2026-08-02T09:43:42.214Z] [482] GET http://localhost:3000/php/api/router.php?action=get_guests&property_slug=room-101
[2026-08-02T09:43:42.241Z] [483] GET http://localhost:3000/php/api/router.php?action=get_menu&property_slug=room-101
[2026-08-02T09:43:42.329Z] [484] GET http://localhost:3000/php/api/router.php?action=get_attendance&property_slug=room-101
[2026-08-02T09:43:42.337Z] [485] GET http://localhost:3000/php/api/router.php?action=get_audit_logs&property_slug=room-101
[2026-08-02T09:43:42.343Z] [486] GET http://localhost:3000/php/api/router.php?action=get_receipts&property_slug=room-101
[2026-08-02T09:43:42.350Z] [487] GET http://localhost:3000/php/api/router.php?action=get_misc_catalog&property_slug=room-101
[2026-08-02T09:43:42.361Z] [488] GET http://localhost:3000/php/api/router.php?action=get_material_categories&property_slug=room-101
[2026-08-02T09:43:42.366Z] [489] GET http://localhost:3000/php/api/router.php?action=get_orders&property_slug=room-101
[2026-08-02T09:43:42.399Z] [490] GET http://localhost:3000/php/api/router.php?action=get_inventory&property_slug=room-101
[2026-08-02T09:43:42.400Z] [491] GET http://localhost:3000/php/api/router.php?action=get_petty_cash&property_slug=room-101
[2026-08-02T09:43:42.412Z] [492] GET http://localhost:3000/php/api/router.php?action=get_users&property_slug=room-101
[2026-08-02T09:43:42.442Z] [493] GET http://localhost:3000/php/api/router.php?action=get_attendance&property_slug=room-101
[2026-08-02T09:43:42.450Z] [494] GET http://localhost:3000/php/api/router.php?action=get_property_modules&property_slug=room-101
[2026-08-02T09:43:42.457Z] [495] GET http://localhost:3000/php/api/router.php?action=get_telegram_config&property_slug=room-101
[2026-08-02T09:43:42.465Z] [496] GET http://localhost:3000/artists_farm/php/api/ical_sync.php?action=get_blocked_dates
[2026-08-02T09:43:42.491Z] [497] GET http://localhost:3000/php/api/router.php?action=get_system_settings
[2026-08-02T09:43:42.497Z] [498] GET http://localhost:3000/php/api/router.php?action=get_theme_settings
[2026-08-02T09:43:42.539Z] [499] GET http://localhost:3000/php/api/router.php?action=get_guests&property_slug=room-101
[2026-08-02T09:43:42.554Z] [500] GET http://localhost:3000/php/api/router.php?action=get_menu&property_slug=room-101
[2026-08-02T09:43:42.560Z] [501] GET http://localhost:3000/php/api/router.php?action=get_users&property_slug=room-101
[2026-08-02T09:43:42.567Z] [502] GET http://localhost:3000/php/api/router.php?action=get_attendance&property_slug=room-101
[2026-08-02T09:43:43.058Z] [503] GET http://localhost:3000/php/api/router.php?action=get_audit_logs&property_slug=room-101
[2026-08-02T09:43:43.117Z] [504] GET http://localhost:3000/php/api/router.php?action=get_receipts&property_slug=room-101
[2026-08-02T09:43:43.128Z] [505] GET http://localhost:3000/php/api/router.php?action=get_users&property_slug=room-101
[2026-08-02T09:43:43.133Z] [506] GET http://localhost:3000/php/api/router.php?action=get_nav_menu&property_slug=room-101
[2026-08-02T09:43:43.177Z] [507] GET http://localhost:3000/php/api/router.php?action=get_guests&property_slug=room-101
[2026-08-02T09:43:43.192Z] [508] GET http://localhost:3000/php/api/router.php?action=get_menu&property_slug=room-101
[2026-08-02T09:43:43.199Z] [509] GET http://localhost:3000/php/api/router.php?action=get_attendance&property_slug=room-101
[2026-08-02T09:43:43.231Z] [510] GET http://localhost:3000/php/api/router.php?action=get_audit_logs&property_slug=room-101
[2026-08-02T09:43:43.241Z] [511] GET http://localhost:3000/php/api/router.php?action=get_receipts&property_slug=room-101
[2026-08-02T09:43:43.250Z] [512] GET http://localhost:3000/php/api/router.php?action=get_misc_catalog&property_slug=room-101
[2026-08-02T09:43:43.264Z] [513] GET http://localhost:3000/php/api/router.php?action=get_material_categories&property_slug=room-101
[2026-08-02T09:43:43.332Z] [514] GET http://localhost:3000/php/api/router.php?action=get_orders&property_slug=room-101
[2026-08-02T09:43:43.573Z] [515] GET http://localhost:3000/php/api/router.php?action=get_inventory&property_slug=room-101
[2026-08-02T09:43:43.655Z] [516] GET http://localhost:3000/php/api/router.php?action=get_petty_cash&property_slug=room-101
[2026-08-02T09:43:43.667Z] [517] GET http://localhost:3000/php/api/router.php?action=get_users&property_slug=room-101
[2026-08-02T09:43:43.677Z] [518] GET http://localhost:3000/php/api/router.php?action=get_attendance&property_slug=room-101
[2026-08-02T09:43:43.707Z]     ↳ Response: 200 OK
[2026-08-02T09:43:43.714Z]     ↳ Response: 200 OK
[2026-08-02T09:43:43.766Z]     ↳ Response: 200 OK
[2026-08-02T09:43:43.795Z]     ↳ Response: 200 OK
[2026-08-02T09:43:43.895Z]     ↳ Response: 200 OK
[2026-08-02T09:43:43.911Z]     ↳ Response: 200 OK
[2026-08-02T09:43:43.944Z]     ↳ Response: 200 OK
[2026-08-02T09:43:43.963Z]     ↳ Response: 200 OK
[2026-08-02T09:43:44.330Z]     ↳ Response: 200 OK
[2026-08-02T09:43:44.338Z]     ↳ Response: 200 OK
[2026-08-02T09:43:44.459Z]     ↳ Response: 200 OK
[2026-08-02T09:43:44.472Z]     ↳ Response: 200 OK
[2026-08-02T09:43:44.473Z]     ↳ Response: 200 OK
[2026-08-02T09:43:44.478Z]     ↳ Response: 200 OK
[2026-08-02T09:43:44.498Z]     ↳ Response: 200 OK
[2026-08-02T09:43:44.514Z]     ↳ Response: 200 OK
[2026-08-02T09:43:44.525Z]     ↳ Response: 200 OK
[2026-08-02T09:43:44.533Z]     ↳ Response: 200 OK
[2026-08-02T09:43:44.557Z]     ↳ Response: 200 OK
[2026-08-02T09:43:44.564Z]     ↳ Response: 200 OK
[2026-08-02T09:43:44.565Z]     ↳ Response: 200 OK
[2026-08-02T09:43:44.581Z]     ↳ Response: 200 OK
[2026-08-02T09:43:44.622Z]     ↳ Response: 200 OK
[2026-08-02T09:43:44.643Z]     ↳ Response: 200 OK
[2026-08-02T09:43:44.660Z]     ↳ Response: 200 OK
[2026-08-02T09:43:45.143Z]     ↳ Response: 200 OK
[2026-08-02T09:43:45.144Z]     ↳ Response: 200 OK
[2026-08-02T09:43:45.151Z]     ↳ Response: 200 OK
[2026-08-02T09:43:45.152Z]     ↳ Response: 200 OK
[2026-08-02T09:43:45.161Z]     ↳ Response: 200 OK
[2026-08-02T09:43:45.166Z]     ↳ Response: 200 OK
[2026-08-02T09:43:45.247Z]     ↳ Response: 200 OK
[2026-08-02T09:43:45.640Z]     ↳ Response: 200 OK
[2026-08-02T09:43:45.646Z]     ↳ Response: 200 OK
[2026-08-02T09:43:45.654Z]     ↳ Response: 200 OK
[2026-08-02T09:43:45.659Z]     ↳ Response: 200 OK
[2026-08-02T09:43:45.663Z]     ↳ Response: 200 OK
[2026-08-02T09:43:45.723Z]     ↳ Response: 200 OK
[2026-08-02T09:43:45.731Z]     ↳ Response: 200 OK
[2026-08-02T09:43:45.790Z]     ↳ Response: 200 OK
[2026-08-02T09:43:45.808Z]     ↳ Response: 200 OK
[2026-08-02T09:43:45.817Z]     ↳ Response: 200 OK
[2026-08-02T09:43:45.828Z]     ↳ Response: 200 OK
[2026-08-02T09:43:45.858Z]     ↳ Response: 200 OK
[2026-08-02T09:43:45.864Z]     ↳ Response: 200 OK
[2026-08-02T09:43:45.876Z]     ↳ Response: 200 OK
[2026-08-02T09:43:45.994Z]     ↳ Response: 200 OK
[2026-08-02T09:43:46.000Z]     ↳ Response: 200 OK
[2026-08-02T09:43:46.057Z]     ↳ Response: 200 OK
[2026-08-02T09:43:46.530Z]     ↳ Response: 200 OK
[2026-08-02T09:43:46.537Z]     ↳ Response: 200 OK
[2026-08-02T09:43:46.546Z]     ↳ Response: 200 OK
[2026-08-02T09:45:30.710Z] [519] GET http://localhost:3000/artists_farm/vrikshawan/room-101/
[2026-08-02T09:45:31.278Z]     ↳ Response: 200 OK
[2026-08-02T09:45:31.377Z] [520] GET http://localhost:3000/@vite/client
[2026-08-02T09:45:31.395Z] [521] GET http://localhost:3000/src/main.tsx?t=1785663930232
[2026-08-02T09:45:31.410Z] [522] GET http://localhost:3000/@react-refresh
[2026-08-02T09:45:31.601Z]     ↳ Response: 304 Not Modified
[2026-08-02T09:45:31.613Z] [523] GET http://localhost:3000/node_modules/.vite/deps/react.js?v=647194ca
[2026-08-02T09:45:31.670Z]     ↳ Response: 200 OK
[2026-08-02T09:45:31.692Z] [524] GET http://localhost:3000/node_modules/.vite/deps/react-dom_client.js?v=40766d9c
[2026-08-02T09:45:31.708Z] [525] GET http://localhost:3000/src/App.tsx?t=1785663784840
[2026-08-02T09:45:31.710Z] [526] GET http://localhost:3000/src/index.css?t=1785663930232
[2026-08-02T09:45:31.781Z] [527] GET http://localhost:3000/src/utils/telescopeLogger.ts
[2026-08-02T09:45:31.827Z] [528] GET http://localhost:3000/node_modules/.vite/deps/react_jsx-dev-runtime.js?v=647194ca
[2026-08-02T09:45:31.858Z]     ↳ Response: 200 OK
[2026-08-02T09:45:31.920Z] [529] GET http://localhost:3000/node_modules/.vite/deps/rolldown-runtime-B-1-B7_t.js?v=9329134a
[2026-08-02T09:45:31.997Z]     ↳ Response: 200 OK
[2026-08-02T09:45:32.053Z] [530] GET http://localhost:3000/node_modules/vite/dist/client/env.mjs
[2026-08-02T09:45:32.089Z]     ↳ Response: 200 OK
[2026-08-02T09:45:32.156Z] [531] GET http://localhost:3000/src/components/Header.tsx?t=1785654087699
[2026-08-02T09:45:32.242Z] [532] GET http://localhost:3000/src/components/Navigation.tsx?t=1785663588215
[2026-08-02T09:45:32.313Z] [533] GET http://localhost:3000/src/components/OperationalDashboard.tsx?t=1785654087699
[2026-08-02T09:45:32.443Z] [534] GET http://localhost:3000/src/components/GuestManagement.tsx?t=1785654087699
[2026-08-02T09:45:32.610Z] [535] GET http://localhost:3000/src/components/KitchenManagement.tsx?t=1785654087699
[2026-08-02T09:45:32.653Z] [536] GET http://localhost:3000/src/components/InventoryManagement.tsx?t=1785654087699
[2026-08-02T09:45:32.731Z] [537] GET http://localhost:3000/src/components/PettyCashManagement.tsx?t=1785654087699
[2026-08-02T09:45:32.861Z] [538] GET http://localhost:3000/src/components/CashDrawerManager.tsx?t=1785654087699
[2026-08-02T09:45:33.031Z] [539] GET http://localhost:3000/src/components/ExpenseItemsManagement.tsx?t=1785612846419
[2026-08-02T09:45:33.087Z] [540] GET http://localhost:3000/src/components/StaffManagement.tsx?t=1785654087699
[2026-08-02T09:45:33.141Z] [541] GET http://localhost:3000/src/components/AnalyticsDashboard.tsx?t=1785654087699
[2026-08-02T09:45:33.213Z] [542] GET http://localhost:3000/src/components/AuditLogsView.tsx
[2026-08-02T09:45:33.278Z] [543] GET http://localhost:3000/src/components/DataExportCenter.tsx?t=1785654087699
[2026-08-02T09:45:33.346Z] [544] GET http://localhost:3000/src/components/MenuManager.tsx?t=1785654087699
[2026-08-02T09:45:33.380Z] [545] GET http://localhost:3000/src/components/MiscChargesManagement.tsx?t=1785654087699
[2026-08-02T09:45:33.423Z] [546] GET http://localhost:3000/src/components/ICalSyncManager.tsx?t=1785654087699
[2026-08-02T09:45:33.440Z] [547] GET http://localhost:3000/src/components/TelegramNotificationModal.tsx?t=1785654087699
[2026-08-02T09:45:33.469Z] [548] GET http://localhost:3000/src/components/GlobalModal.tsx
[2026-08-02T09:45:33.492Z] [549] GET http://localhost:3000/src/components/ToastContext.tsx
[2026-08-02T09:45:33.528Z] [550] GET http://localhost:3000/src/components/LoginModal.tsx?t=1785654087699
[2026-08-02T09:45:33.560Z] [551] GET http://localhost:3000/src/contexts/StaffContext.tsx?t=1785654087699
[2026-08-02T09:45:33.580Z] [552] GET http://localhost:3000/src/contexts/AuthContext.tsx?t=1785654087699
[2026-08-02T09:45:33.596Z] [553] GET http://localhost:3000/src/contexts/FinanceContext.tsx?t=1785654087699
[2026-08-02T09:45:33.680Z] [554] GET http://localhost:3000/src/contexts/InventoryContext.tsx?t=1785654087699
[2026-08-02T09:45:33.760Z] [555] GET http://localhost:3000/src/contexts/KitchenContext.tsx?t=1785654087699
[2026-08-02T09:45:34.009Z] [556] GET http://localhost:3000/src/utils/clientInfo.ts
[2026-08-02T09:45:34.204Z] [557] GET http://localhost:3000/src/data/appConfig.ts
[2026-08-02T09:45:34.229Z] [558] GET http://localhost:3000/src/services/themeService.ts
[2026-08-02T09:45:34.253Z] [559] GET http://localhost:3000/src/services/api.ts?t=1785654087699
[2026-08-02T09:45:34.276Z] [560] GET http://localhost:3000/src/contexts/ConfigurationDataContext.tsx?t=1785654087699
[2026-08-02T09:45:34.338Z] [561] GET http://localhost:3000/src/contexts/ModulesContext.tsx?t=1785654087699
[2026-08-02T09:45:34.391Z] [562] GET http://localhost:3000/src/components/DataLoader.tsx?t=1785654087699
[2026-08-02T09:45:34.431Z] [563] GET http://localhost:3000/src/components/LoadingScreen.tsx
[2026-08-02T09:45:34.512Z] [564] GET http://localhost:3000/src/components/LoginPage.tsx
[2026-08-02T09:45:34.639Z] [565] GET http://localhost:3000/src/components/PlatformPropertyManagement.tsx?t=1785658778613
[2026-08-02T09:45:34.661Z] [566] GET http://localhost:3000/src/components/TenantDashboard.tsx
[2026-08-02T09:45:34.674Z] [567] GET http://localhost:3000/src/components/RootAdminDashboard.tsx?t=1785660212018
[2026-08-02T09:45:34.680Z] [568] GET http://localhost:3000/src/components/MultiKeyPropertyOverview.tsx?t=1785654087699
[2026-08-02T09:45:34.688Z]     ↳ Response: 200 OK
[2026-08-02T09:45:34.704Z]     ↳ Response: 200 OK
[2026-08-02T09:45:34.725Z] [569] GET http://localhost:3000/node_modules/.vite/deps/react-dom.js?v=647194ca
[2026-08-02T09:45:34.755Z]     ↳ Response: 200 OK
[2026-08-02T09:45:34.772Z]     ↳ Response: 200 OK
[2026-08-02T09:45:34.779Z]     ↳ Response: 200 OK
[2026-08-02T09:45:34.790Z]     ↳ Response: 200 OK
[2026-08-02T09:45:34.805Z]     ↳ Response: 200 OK
[2026-08-02T09:45:34.810Z] [570] GET http://localhost:3000/src/utils/iconResolver.tsx
[2026-08-02T09:45:34.821Z] [571] GET http://localhost:3000/node_modules/.vite/deps/lucide-react.js?v=907c0d96
[2026-08-02T09:45:34.825Z] [572] GET http://localhost:3000/src/components/MultiKeyRoomDrawer.tsx?t=1785581097901
[2026-08-02T09:45:34.836Z]     ↳ Response: 200 OK
[2026-08-02T09:45:34.844Z]     ↳ Response: 200 OK
[2026-08-02T09:45:34.849Z]     ↳ Response: 200 OK
[2026-08-02T09:45:34.861Z] [573] GET http://localhost:3000/node_modules/.vite/deps/html-to-image.js?v=8ba12c37
[2026-08-02T09:45:34.864Z] [574] GET http://localhost:3000/src/components/DateRangePicker.tsx?t=1785538574357
[2026-08-02T09:45:34.881Z] [575] GET http://localhost:3000/src/components/BillingCheckout.tsx?t=1785584077754
[2026-08-02T09:45:34.905Z]     ↳ Response: 200 OK
[2026-08-02T09:45:34.912Z] [576] GET http://localhost:3000/src/components/SearchableSelect.tsx
[2026-08-02T09:45:34.914Z] [577] GET http://localhost:3000/node_modules/.vite/deps/react-data-table-component.js?v=de6c4fcd
[2026-08-02T09:45:34.924Z]     ↳ Response: 200 OK
[2026-08-02T09:45:34.929Z]     ↳ Response: 200 OK
[2026-08-02T09:45:34.937Z]     ↳ Response: 200 OK
[2026-08-02T09:45:34.943Z]     ↳ Response: 200 OK
[2026-08-02T09:45:34.947Z]     ↳ Response: 200 OK
[2026-08-02T09:45:34.956Z]     ↳ Response: 200 OK
[2026-08-02T09:45:34.960Z]     ↳ Response: 200 OK
[2026-08-02T09:45:34.961Z] [578] GET http://localhost:3000/node_modules/.vite/deps/react-apexcharts.js?v=a1c1290a
[2026-08-02T09:45:34.975Z]     ↳ Response: 200 OK
[2026-08-02T09:45:34.980Z]     ↳ Response: 200 OK
[2026-08-02T09:45:34.990Z] [579] GET http://localhost:3000/src/components/NavMenuEditor.tsx?t=1785654087699
[2026-08-02T09:45:34.994Z]     ↳ Response: 200 OK
[2026-08-02T09:45:35.002Z]     ↳ Response: 200 OK
[2026-08-02T09:45:35.010Z]     ↳ Response: 200 OK
[2026-08-02T09:45:35.014Z]     ↳ Response: 200 OK
[2026-08-02T09:45:35.021Z] [580] GET http://localhost:3000/src/components/TelegramConnectionSettings.tsx
[2026-08-02T09:45:35.027Z]     ↳ Response: 200 OK
[2026-08-02T09:45:35.038Z]     ↳ Response: 200 OK
[2026-08-02T09:45:35.042Z]     ↳ Response: 200 OK
[2026-08-02T09:45:35.045Z]     ↳ Response: 200 OK
[2026-08-02T09:45:35.055Z]     ↳ Response: 200 OK
[2026-08-02T09:45:35.060Z]     ↳ Response: 200 OK
[2026-08-02T09:45:35.063Z]     ↳ Response: 200 OK
[2026-08-02T09:45:35.073Z]     ↳ Response: 200 OK
[2026-08-02T09:45:35.079Z]     ↳ Response: 200 OK
[2026-08-02T09:45:35.086Z]     ↳ Response: 200 OK
[2026-08-02T09:45:35.095Z]     ↳ Response: 200 OK
[2026-08-02T09:45:35.100Z]     ↳ Response: 200 OK
[2026-08-02T09:45:35.104Z]     ↳ Response: 200 OK
[2026-08-02T09:45:35.108Z]     ↳ Response: 200 OK
[2026-08-02T09:45:35.111Z]     ↳ Response: 200 OK
[2026-08-02T09:45:35.115Z]     ↳ Response: 200 OK
[2026-08-02T09:45:35.125Z] [581] GET http://localhost:3000/src/components/InvalidPropertyPage.tsx
[2026-08-02T09:45:35.126Z]     ↳ Response: 200 OK
[2026-08-02T09:45:35.128Z]     ↳ Response: 200 OK
[2026-08-02T09:45:35.128Z] [582] GET http://localhost:3000/src/components/AppearanceSettings.tsx?t=1785660212018
[2026-08-02T09:45:35.130Z] [583] GET http://localhost:3000/src/components/DefaultExpensesManager.tsx?t=1785590582041
[2026-08-02T09:45:35.132Z]     ↳ Response: 200 OK
[2026-08-02T09:45:35.147Z] [584] GET http://localhost:3000/src/components/ToggleSwitch.tsx
[2026-08-02T09:45:35.159Z]     ↳ Response: 200 OK
[2026-08-02T09:45:35.163Z]     ↳ Response: 200 OK
[2026-08-02T09:45:35.164Z]     ↳ Response: 200 OK
[2026-08-02T09:45:35.167Z]     ↳ Response: 200 OK
[2026-08-02T09:45:35.175Z]     ↳ Response: 200 OK
[2026-08-02T09:45:35.179Z]     ↳ Response: 200 OK
[2026-08-02T09:45:35.180Z]     ↳ Response: 200 OK
[2026-08-02T09:45:35.181Z]     ↳ Response: 200 OK
[2026-08-02T09:45:35.190Z]     ↳ Response: 200 OK
[2026-08-02T09:45:35.196Z]     ↳ Response: 200 OK
[2026-08-02T09:45:35.200Z]     ↳ Response: 200 OK
[2026-08-02T09:45:35.203Z]     ↳ Response: 200 OK
[2026-08-02T09:45:35.204Z] [585] GET http://localhost:3000/node_modules/.vite/deps/sortablejs.js?v=bff2b989
[2026-08-02T09:45:35.205Z]     ↳ Response: 200 OK
[2026-08-02T09:45:35.206Z]     ↳ Response: 200 OK
[2026-08-02T09:45:35.207Z] [586] GET http://localhost:3000/src/components/ThemeManagement.tsx
[2026-08-02T09:45:35.208Z] [587] GET http://localhost:3000/src/components/CustomCSSOverride.tsx
[2026-08-02T09:45:35.209Z]     ↳ Response: 200 OK
[2026-08-02T09:45:35.210Z]     ↳ Response: 200 OK
[2026-08-02T09:45:35.210Z]     ↳ Response: 200 OK
[2026-08-02T09:45:35.211Z]     ↳ Response: 200 OK
[2026-08-02T09:45:35.211Z]     ↳ Response: 200 OK
[2026-08-02T09:45:35.212Z]     ↳ Response: 200 OK
[2026-08-02T09:45:35.327Z] [588] GET http://localhost:3000/php/api/router.php?action=get_current_property&property_slug=room-101
[2026-08-02T09:45:35.330Z] [589] GET http://localhost:3000/php/api/router.php?action=get_current_property&property_slug=room-101
[2026-08-02T09:45:35.339Z] [590] GET http://localhost:3000/icons/favicon-32x32.png
[2026-08-02T09:45:35.342Z]     ↳ Response: 200 OK
[2026-08-02T09:45:35.344Z]     ↳ Response: 200 OK
[2026-08-02T09:45:35.349Z]     ↳ Response: 200 OK
[2026-08-02T09:45:35.663Z] [591] GET http://localhost:3000/php/api/router.php?action=get_property_modules&property_slug=room-101
[2026-08-02T09:45:35.665Z] [592] GET http://localhost:3000/php/api/router.php?action=get_nav_menu&property_slug=room-101
[2026-08-02T09:45:35.675Z] [593] GET http://localhost:3000/php/api/router.php?action=get_telegram_config&property_slug=room-101
[2026-08-02T09:45:35.690Z] [594] GET http://localhost:3000/php/api/router.php?action=get_property_modules&property_slug=room-101
[2026-08-02T09:45:35.691Z] [595] GET http://localhost:3000/php/api/router.php?action=get_nav_menu&property_slug=room-101
[2026-08-02T09:45:35.694Z] [596] GET http://localhost:3000/php/api/router.php?action=get_telegram_config&property_slug=room-101
[2026-08-02T09:45:35.996Z]     ↳ Response: 200 OK
[2026-08-02T09:45:36.046Z]     ↳ Response: 200 OK
[2026-08-02T09:45:36.052Z]     ↳ Response: 200 OK
[2026-08-02T09:45:36.592Z] [597] GET https://images.unsplash.com/photo-1534528741775-53994a69daeb?w=100&auto=format&fit=crop&q=80
[2026-08-02T09:45:36.598Z]     ↳ Response: 200 
[2026-08-02T09:45:36.841Z]     ↳ Response: 200 OK
[2026-08-02T09:45:36.876Z]     ↳ Response: 200 OK
[2026-08-02T09:45:37.111Z]     ↳ Response: 200 OK
[2026-08-02T09:45:37.239Z] [598] GET http://localhost:3000/php/api/router.php?action=get_property_modules&property_slug=room-101
[2026-08-02T09:45:37.240Z] [599] GET http://localhost:3000/php/api/router.php?action=get_telegram_config&property_slug=room-101
[2026-08-02T09:45:37.249Z] [600] GET http://localhost:3000/artists_farm/php/api/ical_sync.php?action=get_blocked_dates
[2026-08-02T09:45:37.251Z] [601] GET http://localhost:3000/php/api/router.php?action=get_system_settings
[2026-08-02T09:45:37.258Z] [602] GET http://localhost:3000/php/api/router.php?action=get_theme_settings
[2026-08-02T09:45:37.261Z] [603] GET http://localhost:3000/php/api/router.php?action=get_guests&property_slug=room-101
[2026-08-02T09:45:37.277Z] [604] GET http://localhost:3000/php/api/router.php?action=get_users&property_slug=room-101
[2026-08-02T09:45:37.297Z] [605] GET http://localhost:3000/php/api/router.php?action=get_attendance&property_slug=room-101
[2026-08-02T09:45:37.389Z] [606] GET http://localhost:3000/php/api/router.php?action=get_audit_logs&property_slug=room-101
[2026-08-02T09:45:37.398Z] [607] GET http://localhost:3000/php/api/router.php?action=get_receipts&property_slug=room-101
[2026-08-02T09:45:37.408Z] [608] GET http://localhost:3000/php/api/router.php?action=get_users&property_slug=room-101
[2026-08-02T09:45:37.414Z] [609] GET http://localhost:3000/php/api/router.php?action=get_nav_menu&property_slug=room-101
[2026-08-02T09:45:37.442Z] [610] GET http://localhost:3000/php/api/router.php?action=get_guests&property_slug=room-101
[2026-08-02T09:45:37.458Z] [611] GET http://localhost:3000/php/api/router.php?action=get_attendance&property_slug=room-101
[2026-08-02T09:45:37.465Z] [612] GET http://localhost:3000/php/api/router.php?action=get_audit_logs&property_slug=room-101
[2026-08-02T09:45:37.499Z] [613] GET http://localhost:3000/php/api/router.php?action=get_receipts&property_slug=room-101
[2026-08-02T09:45:37.501Z] [614] GET http://localhost:3000/php/api/router.php?action=get_misc_catalog&property_slug=room-101
[2026-08-02T09:45:37.505Z] [615] GET http://localhost:3000/php/api/router.php?action=get_petty_cash&property_slug=room-101
[2026-08-02T09:45:37.514Z] [616] GET http://localhost:3000/php/api/router.php?action=get_users&property_slug=room-101
[2026-08-02T09:45:37.524Z] [617] GET http://localhost:3000/php/api/router.php?action=get_attendance&property_slug=room-101
[2026-08-02T09:45:37.531Z] [618] GET http://localhost:3000/php/api/router.php?action=get_property_modules&property_slug=room-101
[2026-08-02T09:45:37.532Z] [619] GET http://localhost:3000/php/api/router.php?action=get_telegram_config&property_slug=room-101
[2026-08-02T09:45:37.537Z] [620] GET http://localhost:3000/artists_farm/php/api/ical_sync.php?action=get_blocked_dates
[2026-08-02T09:45:37.545Z] [621] GET http://localhost:3000/php/api/router.php?action=get_system_settings
[2026-08-02T09:45:37.546Z] [622] GET http://localhost:3000/php/api/router.php?action=get_theme_settings
[2026-08-02T09:45:37.554Z] [623] GET http://localhost:3000/php/api/router.php?action=get_guests&property_slug=room-101
[2026-08-02T09:45:37.563Z] [624] GET http://localhost:3000/php/api/router.php?action=get_users&property_slug=room-101
[2026-08-02T09:45:37.564Z] [625] GET http://localhost:3000/php/api/router.php?action=get_attendance&property_slug=room-101
[2026-08-02T09:45:37.582Z] [626] GET http://localhost:3000/php/api/router.php?action=get_audit_logs&property_slug=room-101
[2026-08-02T09:45:37.592Z] [627] GET http://localhost:3000/php/api/router.php?action=get_receipts&property_slug=room-101
[2026-08-02T09:45:37.599Z] [628] GET http://localhost:3000/php/api/router.php?action=get_users&property_slug=room-101
[2026-08-02T09:45:37.608Z] [629] GET http://localhost:3000/php/api/router.php?action=get_nav_menu&property_slug=room-101
[2026-08-02T09:45:37.614Z] [630] GET http://localhost:3000/php/api/router.php?action=get_guests&property_slug=room-101
[2026-08-02T09:45:37.626Z] [631] GET http://localhost:3000/php/api/router.php?action=get_attendance&property_slug=room-101
[2026-08-02T09:45:37.631Z] [632] GET http://localhost:3000/php/api/router.php?action=get_audit_logs&property_slug=room-101
[2026-08-02T09:45:37.645Z] [633] GET http://localhost:3000/php/api/router.php?action=get_receipts&property_slug=room-101
[2026-08-02T09:45:37.654Z] [634] GET http://localhost:3000/php/api/router.php?action=get_misc_catalog&property_slug=room-101
[2026-08-02T09:45:37.660Z] [635] GET http://localhost:3000/php/api/router.php?action=get_petty_cash&property_slug=room-101
[2026-08-02T09:45:37.665Z] [636] GET http://localhost:3000/php/api/router.php?action=get_users&property_slug=room-101
[2026-08-02T09:45:37.675Z] [637] GET http://localhost:3000/php/api/router.php?action=get_attendance&property_slug=room-101
[2026-08-02T09:45:38.877Z]     ↳ Response: 200 OK
[2026-08-02T09:45:38.884Z]     ↳ Response: 200 OK
[2026-08-02T09:45:38.906Z]     ↳ Response: 200 OK
[2026-08-02T09:45:38.911Z]     ↳ Response: 200 OK
[2026-08-02T09:45:38.915Z]     ↳ Response: 200 OK
[2026-08-02T09:45:38.922Z]     ↳ Response: 200 OK
[2026-08-02T09:45:38.926Z]     ↳ Response: 200 OK
[2026-08-02T09:45:38.931Z]     ↳ Response: 200 OK
[2026-08-02T09:45:38.937Z]     ↳ Response: 200 OK
[2026-08-02T09:45:38.972Z]     ↳ Response: 200 OK
[2026-08-02T09:45:38.980Z]     ↳ Response: 200 OK
[2026-08-02T09:45:39.047Z]     ↳ Response: 200 OK
[2026-08-02T09:45:39.058Z]     ↳ Response: 200 OK
[2026-08-02T09:45:39.261Z]     ↳ Response: 200 OK
[2026-08-02T09:45:39.749Z]     ↳ Response: 200 OK
[2026-08-02T09:45:39.839Z]     ↳ Response: 200 OK
[2026-08-02T09:45:40.225Z]     ↳ Response: 200 OK
[2026-08-02T09:45:41.957Z]     ↳ Response: 200 OK
[2026-08-02T09:45:41.958Z]     ↳ Response: 200 OK
[2026-08-02T09:45:41.961Z]     ↳ Response: 200 OK
[2026-08-02T09:45:41.964Z]     ↳ Response: 200 OK
[2026-08-02T09:45:41.970Z]     ↳ Response: 200 OK
[2026-08-02T09:45:41.975Z]     ↳ Response: 200 OK
[2026-08-02T09:45:41.980Z]     ↳ Response: 200 OK
[2026-08-02T09:45:41.989Z]     ↳ Response: 200 OK
[2026-08-02T09:45:42.007Z]     ↳ Response: 200 OK
[2026-08-02T09:45:42.008Z]     ↳ Response: 200 OK
[2026-08-02T09:45:42.011Z]     ↳ Response: 200 OK
[2026-08-02T09:45:42.043Z]     ↳ Response: 200 OK
[2026-08-02T09:45:42.065Z]     ↳ Response: 200 OK
[2026-08-02T09:45:43.202Z]     ↳ Response: 200 OK
[2026-08-02T09:45:43.207Z]     ↳ Response: 200 OK
[2026-08-02T09:45:43.220Z]     ↳ Response: 200 OK
[2026-08-02T09:45:43.265Z]     ↳ Response: 200 OK
[2026-08-02T09:45:43.426Z]     ↳ Response: 200 OK
[2026-08-02T09:45:43.560Z]     ↳ Response: 200 OK
[2026-08-02T09:45:43.573Z]     ↳ Response: 200 OK
[2026-08-02T09:45:43.624Z]     ↳ Response: 200 OK
[2026-08-02T09:45:43.631Z]     ↳ Response: 200 OK
[2026-08-02T09:45:43.678Z]     ↳ Response: 200 OK
[2026-08-02T09:45:47.827Z] [638] GET http://localhost:3000/artists_farm/vrikshawan/room-101/
[2026-08-02T09:45:48.285Z]     ↳ Response: 200 OK
[2026-08-02T09:45:48.376Z] [639] GET http://localhost:3000/@vite/client
[2026-08-02T09:45:48.448Z] [640] GET http://localhost:3000/src/main.tsx?t=1785663947249
[2026-08-02T09:45:48.609Z] [641] GET http://localhost:3000/@react-refresh
[2026-08-02T09:45:48.760Z]     ↳ Response: 304 Not Modified
[2026-08-02T09:45:49.041Z] [642] GET http://localhost:3000/node_modules/.vite/deps/react.js?v=647194ca
[2026-08-02T09:45:49.215Z]     ↳ Response: 200 OK
[2026-08-02T09:45:49.392Z] [643] GET http://localhost:3000/node_modules/.vite/deps/react-dom_client.js?v=40766d9c
[2026-08-02T09:45:49.492Z] [644] GET http://localhost:3000/src/App.tsx?t=1785663784840
[2026-08-02T09:45:49.645Z] [645] GET http://localhost:3000/src/index.css?t=1785663947249
[2026-08-02T09:45:49.713Z] [646] GET http://localhost:3000/src/utils/telescopeLogger.ts
[2026-08-02T09:45:49.819Z] [647] GET http://localhost:3000/node_modules/.vite/deps/react_jsx-dev-runtime.js?v=647194ca
[2026-08-02T09:45:49.868Z]     ↳ Response: 200 OK
[2026-08-02T09:45:49.972Z] [648] GET http://localhost:3000/node_modules/.vite/deps/rolldown-runtime-B-1-B7_t.js?v=9329134a
[2026-08-02T09:45:50.064Z]     ↳ Response: 200 OK
[2026-08-02T09:45:50.139Z] [649] GET http://localhost:3000/node_modules/vite/dist/client/env.mjs
[2026-08-02T09:45:50.206Z]     ↳ Response: 200 OK
[2026-08-02T09:45:50.230Z] [650] GET http://localhost:3000/src/components/Header.tsx?t=1785654087699
[2026-08-02T09:45:50.256Z] [651] GET http://localhost:3000/src/components/Navigation.tsx?t=1785663588215
[2026-08-02T09:45:50.429Z] [652] GET http://localhost:3000/src/components/OperationalDashboard.tsx?t=1785654087699
[2026-08-02T09:45:50.553Z] [653] GET http://localhost:3000/src/components/GuestManagement.tsx?t=1785654087699
[2026-08-02T09:45:50.647Z] [654] GET http://localhost:3000/src/components/KitchenManagement.tsx?t=1785654087699
[2026-08-02T09:45:50.688Z] [655] GET http://localhost:3000/src/components/InventoryManagement.tsx?t=1785654087699
[2026-08-02T09:45:50.794Z] [656] GET http://localhost:3000/src/components/PettyCashManagement.tsx?t=1785654087699
[2026-08-02T09:45:50.873Z] [657] GET http://localhost:3000/src/components/CashDrawerManager.tsx?t=1785654087699
[2026-08-02T09:45:50.925Z] [658] GET http://localhost:3000/src/components/ExpenseItemsManagement.tsx?t=1785612846419
[2026-08-02T09:45:51.071Z] [659] GET http://localhost:3000/src/components/StaffManagement.tsx?t=1785654087699
[2026-08-02T09:45:51.110Z] [660] GET http://localhost:3000/src/components/AnalyticsDashboard.tsx?t=1785654087699
[2026-08-02T09:45:51.208Z] [661] GET http://localhost:3000/src/components/AuditLogsView.tsx
[2026-08-02T09:45:51.296Z] [662] GET http://localhost:3000/src/components/DataExportCenter.tsx?t=1785654087699
[2026-08-02T09:45:51.359Z] [663] GET http://localhost:3000/src/components/MenuManager.tsx?t=1785654087699
[2026-08-02T09:45:51.408Z] [664] GET http://localhost:3000/src/components/MiscChargesManagement.tsx?t=1785654087699
[2026-08-02T09:45:51.448Z] [665] GET http://localhost:3000/src/components/ICalSyncManager.tsx?t=1785654087699
[2026-08-02T09:45:51.490Z] [666] GET http://localhost:3000/src/components/TelegramNotificationModal.tsx?t=1785654087699
[2026-08-02T09:45:51.531Z] [667] GET http://localhost:3000/src/components/GlobalModal.tsx
[2026-08-02T09:45:51.594Z] [668] GET http://localhost:3000/src/components/ToastContext.tsx
[2026-08-02T09:45:51.665Z] [669] GET http://localhost:3000/src/components/LoginModal.tsx?t=1785654087699
[2026-08-02T09:45:51.714Z] [670] GET http://localhost:3000/src/contexts/StaffContext.tsx?t=1785654087699
[2026-08-02T09:45:51.729Z] [671] GET http://localhost:3000/src/contexts/AuthContext.tsx?t=1785654087699
[2026-08-02T09:45:51.741Z] [672] GET http://localhost:3000/src/contexts/FinanceContext.tsx?t=1785654087699
[2026-08-02T09:45:51.747Z] [673] GET http://localhost:3000/src/contexts/InventoryContext.tsx?t=1785654087699
[2026-08-02T09:45:51.760Z] [674] GET http://localhost:3000/src/contexts/KitchenContext.tsx?t=1785654087699
[2026-08-02T09:45:51.770Z] [675] GET http://localhost:3000/src/utils/clientInfo.ts
[2026-08-02T09:45:51.776Z] [676] GET http://localhost:3000/src/data/appConfig.ts
[2026-08-02T09:45:51.791Z] [677] GET http://localhost:3000/src/services/themeService.ts
[2026-08-02T09:45:51.808Z] [678] GET http://localhost:3000/src/services/api.ts?t=1785654087699
[2026-08-02T09:45:51.822Z] [679] GET http://localhost:3000/src/contexts/ConfigurationDataContext.tsx?t=1785654087699
[2026-08-02T09:45:51.828Z] [680] GET http://localhost:3000/src/contexts/ModulesContext.tsx?t=1785654087699
[2026-08-02T09:45:51.838Z] [681] GET http://localhost:3000/src/components/DataLoader.tsx?t=1785654087699
[2026-08-02T09:45:51.844Z] [682] GET http://localhost:3000/src/components/LoadingScreen.tsx
[2026-08-02T09:45:51.847Z] [683] GET http://localhost:3000/src/components/LoginPage.tsx
[2026-08-02T09:45:51.854Z] [684] GET http://localhost:3000/src/components/PlatformPropertyManagement.tsx?t=1785658778613
[2026-08-02T09:45:51.858Z] [685] GET http://localhost:3000/src/components/TenantDashboard.tsx
[2026-08-02T09:45:51.863Z] [686] GET http://localhost:3000/src/components/RootAdminDashboard.tsx?t=1785660212018
[2026-08-02T09:45:51.870Z] [687] GET http://localhost:3000/src/components/MultiKeyPropertyOverview.tsx?t=1785654087699
[2026-08-02T09:45:51.877Z]     ↳ Response: 200 OK
[2026-08-02T09:45:51.880Z]     ↳ Response: 200 OK
[2026-08-02T09:45:51.924Z]     ↳ Response: 200 OK
[2026-08-02T09:45:51.940Z]     ↳ Response: 200 OK
[2026-08-02T09:45:51.974Z]     ↳ Response: 200 OK
[2026-08-02T09:45:51.981Z]     ↳ Response: 200 OK
[2026-08-02T09:45:51.993Z] [688] GET http://localhost:3000/node_modules/.vite/deps/react-dom.js?v=647194ca
[2026-08-02T09:45:52.005Z]     ↳ Response: 200 OK
[2026-08-02T09:45:52.012Z] [689] GET http://localhost:3000/node_modules/.vite/deps/lucide-react.js?v=907c0d96
[2026-08-02T09:45:52.039Z]     ↳ Response: 200 OK
[2026-08-02T09:45:52.045Z] [690] GET http://localhost:3000/src/utils/iconResolver.tsx
[2026-08-02T09:45:52.054Z] [691] GET http://localhost:3000/src/components/MultiKeyRoomDrawer.tsx?t=1785581097901
[2026-08-02T09:45:52.055Z]     ↳ Response: 200 OK
[2026-08-02T09:45:52.057Z]     ↳ Response: 200 OK
[2026-08-02T09:45:52.059Z] [692] GET http://localhost:3000/node_modules/.vite/deps/html-to-image.js?v=8ba12c37
[2026-08-02T09:45:52.061Z] [693] GET http://localhost:3000/src/components/DateRangePicker.tsx?t=1785538574357
[2026-08-02T09:45:52.065Z] [694] GET http://localhost:3000/src/components/BillingCheckout.tsx?t=1785584077754
[2026-08-02T09:45:52.073Z]     ↳ Response: 200 OK
[2026-08-02T09:45:52.076Z] [695] GET http://localhost:3000/src/components/SearchableSelect.tsx
[2026-08-02T09:45:52.078Z] [696] GET http://localhost:3000/node_modules/.vite/deps/react-data-table-component.js?v=de6c4fcd
[2026-08-02T09:45:52.081Z]     ↳ Response: 200 OK
[2026-08-02T09:45:52.088Z]     ↳ Response: 200 OK
[2026-08-02T09:45:52.090Z]     ↳ Response: 200 OK
[2026-08-02T09:45:52.093Z]     ↳ Response: 200 OK
[2026-08-02T09:45:52.097Z]     ↳ Response: 200 OK
[2026-08-02T09:45:52.104Z]     ↳ Response: 200 OK
[2026-08-02T09:45:52.107Z] [697] GET http://localhost:3000/node_modules/.vite/deps/react-apexcharts.js?v=a1c1290a
[2026-08-02T09:45:52.110Z]     ↳ Response: 200 OK
[2026-08-02T09:45:52.113Z]     ↳ Response: 200 OK
[2026-08-02T09:45:52.119Z]     ↳ Response: 200 OK
[2026-08-02T09:45:52.122Z] [698] GET http://localhost:3000/src/components/NavMenuEditor.tsx?t=1785654087699
[2026-08-02T09:45:52.126Z]     ↳ Response: 200 OK
[2026-08-02T09:45:52.128Z]     ↳ Response: 200 OK
[2026-08-02T09:45:52.131Z] [699] GET http://localhost:3000/src/components/TelegramConnectionSettings.tsx
[2026-08-02T09:45:52.138Z]     ↳ Response: 200 OK
[2026-08-02T09:45:52.141Z]     ↳ Response: 200 OK
[2026-08-02T09:45:52.144Z]     ↳ Response: 200 OK
[2026-08-02T09:45:52.146Z]     ↳ Response: 200 OK
[2026-08-02T09:45:52.157Z]     ↳ Response: 200 OK
[2026-08-02T09:45:52.158Z]     ↳ Response: 200 OK
[2026-08-02T09:45:52.161Z]     ↳ Response: 200 OK
[2026-08-02T09:45:52.164Z]     ↳ Response: 200 OK
[2026-08-02T09:45:52.170Z]     ↳ Response: 200 OK
[2026-08-02T09:45:52.176Z]     ↳ Response: 200 OK
[2026-08-02T09:45:52.178Z]     ↳ Response: 200 OK
[2026-08-02T09:45:52.181Z]     ↳ Response: 200 OK
[2026-08-02T09:45:52.187Z]     ↳ Response: 200 OK
[2026-08-02T09:45:52.189Z]     ↳ Response: 200 OK
[2026-08-02T09:45:52.191Z]     ↳ Response: 200 OK
[2026-08-02T09:45:52.195Z]     ↳ Response: 200 OK
[2026-08-02T09:45:52.196Z]     ↳ Response: 200 OK
[2026-08-02T09:45:52.203Z] [700] GET http://localhost:3000/src/components/InvalidPropertyPage.tsx
[2026-08-02T09:45:52.207Z]     ↳ Response: 200 OK
[2026-08-02T09:45:52.210Z]     ↳ Response: 200 OK
[2026-08-02T09:45:52.215Z]     ↳ Response: 200 OK
[2026-08-02T09:45:52.256Z] [701] GET http://localhost:3000/src/components/AppearanceSettings.tsx?t=1785660212018
[2026-08-02T09:45:52.264Z] [702] GET http://localhost:3000/src/components/DefaultExpensesManager.tsx?t=1785590582041
[2026-08-02T09:45:52.275Z]     ↳ Response: 200 OK
[2026-08-02T09:45:52.291Z] [703] GET http://localhost:3000/src/components/ToggleSwitch.tsx
[2026-08-02T09:45:52.339Z]     ↳ Response: 200 OK
[2026-08-02T09:45:52.378Z]     ↳ Response: 200 OK
[2026-08-02T09:45:52.395Z]     ↳ Response: 200 OK
[2026-08-02T09:45:52.410Z]     ↳ Response: 200 OK
[2026-08-02T09:45:52.420Z]     ↳ Response: 200 OK
[2026-08-02T09:45:52.442Z]     ↳ Response: 200 OK
[2026-08-02T09:45:52.447Z]     ↳ Response: 200 OK
[2026-08-02T09:45:52.462Z]     ↳ Response: 200 OK
[2026-08-02T09:45:52.471Z]     ↳ Response: 200 OK
[2026-08-02T09:45:52.476Z]     ↳ Response: 200 OK
[2026-08-02T09:45:52.480Z]     ↳ Response: 200 OK
[2026-08-02T09:45:52.488Z]     ↳ Response: 200 OK
[2026-08-02T09:45:52.504Z] [704] GET http://localhost:3000/node_modules/.vite/deps/sortablejs.js?v=bff2b989
[2026-08-02T09:45:52.510Z]     ↳ Response: 200 OK
[2026-08-02T09:45:52.515Z]     ↳ Response: 200 OK
[2026-08-02T09:45:52.540Z]     ↳ Response: 200 OK
[2026-08-02T09:45:52.552Z] [705] GET http://localhost:3000/src/components/ThemeManagement.tsx
[2026-08-02T09:45:52.567Z] [706] GET http://localhost:3000/src/components/CustomCSSOverride.tsx
[2026-08-02T09:45:52.598Z]     ↳ Response: 200 OK
[2026-08-02T09:45:52.612Z]     ↳ Response: 200 OK
[2026-08-02T09:45:52.621Z]     ↳ Response: 200 OK
[2026-08-02T09:45:52.660Z]     ↳ Response: 200 OK
[2026-08-02T09:45:52.709Z]     ↳ Response: 200 OK
[2026-08-02T09:45:52.901Z] [707] GET http://localhost:3000/php/api/router.php?action=get_current_property&property_slug=room-101
[2026-08-02T09:45:52.905Z] [708] GET http://localhost:3000/php/api/router.php?action=get_current_property&property_slug=room-101
[2026-08-02T09:45:52.913Z] [709] GET http://localhost:3000/icons/favicon-32x32.png
[2026-08-02T09:45:52.921Z]     ↳ Response: 200 OK
[2026-08-02T09:45:53.039Z]     ↳ Response: 200 OK
[2026-08-02T09:45:53.110Z]     ↳ Response: 200 OK
[2026-08-02T09:45:53.654Z] [710] GET http://localhost:3000/php/api/router.php?action=get_property_modules&property_slug=room-101
[2026-08-02T09:45:53.675Z] [711] GET http://localhost:3000/php/api/router.php?action=get_nav_menu&property_slug=room-101
[2026-08-02T09:45:53.682Z] [712] GET http://localhost:3000/php/api/router.php?action=get_telegram_config&property_slug=room-101
[2026-08-02T09:45:53.699Z] [713] GET http://localhost:3000/php/api/router.php?action=get_property_modules&property_slug=room-101
[2026-08-02T09:45:53.710Z] [714] GET http://localhost:3000/php/api/router.php?action=get_nav_menu&property_slug=room-101
[2026-08-02T09:45:53.731Z] [715] GET http://localhost:3000/php/api/router.php?action=get_telegram_config&property_slug=room-101
[2026-08-02T09:45:54.832Z] [716] GET https://images.unsplash.com/photo-1534528741775-53994a69daeb?w=100&auto=format&fit=crop&q=80
[2026-08-02T09:45:54.927Z] [717] GET http://localhost:3000/php/api/router.php?action=get_property_modules&property_slug=room-101
[2026-08-02T09:45:54.954Z] [718] GET http://localhost:3000/php/api/router.php?action=get_telegram_config&property_slug=room-101
[2026-08-02T09:45:54.961Z] [719] GET http://localhost:3000/artists_farm/php/api/ical_sync.php?action=get_blocked_dates
[2026-08-02T09:45:54.976Z] [720] GET http://localhost:3000/php/api/router.php?action=get_system_settings
[2026-08-02T09:45:54.986Z] [721] GET http://localhost:3000/php/api/router.php?action=get_theme_settings
[2026-08-02T09:45:54.987Z] [722] GET http://localhost:3000/php/api/router.php?action=get_guests&property_slug=room-101
[2026-08-02T09:45:54.991Z] [723] GET http://localhost:3000/php/api/router.php?action=get_users&property_slug=room-101
[2026-08-02T09:45:54.999Z] [724] GET http://localhost:3000/php/api/router.php?action=get_attendance&property_slug=room-101
[2026-08-02T09:45:55.004Z] [725] GET http://localhost:3000/php/api/router.php?action=get_audit_logs&property_slug=room-101
[2026-08-02T09:45:55.018Z] [726] GET http://localhost:3000/php/api/router.php?action=get_receipts&property_slug=room-101
[2026-08-02T09:45:55.026Z] [727] GET http://localhost:3000/php/api/router.php?action=get_users&property_slug=room-101
[2026-08-02T09:45:55.037Z] [728] GET http://localhost:3000/php/api/router.php?action=get_nav_menu&property_slug=room-101
[2026-08-02T09:45:55.048Z] [729] GET http://localhost:3000/php/api/router.php?action=get_guests&property_slug=room-101
[2026-08-02T09:45:55.056Z] [730] GET http://localhost:3000/php/api/router.php?action=get_attendance&property_slug=room-101
[2026-08-02T09:45:55.062Z] [731] GET http://localhost:3000/php/api/router.php?action=get_audit_logs&property_slug=room-101
[2026-08-02T09:45:55.066Z] [732] GET http://localhost:3000/php/api/router.php?action=get_receipts&property_slug=room-101
[2026-08-02T09:45:55.080Z] [733] GET http://localhost:3000/php/api/router.php?action=get_misc_catalog&property_slug=room-101
[2026-08-02T09:45:55.090Z] [734] GET http://localhost:3000/php/api/router.php?action=get_petty_cash&property_slug=room-101
[2026-08-02T09:45:55.097Z] [735] GET http://localhost:3000/php/api/router.php?action=get_users&property_slug=room-101
[2026-08-02T09:45:55.107Z] [736] GET http://localhost:3000/php/api/router.php?action=get_attendance&property_slug=room-101
[2026-08-02T09:45:55.120Z] [737] GET http://localhost:3000/php/api/router.php?action=get_property_modules&property_slug=room-101
[2026-08-02T09:45:55.125Z] [738] GET http://localhost:3000/php/api/router.php?action=get_telegram_config&property_slug=room-101
[2026-08-02T09:45:55.132Z] [739] GET http://localhost:3000/artists_farm/php/api/ical_sync.php?action=get_blocked_dates
[2026-08-02T09:45:55.148Z] [740] GET http://localhost:3000/php/api/router.php?action=get_system_settings
[2026-08-02T09:45:55.304Z] [741] GET http://localhost:3000/php/api/router.php?action=get_theme_settings
[2026-08-02T09:45:55.319Z] [742] GET http://localhost:3000/php/api/router.php?action=get_guests&property_slug=room-101
[2026-08-02T09:45:55.326Z] [743] GET http://localhost:3000/php/api/router.php?action=get_users&property_slug=room-101
[2026-08-02T09:45:55.331Z] [744] GET http://localhost:3000/php/api/router.php?action=get_attendance&property_slug=room-101
[2026-08-02T09:45:55.339Z] [745] GET http://localhost:3000/php/api/router.php?action=get_audit_logs&property_slug=room-101
[2026-08-02T09:45:55.343Z] [746] GET http://localhost:3000/php/api/router.php?action=get_receipts&property_slug=room-101
[2026-08-02T09:45:55.349Z] [747] GET http://localhost:3000/php/api/router.php?action=get_users&property_slug=room-101
[2026-08-02T09:45:55.357Z] [748] GET http://localhost:3000/php/api/router.php?action=get_nav_menu&property_slug=room-101
[2026-08-02T09:45:55.362Z] [749] GET http://localhost:3000/php/api/router.php?action=get_guests&property_slug=room-101
[2026-08-02T09:45:55.375Z] [750] GET http://localhost:3000/php/api/router.php?action=get_attendance&property_slug=room-101
[2026-08-02T09:45:55.381Z] [751] GET http://localhost:3000/php/api/router.php?action=get_audit_logs&property_slug=room-101
[2026-08-02T09:45:55.391Z] [752] GET http://localhost:3000/php/api/router.php?action=get_receipts&property_slug=room-101
[2026-08-02T09:45:55.398Z] [753] GET http://localhost:3000/php/api/router.php?action=get_misc_catalog&property_slug=room-101
[2026-08-02T09:45:55.407Z] [754] GET http://localhost:3000/php/api/router.php?action=get_petty_cash&property_slug=room-101
[2026-08-02T09:45:55.414Z] [755] GET http://localhost:3000/php/api/router.php?action=get_users&property_slug=room-101
[2026-08-02T09:45:55.481Z] [756] GET http://localhost:3000/php/api/router.php?action=get_attendance&property_slug=room-101
[2026-08-02T09:45:56.216Z]     ↳ Response: 200 OK
[2026-08-02T09:45:56.224Z]     ↳ Response: 200 
[2026-08-02T09:45:56.362Z]     ↳ Response: 200 OK
[2026-08-02T09:45:56.362Z]     ↳ Response: 200 OK
[2026-08-02T09:45:56.367Z]     ↳ Response: 200 OK
[2026-08-02T09:45:56.379Z]     ↳ Response: 200 OK
[2026-08-02T09:45:56.385Z]     ↳ Response: 200 OK
[2026-08-02T09:45:56.458Z]     ↳ Response: 200 OK
[2026-08-02T09:45:58.399Z]     ↳ Response: 200 OK
[2026-08-02T09:45:59.002Z]     ↳ Response: 200 OK
[2026-08-02T09:45:59.576Z]     ↳ Response: 200 OK
[2026-08-02T09:45:59.582Z]     ↳ Response: 200 OK
[2026-08-02T09:45:59.881Z]     ↳ Response: 200 OK
[2026-08-02T09:45:59.882Z]     ↳ Response: 200 OK
[2026-08-02T09:45:59.886Z]     ↳ Response: 200 OK
[2026-08-02T09:45:59.889Z]     ↳ Response: 200 OK
[2026-08-02T09:45:59.906Z]     ↳ Response: 200 OK
[2026-08-02T09:45:59.924Z]     ↳ Response: 200 OK
[2026-08-02T09:45:59.925Z]     ↳ Response: 200 OK
[2026-08-02T09:45:59.932Z]     ↳ Response: 200 OK
[2026-08-02T09:45:59.940Z]     ↳ Response: 200 OK
[2026-08-02T09:45:59.946Z]     ↳ Response: 200 OK
[2026-08-02T09:45:59.947Z]     ↳ Response: 200 OK
[2026-08-02T09:45:59.952Z]     ↳ Response: 200 OK
[2026-08-02T09:45:59.956Z]     ↳ Response: 200 OK
[2026-08-02T09:45:59.960Z]     ↳ Response: 200 OK
[2026-08-02T09:45:59.964Z]     ↳ Response: 200 OK
[2026-08-02T09:45:59.969Z]     ↳ Response: 200 OK
[2026-08-02T09:46:00.308Z]     ↳ Response: 200 OK
[2026-08-02T09:46:00.314Z]     ↳ Response: 200 OK
[2026-08-02T09:46:00.318Z]     ↳ Response: 200 OK
[2026-08-02T09:46:00.319Z]     ↳ Response: 200 OK
[2026-08-02T09:46:00.322Z]     ↳ Response: 200 OK
[2026-08-02T09:46:00.329Z]     ↳ Response: 200 OK
[2026-08-02T09:46:00.895Z]     ↳ Response: 200 OK
[2026-08-02T09:46:00.897Z]     ↳ Response: 200 OK
[2026-08-02T09:46:00.907Z]     ↳ Response: 200 OK
[2026-08-02T09:46:00.914Z]     ↳ Response: 200 OK
[2026-08-02T09:46:00.915Z]     ↳ Response: 200 OK
[2026-08-02T09:46:00.930Z]     ↳ Response: 200 OK
[2026-08-02T09:46:00.960Z]     ↳ Response: 200 OK
[2026-08-02T09:46:00.971Z]     ↳ Response: 200 OK
[2026-08-02T09:46:00.981Z]     ↳ Response: 200 OK
[2026-08-02T09:46:00.992Z]     ↳ Response: 200 OK
[2026-08-02T09:46:00.993Z]     ↳ Response: 200 OK
[2026-08-02T09:46:01.011Z]     ↳ Response: 200 OK
[2026-08-02T09:46:01.015Z]     ↳ Response: 200 OK
[2026-08-02T09:47:06.412Z] [757] GET http://localhost:3000/artists_farm/vrikshawan/room-101/
[2026-08-02T09:47:06.726Z]     ↳ Response: 200 OK
[2026-08-02T09:47:06.748Z] [758] GET http://localhost:3000/@vite/client
[2026-08-02T09:47:06.773Z] [759] GET http://localhost:3000/src/main.tsx?t=1785663947249
[2026-08-02T09:47:06.777Z] [760] GET http://localhost:3000/@react-refresh
[2026-08-02T09:47:06.787Z]     ↳ Response: 304 Not Modified
[2026-08-02T09:47:06.798Z]     ↳ Response: 304 Not Modified
[2026-08-02T09:47:06.806Z] [761] GET http://localhost:3000/node_modules/vite/dist/client/env.mjs
[2026-08-02T09:47:06.881Z] [762] GET http://localhost:3000/node_modules/.vite/deps/react.js?v=647194ca
[2026-08-02T09:47:06.909Z]     ↳ Response: 200 OK
[2026-08-02T09:47:06.926Z] [763] GET http://localhost:3000/node_modules/.vite/deps/react-dom_client.js?v=40766d9c
[2026-08-02T09:47:06.966Z]     ↳ Response: 200 OK
[2026-08-02T09:47:07.144Z] [764] GET http://localhost:3000/src/App.tsx?t=1785663784840
[2026-08-02T09:47:07.189Z] [765] GET http://localhost:3000/src/index.css?t=1785663947249
[2026-08-02T09:47:07.227Z] [766] GET http://localhost:3000/src/utils/telescopeLogger.ts
[2026-08-02T09:47:07.258Z] [767] GET http://localhost:3000/node_modules/.vite/deps/react_jsx-dev-runtime.js?v=647194ca
[2026-08-02T09:47:07.282Z]     ↳ Response: 200 OK
[2026-08-02T09:47:07.290Z] [768] GET http://localhost:3000/node_modules/.vite/deps/rolldown-runtime-B-1-B7_t.js?v=9329134a
[2026-08-02T09:47:07.297Z]     ↳ Response: 200 OK
[2026-08-02T09:47:07.337Z]     ↳ Response: 304 Not Modified
[2026-08-02T09:47:07.357Z]     ↳ Response: 304 Not Modified
[2026-08-02T09:47:07.367Z] [769] GET http://localhost:3000/node_modules/.vite/deps/react-dom.js?v=647194ca
[2026-08-02T09:47:07.392Z]     ↳ Response: 200 OK
[2026-08-02T09:47:07.440Z]     ↳ Response: 304 Not Modified
[2026-08-02T09:47:07.459Z]     ↳ Response: 304 Not Modified
[2026-08-02T09:47:07.464Z] [770] GET http://localhost:3000/src/components/Header.tsx?t=1785654087699
[2026-08-02T09:47:07.476Z] [771] GET http://localhost:3000/src/components/Navigation.tsx?t=1785663588215
[2026-08-02T09:47:07.490Z] [772] GET http://localhost:3000/src/components/OperationalDashboard.tsx?t=1785654087699
[2026-08-02T09:47:07.496Z] [773] GET http://localhost:3000/src/components/GuestManagement.tsx?t=1785654087699
[2026-08-02T09:47:07.509Z] [774] GET http://localhost:3000/src/components/KitchenManagement.tsx?t=1785654087699
[2026-08-02T09:47:07.530Z] [775] GET http://localhost:3000/src/components/InventoryManagement.tsx?t=1785654087699
[2026-08-02T09:47:07.549Z] [776] GET http://localhost:3000/src/components/PettyCashManagement.tsx?t=1785654087699
[2026-08-02T09:47:07.565Z] [777] GET http://localhost:3000/src/components/CashDrawerManager.tsx?t=1785654087699
[2026-08-02T09:47:07.660Z] [778] GET http://localhost:3000/src/components/ExpenseItemsManagement.tsx?t=1785612846419
[2026-08-02T09:47:07.670Z] [779] GET http://localhost:3000/src/components/StaffManagement.tsx?t=1785654087699
[2026-08-02T09:47:07.680Z] [780] GET http://localhost:3000/src/components/AnalyticsDashboard.tsx?t=1785654087699
[2026-08-02T09:47:07.694Z] [781] GET http://localhost:3000/src/components/AuditLogsView.tsx
[2026-08-02T09:47:07.708Z] [782] GET http://localhost:3000/src/components/DataExportCenter.tsx?t=1785654087699
[2026-08-02T09:47:07.729Z] [783] GET http://localhost:3000/src/components/MenuManager.tsx?t=1785654087699
[2026-08-02T09:47:07.781Z] [784] GET http://localhost:3000/src/components/MiscChargesManagement.tsx?t=1785654087699
[2026-08-02T09:47:07.818Z] [785] GET http://localhost:3000/src/components/ICalSyncManager.tsx?t=1785654087699
[2026-08-02T09:47:07.823Z] [786] GET http://localhost:3000/src/components/TelegramNotificationModal.tsx?t=1785654087699
[2026-08-02T09:47:07.883Z] [787] GET http://localhost:3000/src/components/GlobalModal.tsx
[2026-08-02T09:47:07.899Z] [788] GET http://localhost:3000/src/components/ToastContext.tsx
[2026-08-02T09:47:07.924Z] [789] GET http://localhost:3000/src/components/LoginModal.tsx?t=1785654087699
[2026-08-02T09:47:07.949Z] [790] GET http://localhost:3000/src/contexts/StaffContext.tsx?t=1785654087699
[2026-08-02T09:47:07.971Z] [791] GET http://localhost:3000/src/contexts/AuthContext.tsx?t=1785654087699
[2026-08-02T09:47:07.980Z] [792] GET http://localhost:3000/src/contexts/FinanceContext.tsx?t=1785654087699
[2026-08-02T09:47:07.997Z] [793] GET http://localhost:3000/src/contexts/InventoryContext.tsx?t=1785654087699
[2026-08-02T09:47:08.028Z] [794] GET http://localhost:3000/src/contexts/KitchenContext.tsx?t=1785654087699
[2026-08-02T09:47:08.067Z] [795] GET http://localhost:3000/src/utils/clientInfo.ts
[2026-08-02T09:47:08.080Z] [796] GET http://localhost:3000/src/data/appConfig.ts
[2026-08-02T09:47:08.100Z] [797] GET http://localhost:3000/src/services/themeService.ts
[2026-08-02T09:47:08.110Z] [798] GET http://localhost:3000/src/services/api.ts?t=1785654087699
[2026-08-02T09:47:08.130Z] [799] GET http://localhost:3000/src/contexts/ConfigurationDataContext.tsx?t=1785654087699
[2026-08-02T09:47:08.142Z] [800] GET http://localhost:3000/src/contexts/ModulesContext.tsx?t=1785654087699
[2026-08-02T09:47:08.167Z] [801] GET http://localhost:3000/src/components/DataLoader.tsx?t=1785654087699
[2026-08-02T09:47:08.178Z] [802] GET http://localhost:3000/src/components/LoadingScreen.tsx
[2026-08-02T09:47:08.181Z] [803] GET http://localhost:3000/src/components/LoginPage.tsx
[2026-08-02T09:47:08.199Z] [804] GET http://localhost:3000/src/components/PlatformPropertyManagement.tsx?t=1785658778613
[2026-08-02T09:47:08.210Z] [805] GET http://localhost:3000/src/components/TenantDashboard.tsx
[2026-08-02T09:47:08.229Z] [806] GET http://localhost:3000/src/components/RootAdminDashboard.tsx?t=1785660212018
[2026-08-02T09:47:08.250Z] [807] GET http://localhost:3000/src/components/MultiKeyPropertyOverview.tsx?t=1785654087699
[2026-08-02T09:47:08.277Z]     ↳ Response: 304 Not Modified
[2026-08-02T09:47:08.290Z]     ↳ Response: 304 Not Modified
[2026-08-02T09:47:08.297Z] [808] GET http://localhost:3000/node_modules/.vite/deps/lucide-react.js?v=907c0d96
[2026-08-02T09:47:08.309Z]     ↳ Response: 200 OK
[2026-08-02T09:47:08.326Z]     ↳ Response: 304 Not Modified
[2026-08-02T09:47:08.344Z]     ↳ Response: 304 Not Modified
[2026-08-02T09:47:08.359Z]     ↳ Response: 304 Not Modified
[2026-08-02T09:47:08.394Z]     ↳ Response: 304 Not Modified
[2026-08-02T09:47:08.447Z]     ↳ Response: 304 Not Modified
[2026-08-02T09:47:08.524Z]     ↳ Response: 304 Not Modified
[2026-08-02T09:47:08.588Z]     ↳ Response: 304 Not Modified
[2026-08-02T09:47:08.604Z]     ↳ Response: 304 Not Modified
[2026-08-02T09:47:08.642Z]     ↳ Response: 304 Not Modified
[2026-08-02T09:47:08.707Z]     ↳ Response: 304 Not Modified
[2026-08-02T09:47:08.731Z]     ↳ Response: 304 Not Modified
[2026-08-02T09:47:08.749Z]     ↳ Response: 304 Not Modified
[2026-08-02T09:47:08.773Z]     ↳ Response: 304 Not Modified
[2026-08-02T09:47:08.778Z]     ↳ Response: 304 Not Modified
[2026-08-02T09:47:08.819Z]     ↳ Response: 304 Not Modified
[2026-08-02T09:47:08.840Z]     ↳ Response: 304 Not Modified
[2026-08-02T09:47:08.856Z]     ↳ Response: 304 Not Modified
[2026-08-02T09:47:08.862Z]     ↳ Response: 304 Not Modified
[2026-08-02T09:47:08.897Z]     ↳ Response: 304 Not Modified
[2026-08-02T09:47:08.928Z]     ↳ Response: 304 Not Modified
[2026-08-02T09:47:08.933Z]     ↳ Response: 304 Not Modified
[2026-08-02T09:47:08.943Z]     ↳ Response: 304 Not Modified
[2026-08-02T09:47:08.948Z]     ↳ Response: 304 Not Modified
[2026-08-02T09:47:08.960Z]     ↳ Response: 304 Not Modified
[2026-08-02T09:47:08.965Z]     ↳ Response: 304 Not Modified
[2026-08-02T09:47:08.973Z]     ↳ Response: 304 Not Modified
[2026-08-02T09:47:08.978Z]     ↳ Response: 304 Not Modified
[2026-08-02T09:47:08.990Z]     ↳ Response: 304 Not Modified
[2026-08-02T09:47:08.995Z]     ↳ Response: 304 Not Modified
[2026-08-02T09:47:09.000Z]     ↳ Response: 304 Not Modified
[2026-08-02T09:47:09.015Z]     ↳ Response: 304 Not Modified
[2026-08-02T09:47:09.022Z]     ↳ Response: 304 Not Modified
[2026-08-02T09:47:09.057Z]     ↳ Response: 304 Not Modified
[2026-08-02T09:47:09.070Z]     ↳ Response: 304 Not Modified
[2026-08-02T09:47:09.093Z]     ↳ Response: 304 Not Modified
[2026-08-02T09:47:09.107Z]     ↳ Response: 304 Not Modified
[2026-08-02T09:47:09.112Z]     ↳ Response: 304 Not Modified
[2026-08-02T09:47:09.118Z] [809] GET http://localhost:3000/src/utils/iconResolver.tsx
[2026-08-02T09:47:09.126Z] [810] GET http://localhost:3000/src/components/MultiKeyRoomDrawer.tsx?t=1785581097901
[2026-08-02T09:47:09.132Z] [811] GET http://localhost:3000/node_modules/.vite/deps/html-to-image.js?v=8ba12c37
[2026-08-02T09:47:09.154Z]     ↳ Response: 200 OK
[2026-08-02T09:47:09.175Z] [812] GET http://localhost:3000/src/components/DateRangePicker.tsx?t=1785538574357
[2026-08-02T09:47:09.190Z] [813] GET http://localhost:3000/src/components/BillingCheckout.tsx?t=1785584077754
[2026-08-02T09:47:09.197Z] [814] GET http://localhost:3000/src/components/SearchableSelect.tsx
[2026-08-02T09:47:09.204Z] [815] GET http://localhost:3000/node_modules/.vite/deps/react-data-table-component.js?v=de6c4fcd
[2026-08-02T09:47:09.212Z]     ↳ Response: 200 OK
[2026-08-02T09:47:09.228Z] [816] GET http://localhost:3000/node_modules/.vite/deps/react-apexcharts.js?v=a1c1290a
[2026-08-02T09:47:09.259Z]     ↳ Response: 200 OK
[2026-08-02T09:47:09.266Z] [817] GET http://localhost:3000/src/components/NavMenuEditor.tsx?t=1785654087699
[2026-08-02T09:47:09.268Z] [818] GET http://localhost:3000/src/components/TelegramConnectionSettings.tsx
[2026-08-02T09:47:09.278Z] [819] GET http://localhost:3000/src/components/InvalidPropertyPage.tsx
[2026-08-02T09:47:09.282Z] [820] GET http://localhost:3000/src/components/ToggleSwitch.tsx
[2026-08-02T09:47:09.338Z] [821] GET http://localhost:3000/src/components/AppearanceSettings.tsx?t=1785660212018
[2026-08-02T09:47:09.357Z] [822] GET http://localhost:3000/src/components/DefaultExpensesManager.tsx?t=1785590582041
[2026-08-02T09:47:09.365Z]     ↳ Response: 304 Not Modified
[2026-08-02T09:47:09.397Z]     ↳ Response: 304 Not Modified
[2026-08-02T09:47:09.404Z]     ↳ Response: 304 Not Modified
[2026-08-02T09:47:09.412Z]     ↳ Response: 304 Not Modified
[2026-08-02T09:47:09.443Z]     ↳ Response: 304 Not Modified
[2026-08-02T09:47:09.478Z]     ↳ Response: 304 Not Modified
[2026-08-02T09:47:09.496Z]     ↳ Response: 304 Not Modified
[2026-08-02T09:47:09.510Z]     ↳ Response: 304 Not Modified
[2026-08-02T09:47:09.512Z] [823] GET http://localhost:3000/node_modules/.vite/deps/sortablejs.js?v=bff2b989
[2026-08-02T09:47:09.517Z]     ↳ Response: 200 OK
[2026-08-02T09:47:09.525Z]     ↳ Response: 304 Not Modified
[2026-08-02T09:47:09.532Z]     ↳ Response: 304 Not Modified
[2026-08-02T09:47:09.545Z]     ↳ Response: 304 Not Modified
[2026-08-02T09:47:09.565Z] [824] GET http://localhost:3000/src/components/ThemeManagement.tsx
[2026-08-02T09:47:09.578Z] [825] GET http://localhost:3000/src/components/CustomCSSOverride.tsx
[2026-08-02T09:47:09.593Z]     ↳ Response: 304 Not Modified
[2026-08-02T09:47:09.599Z]     ↳ Response: 304 Not Modified
[2026-08-02T09:47:09.769Z] [826] GET http://localhost:3000/php/api/router.php?action=get_current_property&property_slug=room-101
[2026-08-02T09:47:09.773Z] [827] GET http://localhost:3000/php/api/router.php?action=get_current_property&property_slug=room-101
[2026-08-02T09:47:09.778Z] [828] GET http://localhost:3000/icons/favicon-32x32.png
[2026-08-02T09:47:09.790Z]     ↳ Response: 200 OK
[2026-08-02T09:47:09.799Z]     ↳ Response: 200 OK
[2026-08-02T09:47:09.810Z] [829] GET http://localhost:3000/php/api/router.php?action=get_property_modules&property_slug=room-101
[2026-08-02T09:47:09.813Z] [830] GET http://localhost:3000/php/api/router.php?action=get_nav_menu&property_slug=room-101
[2026-08-02T09:47:09.829Z] [831] GET http://localhost:3000/php/api/router.php?action=get_telegram_config&property_slug=room-101
[2026-08-02T09:47:09.834Z]     ↳ Response: 200 OK
[2026-08-02T09:47:09.856Z] [832] GET http://localhost:3000/php/api/router.php?action=get_property_modules&property_slug=room-101
[2026-08-02T09:47:09.863Z] [833] GET http://localhost:3000/php/api/router.php?action=get_nav_menu&property_slug=room-101
[2026-08-02T09:47:09.867Z] [834] GET http://localhost:3000/php/api/router.php?action=get_telegram_config&property_slug=room-101
[2026-08-02T09:47:09.889Z]     ↳ Response: 200 OK
[2026-08-02T09:47:09.900Z]     ↳ Response: 200 OK
[2026-08-02T09:47:09.906Z]     ↳ Response: 200 OK
[2026-08-02T09:47:10.094Z] [835] GET https://images.unsplash.com/photo-1534528741775-53994a69daeb?w=100&auto=format&fit=crop&q=80
[2026-08-02T09:47:10.165Z]     ↳ Response: 200 
[2026-08-02T09:47:10.182Z] [836] GET http://localhost:3000/php/api/router.php?action=get_property_modules&property_slug=room-101
[2026-08-02T09:47:10.249Z] [837] GET http://localhost:3000/php/api/router.php?action=get_telegram_config&property_slug=room-101
[2026-08-02T09:47:10.264Z] [838] GET http://localhost:3000/artists_farm/php/api/ical_sync.php?action=get_blocked_dates
[2026-08-02T09:47:10.295Z] [839] GET http://localhost:3000/php/api/router.php?action=get_system_settings
[2026-08-02T09:47:10.314Z] [840] GET http://localhost:3000/php/api/router.php?action=get_theme_settings
[2026-08-02T09:47:10.325Z] [841] GET http://localhost:3000/php/api/router.php?action=get_guests&property_slug=room-101
[2026-08-02T09:47:10.335Z] [842] GET http://localhost:3000/php/api/router.php?action=get_users&property_slug=room-101
[2026-08-02T09:47:10.350Z] [843] GET http://localhost:3000/php/api/router.php?action=get_attendance&property_slug=room-101
[2026-08-02T09:47:10.362Z] [844] GET http://localhost:3000/php/api/router.php?action=get_audit_logs&property_slug=room-101
[2026-08-02T09:47:10.367Z] [845] GET http://localhost:3000/php/api/router.php?action=get_receipts&property_slug=room-101
[2026-08-02T09:47:10.380Z] [846] GET http://localhost:3000/php/api/router.php?action=get_users&property_slug=room-101
[2026-08-02T09:47:10.389Z] [847] GET http://localhost:3000/php/api/router.php?action=get_nav_menu&property_slug=room-101
[2026-08-02T09:47:10.418Z] [848] GET http://localhost:3000/php/api/router.php?action=get_guests&property_slug=room-101
[2026-08-02T09:47:10.442Z] [849] GET http://localhost:3000/php/api/router.php?action=get_attendance&property_slug=room-101
[2026-08-02T09:47:10.450Z] [850] GET http://localhost:3000/php/api/router.php?action=get_audit_logs&property_slug=room-101
[2026-08-02T09:47:10.459Z] [851] GET http://localhost:3000/php/api/router.php?action=get_receipts&property_slug=room-101
[2026-08-02T09:47:10.461Z] [852] GET http://localhost:3000/php/api/router.php?action=get_misc_catalog&property_slug=room-101
[2026-08-02T09:47:10.466Z] [853] GET http://localhost:3000/php/api/router.php?action=get_petty_cash&property_slug=room-101
[2026-08-02T09:47:10.474Z] [854] GET http://localhost:3000/php/api/router.php?action=get_users&property_slug=room-101
[2026-08-02T09:47:10.477Z] [855] GET http://localhost:3000/php/api/router.php?action=get_attendance&property_slug=room-101
[2026-08-02T09:47:10.481Z] [856] GET http://localhost:3000/php/api/router.php?action=get_property_modules&property_slug=room-101
[2026-08-02T09:47:10.486Z] [857] GET http://localhost:3000/php/api/router.php?action=get_telegram_config&property_slug=room-101
[2026-08-02T09:47:10.492Z] [858] GET http://localhost:3000/artists_farm/php/api/ical_sync.php?action=get_blocked_dates
[2026-08-02T09:47:10.495Z] [859] GET http://localhost:3000/php/api/router.php?action=get_system_settings
[2026-08-02T09:47:10.505Z] [860] GET http://localhost:3000/php/api/router.php?action=get_theme_settings
[2026-08-02T09:47:10.514Z] [861] GET http://localhost:3000/php/api/router.php?action=get_guests&property_slug=room-101
[2026-08-02T09:47:10.531Z] [862] GET http://localhost:3000/php/api/router.php?action=get_users&property_slug=room-101
[2026-08-02T09:47:10.543Z] [863] GET http://localhost:3000/php/api/router.php?action=get_attendance&property_slug=room-101
[2026-08-02T09:47:10.562Z] [864] GET http://localhost:3000/php/api/router.php?action=get_audit_logs&property_slug=room-101
[2026-08-02T09:47:10.593Z] [865] GET http://localhost:3000/php/api/router.php?action=get_receipts&property_slug=room-101
[2026-08-02T09:47:10.600Z] [866] GET http://localhost:3000/php/api/router.php?action=get_users&property_slug=room-101
[2026-08-02T09:47:10.611Z] [867] GET http://localhost:3000/php/api/router.php?action=get_nav_menu&property_slug=room-101
[2026-08-02T09:47:10.615Z] [868] GET http://localhost:3000/php/api/router.php?action=get_guests&property_slug=room-101
[2026-08-02T09:47:10.620Z] [869] GET http://localhost:3000/php/api/router.php?action=get_attendance&property_slug=room-101
[2026-08-02T09:47:10.631Z] [870] GET http://localhost:3000/php/api/router.php?action=get_audit_logs&property_slug=room-101
[2026-08-02T09:47:10.645Z] [871] GET http://localhost:3000/php/api/router.php?action=get_receipts&property_slug=room-101
[2026-08-02T09:47:10.657Z] [872] GET http://localhost:3000/php/api/router.php?action=get_misc_catalog&property_slug=room-101
[2026-08-02T09:47:10.663Z] [873] GET http://localhost:3000/php/api/router.php?action=get_petty_cash&property_slug=room-101
[2026-08-02T09:47:10.673Z] [874] GET http://localhost:3000/php/api/router.php?action=get_users&property_slug=room-101
[2026-08-02T09:47:10.678Z] [875] GET http://localhost:3000/php/api/router.php?action=get_attendance&property_slug=room-101
[2026-08-02T09:47:10.679Z]     ↳ Response: 200 OK
[2026-08-02T09:47:10.682Z]     ↳ Response: 200 OK
[2026-08-02T09:47:10.689Z]     ↳ Response: 200 OK
[2026-08-02T09:47:10.782Z]     ↳ Response: 200 OK
[2026-08-02T09:47:10.795Z]     ↳ Response: 200 OK
[2026-08-02T09:47:10.799Z]     ↳ Response: 200 OK
[2026-08-02T09:47:10.913Z]     ↳ Response: 200 OK
[2026-08-02T09:47:10.973Z]     ↳ Response: 200 OK
[2026-08-02T09:47:10.975Z]     ↳ Response: 200 OK
[2026-08-02T09:47:11.014Z]     ↳ Response: 200 OK
[2026-08-02T09:47:11.097Z]     ↳ Response: 200 OK
[2026-08-02T09:47:11.130Z]     ↳ Response: 200 OK
[2026-08-02T09:47:11.134Z]     ↳ Response: 200 OK
[2026-08-02T09:47:11.281Z]     ↳ Response: 200 OK
[2026-08-02T09:47:11.534Z]     ↳ Response: 200 OK
[2026-08-02T09:47:11.541Z]     ↳ Response: 200 OK
[2026-08-02T09:47:11.572Z]     ↳ Response: 200 OK
[2026-08-02T09:47:11.630Z]     ↳ Response: 200 OK
[2026-08-02T09:47:11.642Z]     ↳ Response: 200 OK
[2026-08-02T09:47:11.658Z]     ↳ Response: 200 OK
[2026-08-02T09:47:11.665Z]     ↳ Response: 200 OK
[2026-08-02T09:47:11.679Z]     ↳ Response: 200 OK
[2026-08-02T09:47:11.736Z]     ↳ Response: 200 OK
[2026-08-02T09:47:11.742Z]     ↳ Response: 200 OK
[2026-08-02T09:47:11.948Z]     ↳ Response: 200 OK
[2026-08-02T09:47:11.949Z]     ↳ Response: 200 OK
[2026-08-02T09:47:11.957Z]     ↳ Response: 200 OK
[2026-08-02T09:47:11.965Z]     ↳ Response: 200 OK
[2026-08-02T09:47:11.971Z]     ↳ Response: 200 OK
[2026-08-02T09:47:11.976Z]     ↳ Response: 200 OK
[2026-08-02T09:47:11.981Z]     ↳ Response: 200 OK
[2026-08-02T09:47:11.989Z]     ↳ Response: 200 OK
[2026-08-02T09:47:11.993Z]     ↳ Response: 200 OK
[2026-08-02T09:47:11.998Z]     ↳ Response: 200 OK
[2026-08-02T09:47:12.600Z]     ↳ Response: 200 OK
[2026-08-02T09:47:12.606Z]     ↳ Response: 200 OK
[2026-08-02T09:47:12.616Z]     ↳ Response: 200 OK
[2026-08-02T09:47:12.626Z]     ↳ Response: 200 OK
[2026-08-02T09:47:12.633Z]     ↳ Response: 200 OK
[2026-08-02T09:47:13.152Z]     ↳ Response: 200 OK
[2026-08-02T09:47:13.157Z]     ↳ Response: 200 OK
[2026-08-02T09:47:13.164Z]     ↳ Response: 200 OK
[2026-08-02T09:47:13.302Z]     ↳ Response: 200 OK
[2026-08-02T09:47:28.526Z] [876] GET http://localhost:3000/artists_farm/vrikshawan/room-101/
[2026-08-02T09:47:28.828Z]     ↳ Response: 200 OK
[2026-08-02T09:47:28.853Z] [877] GET http://localhost:3000/@vite/client
[2026-08-02T09:47:28.867Z] [878] GET http://localhost:3000/src/main.tsx?t=1785663947249
[2026-08-02T09:47:28.872Z] [879] GET http://localhost:3000/@react-refresh
[2026-08-02T09:47:28.873Z]     ↳ Response: 200 OK
[2026-08-02T09:47:28.874Z] [880] GET http://localhost:3000/node_modules/.vite/deps/react.js?v=647194ca
[2026-08-02T09:47:28.875Z] [881] GET http://localhost:3000/node_modules/.vite/deps/react-dom_client.js?v=40766d9c
[2026-08-02T09:47:28.875Z] [882] GET http://localhost:3000/src/App.tsx?t=1785663784840
[2026-08-02T09:47:28.876Z] [883] GET http://localhost:3000/src/index.css?t=1785663947249
[2026-08-02T09:47:28.876Z] [884] GET http://localhost:3000/src/utils/telescopeLogger.ts
[2026-08-02T09:47:28.877Z] [885] GET http://localhost:3000/node_modules/.vite/deps/react_jsx-dev-runtime.js?v=647194ca
[2026-08-02T09:47:28.893Z]     ↳ Response: 200 OK
[2026-08-02T09:47:28.894Z]     ↳ Response: 200 OK
[2026-08-02T09:47:28.895Z]     ↳ Response: 200 OK
[2026-08-02T09:47:28.896Z] [886] GET http://localhost:3000/node_modules/vite/dist/client/env.mjs
[2026-08-02T09:47:28.897Z] [887] GET http://localhost:3000/node_modules/.vite/deps/rolldown-runtime-B-1-B7_t.js?v=9329134a
[2026-08-02T09:47:28.899Z]     ↳ Response: 200 OK
[2026-08-02T09:47:28.913Z]     ↳ Response: 200 OK
[2026-08-02T09:47:28.920Z]     ↳ Response: 200 OK
[2026-08-02T09:47:28.923Z]     ↳ Response: 200 OK
[2026-08-02T09:47:28.928Z] [888] GET http://localhost:3000/src/components/Header.tsx?t=1785654087699
[2026-08-02T09:47:28.930Z] [889] GET http://localhost:3000/src/components/Navigation.tsx?t=1785663588215
[2026-08-02T09:47:28.931Z] [890] GET http://localhost:3000/src/components/OperationalDashboard.tsx?t=1785654087699
[2026-08-02T09:47:28.935Z] [891] GET http://localhost:3000/src/components/GuestManagement.tsx?t=1785654087699
[2026-08-02T09:47:28.941Z] [892] GET http://localhost:3000/src/components/KitchenManagement.tsx?t=1785654087699
[2026-08-02T09:47:28.941Z] [893] GET http://localhost:3000/src/components/InventoryManagement.tsx?t=1785654087699
[2026-08-02T09:47:28.943Z] [894] GET http://localhost:3000/src/components/PettyCashManagement.tsx?t=1785654087699
[2026-08-02T09:47:28.944Z] [895] GET http://localhost:3000/src/components/CashDrawerManager.tsx?t=1785654087699
[2026-08-02T09:47:28.944Z] [896] GET http://localhost:3000/src/components/ExpenseItemsManagement.tsx?t=1785612846419
[2026-08-02T09:47:28.945Z] [897] GET http://localhost:3000/src/components/StaffManagement.tsx?t=1785654087699
[2026-08-02T09:47:28.946Z] [898] GET http://localhost:3000/src/components/AnalyticsDashboard.tsx?t=1785654087699
[2026-08-02T09:47:28.946Z] [899] GET http://localhost:3000/src/components/AuditLogsView.tsx
[2026-08-02T09:47:28.947Z] [900] GET http://localhost:3000/src/components/DataExportCenter.tsx?t=1785654087699
[2026-08-02T09:47:28.948Z] [901] GET http://localhost:3000/src/components/MenuManager.tsx?t=1785654087699
[2026-08-02T09:47:28.949Z] [902] GET http://localhost:3000/src/components/MiscChargesManagement.tsx?t=1785654087699
[2026-08-02T09:47:28.950Z] [903] GET http://localhost:3000/src/components/ICalSyncManager.tsx?t=1785654087699
[2026-08-02T09:47:28.951Z] [904] GET http://localhost:3000/src/components/TelegramNotificationModal.tsx?t=1785654087699
[2026-08-02T09:47:28.953Z] [905] GET http://localhost:3000/src/components/GlobalModal.tsx
[2026-08-02T09:47:28.955Z] [906] GET http://localhost:3000/src/components/ToastContext.tsx
[2026-08-02T09:47:28.955Z] [907] GET http://localhost:3000/src/components/LoginModal.tsx?t=1785654087699
[2026-08-02T09:47:28.956Z] [908] GET http://localhost:3000/src/contexts/StaffContext.tsx?t=1785654087699
[2026-08-02T09:47:28.957Z] [909] GET http://localhost:3000/src/contexts/AuthContext.tsx?t=1785654087699
[2026-08-02T09:47:28.958Z] [910] GET http://localhost:3000/src/contexts/FinanceContext.tsx?t=1785654087699
[2026-08-02T09:47:28.958Z] [911] GET http://localhost:3000/src/contexts/InventoryContext.tsx?t=1785654087699
[2026-08-02T09:47:28.959Z] [912] GET http://localhost:3000/src/contexts/KitchenContext.tsx?t=1785654087699
[2026-08-02T09:47:28.960Z] [913] GET http://localhost:3000/src/utils/clientInfo.ts
[2026-08-02T09:47:28.960Z] [914] GET http://localhost:3000/src/data/appConfig.ts
[2026-08-02T09:47:28.961Z] [915] GET http://localhost:3000/src/services/themeService.ts
[2026-08-02T09:47:28.962Z] [916] GET http://localhost:3000/src/services/api.ts?t=1785654087699
[2026-08-02T09:47:28.962Z] [917] GET http://localhost:3000/src/contexts/ConfigurationDataContext.tsx?t=1785654087699
[2026-08-02T09:47:28.963Z] [918] GET http://localhost:3000/src/contexts/ModulesContext.tsx?t=1785654087699
[2026-08-02T09:47:28.963Z] [919] GET http://localhost:3000/src/components/DataLoader.tsx?t=1785654087699
[2026-08-02T09:47:28.964Z] [920] GET http://localhost:3000/src/components/LoadingScreen.tsx
[2026-08-02T09:47:28.995Z] [921] GET http://localhost:3000/src/components/LoginPage.tsx
[2026-08-02T09:47:29.082Z] [922] GET http://localhost:3000/src/components/PlatformPropertyManagement.tsx?t=1785658778613
[2026-08-02T09:47:29.142Z] [923] GET http://localhost:3000/src/components/TenantDashboard.tsx
[2026-08-02T09:47:29.273Z] [924] GET http://localhost:3000/src/components/RootAdminDashboard.tsx?t=1785660212018
[2026-08-02T09:47:29.366Z] [925] GET http://localhost:3000/src/components/MultiKeyPropertyOverview.tsx?t=1785654087699
[2026-08-02T09:47:29.398Z]     ↳ Response: 200 OK
[2026-08-02T09:47:29.407Z]     ↳ Response: 200 OK
[2026-08-02T09:47:29.426Z]     ↳ Response: 200 OK
[2026-08-02T09:47:29.438Z] [926] GET http://localhost:3000/node_modules/.vite/deps/react-dom.js?v=647194ca
[2026-08-02T09:47:29.445Z]     ↳ Response: 200 OK
[2026-08-02T09:47:29.450Z] [927] GET http://localhost:3000/node_modules/.vite/deps/lucide-react.js?v=907c0d96
[2026-08-02T09:47:29.458Z]     ↳ Response: 200 OK
[2026-08-02T09:47:29.492Z] [928] GET http://localhost:3000/src/utils/iconResolver.tsx
[2026-08-02T09:47:29.540Z] [929] GET http://localhost:3000/src/components/MultiKeyRoomDrawer.tsx?t=1785581097901
[2026-08-02T09:47:29.606Z]     ↳ Response: 200 OK
[2026-08-02T09:47:29.626Z]     ↳ Response: 200 OK
[2026-08-02T09:47:29.649Z]     ↳ Response: 200 OK
[2026-08-02T09:47:29.692Z]     ↳ Response: 200 OK
[2026-08-02T09:47:29.713Z] [930] GET http://localhost:3000/node_modules/.vite/deps/react-data-table-component.js?v=de6c4fcd
[2026-08-02T09:47:29.730Z]     ↳ Response: 200 OK
[2026-08-02T09:47:29.778Z]     ↳ Response: 200 OK
[2026-08-02T09:47:29.793Z]     ↳ Response: 200 OK
[2026-08-02T09:47:29.878Z]     ↳ Response: 200 OK
[2026-08-02T09:47:29.910Z] [931] GET http://localhost:3000/node_modules/.vite/deps/html-to-image.js?v=8ba12c37
[2026-08-02T09:47:29.922Z] [932] GET http://localhost:3000/src/components/DateRangePicker.tsx?t=1785538574357
[2026-08-02T09:47:29.932Z] [933] GET http://localhost:3000/src/components/BillingCheckout.tsx?t=1785584077754
[2026-08-02T09:47:29.966Z]     ↳ Response: 200 OK
[2026-08-02T09:47:30.010Z]     ↳ Response: 200 OK
[2026-08-02T09:47:30.029Z]     ↳ Response: 200 OK
[2026-08-02T09:47:30.039Z] [934] GET http://localhost:3000/node_modules/.vite/deps/react-apexcharts.js?v=a1c1290a
[2026-08-02T09:47:30.265Z]     ↳ Response: 200 OK
[2026-08-02T09:47:30.299Z]     ↳ Response: 200 OK
[2026-08-02T09:47:30.323Z]     ↳ Response: 200 OK
[2026-08-02T09:47:30.346Z]     ↳ Response: 200 OK
[2026-08-02T09:47:30.392Z]     ↳ Response: 200 OK
[2026-08-02T09:47:30.415Z]     ↳ Response: 200 OK
[2026-08-02T09:47:30.432Z] [935] GET http://localhost:3000/src/components/NavMenuEditor.tsx?t=1785654087699
[2026-08-02T09:47:30.456Z]     ↳ Response: 200 OK
[2026-08-02T09:47:30.470Z]     ↳ Response: 200 OK
[2026-08-02T09:47:30.479Z]     ↳ Response: 200 OK
[2026-08-02T09:47:30.491Z]     ↳ Response: 200 OK
[2026-08-02T09:47:30.509Z] [936] GET http://localhost:3000/src/components/TelegramConnectionSettings.tsx
[2026-08-02T09:47:30.528Z]     ↳ Response: 200 OK
[2026-08-02T09:47:30.547Z] [937] GET http://localhost:3000/src/components/SearchableSelect.tsx
[2026-08-02T09:47:30.597Z]     ↳ Response: 200 OK
[2026-08-02T09:47:30.619Z]     ↳ Response: 200 OK
[2026-08-02T09:47:30.638Z]     ↳ Response: 200 OK
[2026-08-02T09:47:30.671Z]     ↳ Response: 200 OK
[2026-08-02T09:47:30.705Z]     ↳ Response: 200 OK
[2026-08-02T09:47:30.714Z]     ↳ Response: 200 OK
[2026-08-02T09:47:30.725Z]     ↳ Response: 200 OK
[2026-08-02T09:47:30.738Z]     ↳ Response: 200 OK
[2026-08-02T09:47:30.747Z]     ↳ Response: 200 OK
[2026-08-02T09:47:30.760Z]     ↳ Response: 200 OK
[2026-08-02T09:47:30.767Z]     ↳ Response: 200 OK
[2026-08-02T09:47:30.778Z]     ↳ Response: 200 OK
[2026-08-02T09:47:30.789Z]     ↳ Response: 200 OK
[2026-08-02T09:47:30.823Z]     ↳ Response: 200 OK
[2026-08-02T09:47:30.866Z]     ↳ Response: 200 OK
[2026-08-02T09:47:30.909Z]     ↳ Response: 200 OK
[2026-08-02T09:47:30.915Z]     ↳ Response: 200 OK
[2026-08-02T09:47:30.932Z]     ↳ Response: 200 OK
[2026-08-02T09:47:30.950Z] [938] GET http://localhost:3000/src/components/InvalidPropertyPage.tsx
[2026-08-02T09:47:30.962Z] [939] GET http://localhost:3000/src/components/ToggleSwitch.tsx
[2026-08-02T09:47:30.971Z] [940] GET http://localhost:3000/src/components/AppearanceSettings.tsx?t=1785660212018
[2026-08-02T09:47:30.982Z] [941] GET http://localhost:3000/src/components/DefaultExpensesManager.tsx?t=1785590582041
[2026-08-02T09:47:30.998Z]     ↳ Response: 200 OK
[2026-08-02T09:47:31.014Z]     ↳ Response: 200 OK
[2026-08-02T09:47:31.019Z]     ↳ Response: 200 OK
[2026-08-02T09:47:31.025Z]     ↳ Response: 200 OK
[2026-08-02T09:47:31.026Z]     ↳ Response: 200 OK
[2026-08-02T09:47:31.030Z] [942] GET http://localhost:3000/node_modules/.vite/deps/sortablejs.js?v=bff2b989
[2026-08-02T09:47:31.033Z]     ↳ Response: 200 OK
[2026-08-02T09:47:31.039Z]     ↳ Response: 200 OK
[2026-08-02T09:47:31.043Z]     ↳ Response: 200 OK
[2026-08-02T09:47:31.047Z]     ↳ Response: 200 OK
[2026-08-02T09:47:31.050Z]     ↳ Response: 200 OK
[2026-08-02T09:47:31.061Z] [943] GET http://localhost:3000/src/components/ThemeManagement.tsx
[2026-08-02T09:47:31.068Z] [944] GET http://localhost:3000/src/components/CustomCSSOverride.tsx
[2026-08-02T09:47:31.077Z]     ↳ Response: 200 OK
[2026-08-02T09:47:31.081Z]     ↳ Response: 200 OK
[2026-08-02T09:47:31.082Z]     ↳ Response: 200 OK
[2026-08-02T09:47:31.086Z]     ↳ Response: 200 OK
[2026-08-02T09:47:31.094Z]     ↳ Response: 200 OK
[2026-08-02T09:47:31.227Z] [945] GET http://localhost:3000/php/api/router.php?action=get_current_property&property_slug=room-101
[2026-08-02T09:47:31.244Z] [946] GET http://localhost:3000/php/api/router.php?action=get_current_property&property_slug=room-101
[2026-08-02T09:47:31.321Z] [947] GET http://localhost:3000/icons/favicon-32x32.png
[2026-08-02T09:47:31.328Z]     ↳ Response: 200 OK
[2026-08-02T09:47:31.344Z]     ↳ Response: 200 OK
[2026-08-02T09:47:31.359Z] [948] GET http://localhost:3000/php/api/router.php?action=get_property_modules&property_slug=room-101
[2026-08-02T09:47:31.368Z] [949] GET http://localhost:3000/php/api/router.php?action=get_nav_menu&property_slug=room-101
[2026-08-02T09:47:31.399Z] [950] GET http://localhost:3000/php/api/router.php?action=get_telegram_config&property_slug=room-101
[2026-08-02T09:47:31.429Z]     ↳ Response: 200 OK
[2026-08-02T09:47:31.445Z] [951] GET http://localhost:3000/php/api/router.php?action=get_property_modules&property_slug=room-101
[2026-08-02T09:47:31.457Z] [952] GET http://localhost:3000/php/api/router.php?action=get_nav_menu&property_slug=room-101
[2026-08-02T09:47:31.475Z] [953] GET http://localhost:3000/php/api/router.php?action=get_telegram_config&property_slug=room-101
[2026-08-02T09:47:31.691Z]     ↳ Response: 200 OK
[2026-08-02T09:47:31.700Z]     ↳ Response: 200 OK
[2026-08-02T09:47:31.795Z]     ↳ Response: 200 OK
[2026-08-02T09:47:31.907Z]     ↳ Response: 200 OK
[2026-08-02T09:47:32.377Z] [954] GET https://images.unsplash.com/photo-1534528741775-53994a69daeb?w=100&auto=format&fit=crop&q=80
[2026-08-02T09:47:32.383Z]     ↳ Response: 200 
[2026-08-02T09:47:32.393Z]     ↳ Response: 200 OK
[2026-08-02T09:47:32.410Z]     ↳ Response: 200 OK
[2026-08-02T09:47:32.630Z] [955] GET http://localhost:3000/php/api/router.php?action=get_property_modules&property_slug=room-101
[2026-08-02T09:47:32.638Z] [956] GET http://localhost:3000/php/api/router.php?action=get_telegram_config&property_slug=room-101
[2026-08-02T09:47:32.640Z] [957] GET http://localhost:3000/artists_farm/php/api/ical_sync.php?action=get_blocked_dates
[2026-08-02T09:47:32.650Z] [958] GET http://localhost:3000/php/api/router.php?action=get_system_settings
[2026-08-02T09:47:32.651Z] [959] GET http://localhost:3000/php/api/router.php?action=get_theme_settings
[2026-08-02T09:47:32.653Z] [960] GET http://localhost:3000/php/api/router.php?action=get_guests&property_slug=room-101
[2026-08-02T09:47:32.666Z] [961] GET http://localhost:3000/php/api/router.php?action=get_users&property_slug=room-101
[2026-08-02T09:47:32.668Z] [962] GET http://localhost:3000/php/api/router.php?action=get_attendance&property_slug=room-101
[2026-08-02T09:47:32.690Z] [963] GET http://localhost:3000/php/api/router.php?action=get_audit_logs&property_slug=room-101
[2026-08-02T09:47:32.708Z] [964] GET http://localhost:3000/php/api/router.php?action=get_receipts&property_slug=room-101
[2026-08-02T09:47:32.714Z] [965] GET http://localhost:3000/php/api/router.php?action=get_users&property_slug=room-101
[2026-08-02T09:47:32.715Z] [966] GET http://localhost:3000/php/api/router.php?action=get_nav_menu&property_slug=room-101
[2026-08-02T09:47:32.731Z] [967] GET http://localhost:3000/php/api/router.php?action=get_guests&property_slug=room-101
[2026-08-02T09:47:32.733Z] [968] GET http://localhost:3000/php/api/router.php?action=get_attendance&property_slug=room-101
[2026-08-02T09:47:32.740Z] [969] GET http://localhost:3000/php/api/router.php?action=get_audit_logs&property_slug=room-101
[2026-08-02T09:47:32.747Z] [970] GET http://localhost:3000/php/api/router.php?action=get_receipts&property_slug=room-101
[2026-08-02T09:47:32.751Z] [971] GET http://localhost:3000/php/api/router.php?action=get_misc_catalog&property_slug=room-101
[2026-08-02T09:47:32.757Z] [972] GET http://localhost:3000/php/api/router.php?action=get_petty_cash&property_slug=room-101
[2026-08-02T09:47:32.758Z] [973] GET http://localhost:3000/php/api/router.php?action=get_users&property_slug=room-101
[2026-08-02T09:47:32.773Z] [974] GET http://localhost:3000/php/api/router.php?action=get_attendance&property_slug=room-101
[2026-08-02T09:47:32.777Z] [975] GET http://localhost:3000/php/api/router.php?action=get_property_modules&property_slug=room-101
[2026-08-02T09:47:32.787Z] [976] GET http://localhost:3000/php/api/router.php?action=get_telegram_config&property_slug=room-101
[2026-08-02T09:47:32.794Z] [977] GET http://localhost:3000/artists_farm/php/api/ical_sync.php?action=get_blocked_dates
[2026-08-02T09:47:32.796Z] [978] GET http://localhost:3000/php/api/router.php?action=get_system_settings
[2026-08-02T09:47:32.801Z] [979] GET http://localhost:3000/php/api/router.php?action=get_theme_settings
[2026-08-02T09:47:32.807Z] [980] GET http://localhost:3000/php/api/router.php?action=get_guests&property_slug=room-101
[2026-08-02T09:47:32.821Z] [981] GET http://localhost:3000/php/api/router.php?action=get_users&property_slug=room-101
[2026-08-02T09:47:32.823Z] [982] GET http://localhost:3000/php/api/router.php?action=get_attendance&property_slug=room-101
[2026-08-02T09:47:32.831Z] [983] GET http://localhost:3000/php/api/router.php?action=get_audit_logs&property_slug=room-101
[2026-08-02T09:47:32.842Z] [984] GET http://localhost:3000/php/api/router.php?action=get_receipts&property_slug=room-101
[2026-08-02T09:47:33.176Z] [985] GET http://localhost:3000/php/api/router.php?action=get_users&property_slug=room-101
[2026-08-02T09:47:33.347Z] [986] GET http://localhost:3000/php/api/router.php?action=get_nav_menu&property_slug=room-101
[2026-08-02T09:47:33.360Z] [987] GET http://localhost:3000/php/api/router.php?action=get_guests&property_slug=room-101
[2026-08-02T09:47:33.376Z] [988] GET http://localhost:3000/php/api/router.php?action=get_attendance&property_slug=room-101
[2026-08-02T09:47:33.382Z] [989] GET http://localhost:3000/php/api/router.php?action=get_audit_logs&property_slug=room-101
[2026-08-02T09:47:33.389Z] [990] GET http://localhost:3000/php/api/router.php?action=get_receipts&property_slug=room-101
[2026-08-02T09:47:33.417Z] [991] GET http://localhost:3000/php/api/router.php?action=get_misc_catalog&property_slug=room-101
[2026-08-02T09:47:33.418Z] [992] GET http://localhost:3000/php/api/router.php?action=get_petty_cash&property_slug=room-101
[2026-08-02T09:47:33.446Z] [993] GET http://localhost:3000/php/api/router.php?action=get_users&property_slug=room-101
[2026-08-02T09:47:33.479Z] [994] GET http://localhost:3000/php/api/router.php?action=get_attendance&property_slug=room-101
[2026-08-02T09:47:33.548Z]     ↳ Response: 200 OK
[2026-08-02T09:47:33.946Z]     ↳ Response: 200 OK
[2026-08-02T09:47:33.974Z]     ↳ Response: 200 OK
[2026-08-02T09:47:33.980Z]     ↳ Response: 200 OK
[2026-08-02T09:47:33.990Z]     ↳ Response: 200 OK
[2026-08-02T09:47:33.995Z]     ↳ Response: 200 OK
[2026-08-02T09:47:34.007Z]     ↳ Response: 200 OK
[2026-08-02T09:47:34.014Z]     ↳ Response: 200 OK
[2026-08-02T09:47:34.024Z]     ↳ Response: 200 OK
[2026-08-02T09:47:34.031Z]     ↳ Response: 200 OK
[2026-08-02T09:47:34.042Z]     ↳ Response: 200 OK
[2026-08-02T09:47:34.049Z]     ↳ Response: 200 OK
[2026-08-02T09:47:34.058Z]     ↳ Response: 200 OK
[2026-08-02T09:47:34.091Z]     ↳ Response: 200 OK
[2026-08-02T09:47:34.096Z]     ↳ Response: 200 OK
[2026-08-02T09:47:34.100Z]     ↳ Response: 200 OK
[2026-08-02T09:47:34.108Z]     ↳ Response: 200 OK
[2026-08-02T09:47:34.115Z]     ↳ Response: 200 OK
[2026-08-02T09:47:34.183Z]     ↳ Response: 200 OK
[2026-08-02T09:47:34.202Z]     ↳ Response: 200 OK
[2026-08-02T09:47:34.210Z]     ↳ Response: 200 OK
[2026-08-02T09:47:34.647Z]     ↳ Response: 200 OK
[2026-08-02T09:47:34.894Z]     ↳ Response: 200 OK
[2026-08-02T09:47:34.902Z]     ↳ Response: 200 OK
[2026-08-02T09:47:34.912Z]     ↳ Response: 200 OK
[2026-08-02T09:47:34.913Z]     ↳ Response: 200 OK
[2026-08-02T09:47:34.924Z]     ↳ Response: 200 OK
[2026-08-02T09:47:34.928Z]     ↳ Response: 200 OK
[2026-08-02T09:47:34.932Z]     ↳ Response: 200 OK
[2026-08-02T09:47:34.941Z]     ↳ Response: 200 OK
[2026-08-02T09:47:34.946Z]     ↳ Response: 200 OK
[2026-08-02T09:47:35.150Z]     ↳ Response: 200 OK
[2026-08-02T09:47:35.158Z]     ↳ Response: 200 OK
[2026-08-02T09:47:35.173Z]     ↳ Response: 200 OK
[2026-08-02T09:47:35.471Z]     ↳ Response: 200 OK
[2026-08-02T09:47:35.475Z]     ↳ Response: 200 OK
[2026-08-02T09:47:35.486Z]     ↳ Response: 200 OK
[2026-08-02T09:47:35.495Z]     ↳ Response: 200 OK
[2026-08-02T09:47:36.197Z]     ↳ Response: 200 OK
[2026-08-02T09:47:36.205Z]     ↳ Response: 200 OK
[2026-08-02T09:51:35.767Z] [995] GET http://localhost:3000/src/components/Header.tsx?t=1785664295742
[2026-08-02T09:51:35.768Z] [996] GET http://localhost:3000/src/index.css?t=1785664295742
[2026-08-02T09:51:36.380Z]     ↳ Response: 200 OK
[2026-08-02T09:51:36.402Z]     ↳ Response: 200 OK
[2026-08-02T09:51:45.645Z] [997] GET http://localhost:3000/src/components/Header.tsx?t=1785664305621
[2026-08-02T09:51:45.646Z] [998] GET http://localhost:3000/src/index.css?t=1785664305621
[2026-08-02T09:51:45.924Z]     ↳ Response: 200 OK
[2026-08-02T09:51:45.925Z]     ↳ Response: 200 OK
[2026-08-02T09:51:55.483Z] [999] GET http://localhost:3000/src/components/Header.tsx?t=1785664315451
[2026-08-02T09:51:55.498Z] [1000] GET http://localhost:3000/src/index.css?t=1785664315451
[2026-08-02T09:51:55.813Z]     ↳ Response: 200 OK
[2026-08-02T09:51:55.818Z]     ↳ Response: 200 OK
[2026-08-02T09:52:12.743Z] [1001] GET http://localhost:3000/src/App.tsx?t=1785664332748
[2026-08-02T09:52:12.760Z] [1002] GET http://localhost:3000/src/index.css?t=1785664332748
[2026-08-02T09:52:13.149Z]     ↳ Response: 200 OK
[2026-08-02T09:52:13.186Z]     ↳ Response: 200 OK
[2026-08-02T09:52:16.950Z] [1003] GET http://localhost:3000/artists_farm/php/api/ical_sync.php?action=get_blocked_dates
[2026-08-02T09:52:16.997Z] [1004] GET http://localhost:3000/artists_farm/php/api/ical_sync.php?action=get_blocked_dates
[2026-08-02T09:52:17.099Z]     ↳ Response: 200 OK
[2026-08-02T09:52:17.107Z]     ↳ Response: 200 OK
[2026-08-02T09:52:18.185Z] [1005] GET http://localhost:3000/artists_farm/php/api/ical_sync.php?action=get_blocked_dates
[2026-08-02T09:52:18.234Z] [1006] GET http://localhost:3000/artists_farm/php/api/ical_sync.php?action=get_blocked_dates
[2026-08-02T09:52:18.339Z]     ↳ Response: 200 OK
[2026-08-02T09:52:18.463Z]     ↳ Response: 200 OK
[2026-08-02T09:52:29.089Z] [1007] GET http://localhost:3000/src/App.tsx?t=1785664349099
[2026-08-02T09:52:29.094Z] [1008] GET http://localhost:3000/src/index.css?t=1785664349099
[2026-08-02T09:52:29.393Z]     ↳ Response: 200 OK
[2026-08-02T09:52:29.396Z]     ↳ Response: 200 OK
[2026-08-02T09:52:29.640Z] [1009] GET http://localhost:3000/php/api/router.php?action=get_property_modules&property_slug=room-101
[2026-08-02T09:52:29.765Z] [1010] GET http://localhost:3000/php/api/router.php?action=get_telegram_config&property_slug=room-101
[2026-08-02T09:52:29.823Z] [1011] GET http://localhost:3000/artists_farm/php/api/ical_sync.php?action=get_blocked_dates
[2026-08-02T09:52:29.848Z] [1012] GET http://localhost:3000/php/api/router.php?action=get_system_settings
[2026-08-02T09:52:29.855Z] [1013] GET http://localhost:3000/php/api/router.php?action=get_theme_settings
[2026-08-02T09:52:29.891Z] [1014] GET http://localhost:3000/php/api/router.php?action=get_guests&property_slug=room-101
[2026-08-02T09:52:29.898Z] [1015] GET http://localhost:3000/php/api/router.php?action=get_users&property_slug=room-101
[2026-08-02T09:52:29.907Z] [1016] GET http://localhost:3000/php/api/router.php?action=get_attendance&property_slug=room-101
[2026-08-02T09:52:29.922Z] [1017] GET http://localhost:3000/php/api/router.php?action=get_audit_logs&property_slug=room-101
[2026-08-02T09:52:29.929Z] [1018] GET http://localhost:3000/php/api/router.php?action=get_receipts&property_slug=room-101
[2026-08-02T09:52:29.938Z] [1019] GET http://localhost:3000/php/api/router.php?action=get_users&property_slug=room-101
[2026-08-02T09:52:29.985Z] [1020] GET http://localhost:3000/php/api/router.php?action=get_nav_menu&property_slug=room-101
[2026-08-02T09:52:30.010Z] [1021] GET http://localhost:3000/php/api/router.php?action=get_guests&property_slug=room-101
[2026-08-02T09:52:30.018Z] [1022] GET http://localhost:3000/php/api/router.php?action=get_attendance&property_slug=room-101
[2026-08-02T09:52:30.034Z] [1023] GET http://localhost:3000/php/api/router.php?action=get_audit_logs&property_slug=room-101
[2026-08-02T09:52:30.056Z] [1024] GET http://localhost:3000/php/api/router.php?action=get_receipts&property_slug=room-101
[2026-08-02T09:52:30.088Z]     ↳ Response: 200 OK
[2026-08-02T09:52:30.149Z]     ↳ Response: 200 OK
[2026-08-02T09:52:30.266Z]     ↳ Response: 200 OK
[2026-08-02T09:52:30.440Z]     ↳ Response: 200 OK
[2026-08-02T09:52:30.662Z]     ↳ Response: 200 OK
[2026-08-02T09:52:31.098Z]     ↳ Response: 200 OK
[2026-08-02T09:52:31.178Z]     ↳ Response: 200 OK
[2026-08-02T09:52:31.572Z]     ↳ Response: 200 OK
[2026-08-02T09:52:31.893Z]     ↳ Response: 200 OK
[2026-08-02T09:52:32.059Z]     ↳ Response: 200 OK
[2026-08-02T09:52:32.086Z]     ↳ Response: 200 OK
[2026-08-02T09:52:32.166Z]     ↳ Response: 200 OK
[2026-08-02T09:52:32.174Z]     ↳ Response: 200 OK
[2026-08-02T09:52:32.178Z]     ↳ Response: 200 OK
[2026-08-02T09:52:32.233Z]     ↳ Response: 200 OK
[2026-08-02T09:52:32.241Z]     ↳ Response: 200 OK
[2026-08-02T09:52:39.414Z] [1025] GET http://localhost:3000/php/api/router.php?action=get_misc_catalog
[2026-08-02T09:52:39.415Z] [1026] GET http://localhost:3000/php/api/router.php?action=get_misc_catalog
[2026-08-02T09:52:39.776Z]     ↳ Response: 200 OK
[2026-08-02T09:52:40.262Z]     ↳ Response: 200 OK
[2026-08-02T09:53:45.369Z] [1027] GET http://localhost:3000/src/App.tsx?t=1785664425367
[2026-08-02T09:53:45.392Z] [1028] GET http://localhost:3000/src/index.css?t=1785664425367
[2026-08-02T09:53:45.976Z]     ↳ Response: 200 OK
[2026-08-02T09:53:45.989Z]     ↳ Response: 200 OK
[2026-08-02T09:54:04.653Z] [1029] GET http://localhost:3000/src/App.tsx?t=1785664444565
[2026-08-02T09:54:04.654Z] [1030] GET http://localhost:3000/src/index.css?t=1785664444565
[2026-08-02T09:54:05.289Z]     ↳ Response: 200 OK
[2026-08-02T09:54:05.319Z]     ↳ Response: 200 OK
[2026-08-02T09:54:05.332Z] [1031] GET http://localhost:3000/src/components/DemoDataModal.tsx
[2026-08-02T09:54:05.389Z]     ↳ Response: 200 OK
[2026-08-02T09:54:06.165Z] [1032] GET http://localhost:3000/php/api/router.php?action=get_misc_catalog
[2026-08-02T09:54:06.169Z] [1033] GET http://localhost:3000/php/api/router.php?action=get_misc_catalog
[2026-08-02T09:54:07.480Z]     ↳ Response: 200 OK
[2026-08-02T09:54:07.486Z]     ↳ Response: 200 OK
[2026-08-02T09:57:28.686Z] [1034] GET http://localhost:3000/artists_farm/vrikshawan/room-101/
[2026-08-02T09:57:29.286Z]     ↳ Response: 200 OK
[2026-08-02T09:57:29.313Z] [1035] GET http://localhost:3000/@vite/client
[2026-08-02T09:57:29.320Z] [1036] GET http://localhost:3000/src/main.tsx?t=1785664647739
[2026-08-02T09:57:29.339Z] [1037] GET http://localhost:3000/@react-refresh
[2026-08-02T09:57:29.428Z]     ↳ Response: 304 Not Modified
[2026-08-02T09:57:29.508Z]     ↳ Response: 304 Not Modified
[2026-08-02T09:57:29.553Z]     ↳ Response: 304 Not Modified
[2026-08-02T09:57:29.596Z] [1038] GET http://localhost:3000/node_modules/vite/dist/client/env.mjs
[2026-08-02T09:57:29.656Z] [1039] GET http://localhost:3000/node_modules/.vite/deps/react.js?v=647194ca
[2026-08-02T09:57:29.684Z]     ↳ Response: 200 OK
[2026-08-02T09:57:29.717Z] [1040] GET http://localhost:3000/node_modules/.vite/deps/react-dom_client.js?v=40766d9c
[2026-08-02T09:57:29.812Z] [1041] GET http://localhost:3000/src/App.tsx?t=1785664444565
[2026-08-02T09:57:29.848Z] [1042] GET http://localhost:3000/src/index.css?t=1785664647739
[2026-08-02T09:57:29.929Z] [1043] GET http://localhost:3000/src/utils/telescopeLogger.ts
[2026-08-02T09:57:29.980Z] [1044] GET http://localhost:3000/node_modules/.vite/deps/react_jsx-dev-runtime.js?v=647194ca
[2026-08-02T09:57:30.000Z] [1045] GET http://localhost:3000/node_modules/.vite/deps/rolldown-runtime-B-1-B7_t.js?v=9329134a
[2026-08-02T09:57:30.017Z]     ↳ Response: 200 OK
[2026-08-02T09:57:30.123Z]     ↳ Response: 200 OK
[2026-08-02T09:57:30.144Z] [1046] GET http://localhost:3000/src/components/Header.tsx?t=1785664315451
[2026-08-02T09:57:30.167Z] [1047] GET http://localhost:3000/src/components/Navigation.tsx?t=1785663588215
[2026-08-02T09:57:30.208Z] [1048] GET http://localhost:3000/src/components/OperationalDashboard.tsx?t=1785654087699
[2026-08-02T09:57:30.264Z] [1049] GET http://localhost:3000/src/components/GuestManagement.tsx?t=1785654087699
[2026-08-02T09:57:30.312Z] [1050] GET http://localhost:3000/src/components/KitchenManagement.tsx?t=1785654087699
[2026-08-02T09:57:30.346Z] [1051] GET http://localhost:3000/src/components/InventoryManagement.tsx?t=1785654087699
[2026-08-02T09:57:30.364Z] [1052] GET http://localhost:3000/src/components/PettyCashManagement.tsx?t=1785654087699
[2026-08-02T09:57:30.373Z] [1053] GET http://localhost:3000/src/components/CashDrawerManager.tsx?t=1785654087699
[2026-08-02T09:57:30.397Z] [1054] GET http://localhost:3000/src/components/ExpenseItemsManagement.tsx?t=1785612846419
[2026-08-02T09:57:30.458Z] [1055] GET http://localhost:3000/src/components/StaffManagement.tsx?t=1785654087699
[2026-08-02T09:57:30.495Z] [1056] GET http://localhost:3000/src/components/AnalyticsDashboard.tsx?t=1785654087699
[2026-08-02T09:57:30.535Z] [1057] GET http://localhost:3000/src/components/AuditLogsView.tsx
[2026-08-02T09:57:30.569Z] [1058] GET http://localhost:3000/src/components/DataExportCenter.tsx?t=1785654087699
[2026-08-02T09:57:30.656Z] [1059] GET http://localhost:3000/src/components/MenuManager.tsx?t=1785654087699
[2026-08-02T09:57:30.749Z] [1060] GET http://localhost:3000/src/components/MiscChargesManagement.tsx?t=1785654087699
[2026-08-02T09:57:30.874Z] [1061] GET http://localhost:3000/src/components/ICalSyncManager.tsx?t=1785654087699
[2026-08-02T09:57:30.981Z] [1062] GET http://localhost:3000/src/components/TelegramNotificationModal.tsx?t=1785654087699
[2026-08-02T09:57:31.132Z] [1063] GET http://localhost:3000/src/components/DemoDataModal.tsx
[2026-08-02T09:57:31.236Z] [1064] GET http://localhost:3000/src/components/GlobalModal.tsx
[2026-08-02T09:57:31.282Z] [1065] GET http://localhost:3000/src/components/ToastContext.tsx
[2026-08-02T09:57:31.333Z] [1066] GET http://localhost:3000/src/components/LoginModal.tsx?t=1785654087699
[2026-08-02T09:57:31.367Z] [1067] GET http://localhost:3000/src/contexts/StaffContext.tsx?t=1785654087699
[2026-08-02T09:57:31.393Z] [1068] GET http://localhost:3000/src/contexts/AuthContext.tsx?t=1785654087699
[2026-08-02T09:57:31.442Z] [1069] GET http://localhost:3000/src/contexts/FinanceContext.tsx?t=1785654087699
[2026-08-02T09:57:31.459Z] [1070] GET http://localhost:3000/src/contexts/InventoryContext.tsx?t=1785654087699
[2026-08-02T09:57:31.481Z] [1071] GET http://localhost:3000/src/contexts/KitchenContext.tsx?t=1785654087699
[2026-08-02T09:57:31.509Z] [1072] GET http://localhost:3000/src/utils/clientInfo.ts
[2026-08-02T09:57:31.524Z] [1073] GET http://localhost:3000/src/data/appConfig.ts
[2026-08-02T09:57:31.549Z] [1074] GET http://localhost:3000/src/services/themeService.ts
[2026-08-02T09:57:31.563Z] [1075] GET http://localhost:3000/src/services/api.ts?t=1785654087699
[2026-08-02T09:57:31.580Z] [1076] GET http://localhost:3000/src/contexts/ConfigurationDataContext.tsx?t=1785654087699
[2026-08-02T09:57:31.601Z] [1077] GET http://localhost:3000/src/contexts/ModulesContext.tsx?t=1785654087699
[2026-08-02T09:57:31.610Z] [1078] GET http://localhost:3000/src/components/DataLoader.tsx?t=1785654087699
[2026-08-02T09:57:31.622Z] [1079] GET http://localhost:3000/src/components/LoadingScreen.tsx
[2026-08-02T09:57:31.641Z] [1080] GET http://localhost:3000/src/components/LoginPage.tsx
[2026-08-02T09:57:31.672Z] [1081] GET http://localhost:3000/src/components/PlatformPropertyManagement.tsx?t=1785658778613
[2026-08-02T09:57:31.816Z] [1082] GET http://localhost:3000/src/components/TenantDashboard.tsx
[2026-08-02T09:57:31.880Z] [1083] GET http://localhost:3000/src/components/RootAdminDashboard.tsx?t=1785660212018
[2026-08-02T09:57:31.890Z] [1084] GET http://localhost:3000/src/components/MultiKeyPropertyOverview.tsx?t=1785654087699
[2026-08-02T09:57:31.906Z]     ↳ Response: 200 OK
[2026-08-02T09:57:31.911Z]     ↳ Response: 200 OK
[2026-08-02T09:57:31.917Z]     ↳ Response: 200 OK
[2026-08-02T09:57:31.924Z]     ↳ Response: 200 OK
[2026-08-02T09:57:31.942Z]     ↳ Response: 200 OK
[2026-08-02T09:57:31.947Z] [1085] GET http://localhost:3000/node_modules/.vite/deps/lucide-react.js?v=907c0d96
[2026-08-02T09:57:31.951Z]     ↳ Response: 200 OK
[2026-08-02T09:57:31.956Z] [1086] GET http://localhost:3000/src/utils/iconResolver.tsx
[2026-08-02T09:57:31.959Z] [1087] GET http://localhost:3000/src/components/MultiKeyRoomDrawer.tsx?t=1785581097901
[2026-08-02T09:57:31.966Z]     ↳ Response: 200 OK
[2026-08-02T09:57:31.967Z]     ↳ Response: 200 OK
[2026-08-02T09:57:31.969Z] [1088] GET http://localhost:3000/node_modules/.vite/deps/html-to-image.js?v=8ba12c37
[2026-08-02T09:57:31.970Z] [1089] GET http://localhost:3000/src/components/DateRangePicker.tsx?t=1785538574357
[2026-08-02T09:57:31.976Z] [1090] GET http://localhost:3000/src/components/BillingCheckout.tsx?t=1785584077754
[2026-08-02T09:57:32.055Z]     ↳ Response: 200 OK
[2026-08-02T09:57:32.103Z] [1091] GET http://localhost:3000/node_modules/.vite/deps/react-dom.js?v=647194ca
[2026-08-02T09:57:32.127Z]     ↳ Response: 200 OK
[2026-08-02T09:57:32.142Z] [1092] GET http://localhost:3000/src/components/SearchableSelect.tsx
[2026-08-02T09:57:32.163Z] [1093] GET http://localhost:3000/node_modules/.vite/deps/react-data-table-component.js?v=de6c4fcd
[2026-08-02T09:57:32.184Z]     ↳ Response: 200 OK
[2026-08-02T09:57:32.194Z]     ↳ Response: 200 OK
[2026-08-02T09:57:32.197Z]     ↳ Response: 200 OK
[2026-08-02T09:57:32.203Z]     ↳ Response: 200 OK
[2026-08-02T09:57:32.208Z]     ↳ Response: 200 OK
[2026-08-02T09:57:32.215Z]     ↳ Response: 200 OK
[2026-08-02T09:57:32.220Z] [1094] GET http://localhost:3000/node_modules/.vite/deps/react-apexcharts.js?v=a1c1290a
[2026-08-02T09:57:32.223Z]     ↳ Response: 200 OK
[2026-08-02T09:57:32.226Z]     ↳ Response: 200 OK
[2026-08-02T09:57:32.231Z]     ↳ Response: 200 OK
[2026-08-02T09:57:32.236Z]     ↳ Response: 200 OK
[2026-08-02T09:57:32.241Z] [1095] GET http://localhost:3000/src/components/NavMenuEditor.tsx?t=1785654087699
[2026-08-02T09:57:32.246Z]     ↳ Response: 200 OK
[2026-08-02T09:57:32.251Z]     ↳ Response: 200 OK
[2026-08-02T09:57:32.256Z]     ↳ Response: 200 OK
[2026-08-02T09:57:32.261Z] [1096] GET http://localhost:3000/src/components/TelegramConnectionSettings.tsx
[2026-08-02T09:57:32.264Z]     ↳ Response: 200 OK
[2026-08-02T09:57:32.277Z]     ↳ Response: 200 OK
[2026-08-02T09:57:32.279Z]     ↳ Response: 200 OK
[2026-08-02T09:57:32.282Z]     ↳ Response: 200 OK
[2026-08-02T09:57:32.287Z]     ↳ Response: 200 OK
[2026-08-02T09:57:32.294Z]     ↳ Response: 200 OK
[2026-08-02T09:57:32.299Z]     ↳ Response: 200 OK
[2026-08-02T09:57:32.304Z]     ↳ Response: 200 OK
[2026-08-02T09:57:32.310Z]     ↳ Response: 200 OK
[2026-08-02T09:57:32.331Z]     ↳ Response: 200 OK
[2026-08-02T09:57:32.369Z]     ↳ Response: 200 OK
[2026-08-02T09:57:32.463Z]     ↳ Response: 200 OK
[2026-08-02T09:57:32.481Z]     ↳ Response: 200 OK
[2026-08-02T09:57:32.497Z]     ↳ Response: 200 OK
[2026-08-02T09:57:32.511Z]     ↳ Response: 200 OK
[2026-08-02T09:57:32.532Z]     ↳ Response: 200 OK
[2026-08-02T09:57:32.553Z] [1097] GET http://localhost:3000/src/components/InvalidPropertyPage.tsx
[2026-08-02T09:57:32.560Z]     ↳ Response: 200 OK
[2026-08-02T09:57:32.598Z]     ↳ Response: 200 OK
[2026-08-02T09:57:32.613Z]     ↳ Response: 200 OK
[2026-08-02T09:57:32.635Z] [1098] GET http://localhost:3000/src/components/AppearanceSettings.tsx?t=1785660212018
[2026-08-02T09:57:32.648Z] [1099] GET http://localhost:3000/src/components/DefaultExpensesManager.tsx?t=1785590582041
[2026-08-02T09:57:32.660Z]     ↳ Response: 200 OK
[2026-08-02T09:57:32.674Z] [1100] GET http://localhost:3000/src/components/ToggleSwitch.tsx
[2026-08-02T09:57:32.683Z]     ↳ Response: 200 OK
[2026-08-02T09:57:32.700Z]     ↳ Response: 200 OK
[2026-08-02T09:57:32.707Z]     ↳ Response: 200 OK
[2026-08-02T09:57:32.717Z]     ↳ Response: 200 OK
[2026-08-02T09:57:32.725Z]     ↳ Response: 200 OK
[2026-08-02T09:57:32.733Z]     ↳ Response: 200 OK
[2026-08-02T09:57:32.744Z]     ↳ Response: 200 OK
[2026-08-02T09:57:32.753Z]     ↳ Response: 200 OK
[2026-08-02T09:57:32.766Z]     ↳ Response: 200 OK
[2026-08-02T09:57:32.773Z]     ↳ Response: 200 OK
[2026-08-02T09:57:32.779Z]     ↳ Response: 200 OK
[2026-08-02T09:57:32.790Z] [1101] GET http://localhost:3000/node_modules/.vite/deps/sortablejs.js?v=bff2b989
[2026-08-02T09:57:32.799Z]     ↳ Response: 200 OK
[2026-08-02T09:57:32.811Z]     ↳ Response: 200 OK
[2026-08-02T09:57:32.836Z]     ↳ Response: 200 OK
[2026-08-02T09:57:32.858Z] [1102] GET http://localhost:3000/src/components/ThemeManagement.tsx
[2026-08-02T09:57:32.876Z] [1103] GET http://localhost:3000/src/components/CustomCSSOverride.tsx
[2026-08-02T09:57:32.906Z]     ↳ Response: 200 OK
[2026-08-02T09:57:32.929Z]     ↳ Response: 200 OK
[2026-08-02T09:57:32.949Z]     ↳ Response: 200 OK
[2026-08-02T09:57:32.955Z]     ↳ Response: 200 OK
[2026-08-02T09:57:32.961Z]     ↳ Response: 200 OK
[2026-08-02T09:57:32.973Z]     ↳ Response: 200 OK
[2026-08-02T09:57:33.599Z] [1104] GET http://localhost:3000/php/api/router.php?action=get_current_property&property_slug=room-101
[2026-08-02T09:57:33.611Z] [1105] GET http://localhost:3000/php/api/router.php?action=get_current_property&property_slug=room-101
[2026-08-02T09:57:33.850Z] [1106] GET http://localhost:3000/icons/favicon-32x32.png
[2026-08-02T09:57:38.424Z]     ↳ Response: 200 OK
[2026-08-02T09:57:38.425Z]     ↳ Response: 200 OK
[2026-08-02T09:57:38.549Z] [1107] GET http://localhost:3000/php/api/router.php?action=get_property_modules&property_slug=room-101
[2026-08-02T09:57:38.550Z] [1108] GET http://localhost:3000/php/api/router.php?action=get_nav_menu&property_slug=room-101
[2026-08-02T09:57:38.557Z] [1109] GET http://localhost:3000/php/api/router.php?action=get_telegram_config&property_slug=room-101
[2026-08-02T09:57:38.565Z] [1110] GET http://localhost:3000/php/api/router.php?action=get_property_modules&property_slug=room-101
[2026-08-02T09:57:38.573Z] [1111] GET http://localhost:3000/php/api/router.php?action=get_nav_menu&property_slug=room-101
[2026-08-02T09:57:38.581Z] [1112] GET http://localhost:3000/php/api/router.php?action=get_telegram_config&property_slug=room-101
[2026-08-02T09:57:38.589Z]     ↳ Response: 200 OK
[2026-08-02T09:57:39.055Z] [1113] GET https://images.unsplash.com/photo-1534528741775-53994a69daeb?w=100&auto=format&fit=crop&q=80
[2026-08-02T09:57:39.057Z]     ↳ Response: 200 OK
[2026-08-02T09:57:39.060Z]     ↳ Response: 200 OK
[2026-08-02T09:57:41.603Z] [1114] GET http://localhost:3000/php/api/router.php?action=get_property_modules&property_slug=room-101
[2026-08-02T09:57:41.604Z] [1115] GET http://localhost:3000/php/api/router.php?action=get_telegram_config&property_slug=room-101
[2026-08-02T09:57:41.610Z] [1116] GET http://localhost:3000/php/api/router.php?action=get_misc_catalog
[2026-08-02T09:57:41.613Z] [1117] GET http://localhost:3000/php/api/router.php?action=get_system_settings
[2026-08-02T09:57:41.615Z] [1118] GET http://localhost:3000/php/api/router.php?action=get_theme_settings
[2026-08-02T09:57:41.620Z] [1119] GET http://localhost:3000/php/api/router.php?action=get_guests&property_slug=room-101
[2026-08-02T09:57:41.628Z] [1120] GET http://localhost:3000/php/api/router.php?action=get_users&property_slug=room-101
[2026-08-02T09:57:41.629Z] [1121] GET http://localhost:3000/php/api/router.php?action=get_attendance&property_slug=room-101
[2026-08-02T09:57:41.633Z] [1122] GET http://localhost:3000/php/api/router.php?action=get_audit_logs&property_slug=room-101
[2026-08-02T09:57:41.637Z] [1123] GET http://localhost:3000/php/api/router.php?action=get_receipts&property_slug=room-101
[2026-08-02T09:57:41.640Z] [1124] GET http://localhost:3000/php/api/router.php?action=get_users&property_slug=room-101
[2026-08-02T09:57:41.643Z] [1125] GET http://localhost:3000/php/api/router.php?action=get_nav_menu&property_slug=room-101
[2026-08-02T09:57:41.645Z] [1126] GET http://localhost:3000/php/api/router.php?action=get_guests&property_slug=room-101
[2026-08-02T09:57:41.654Z] [1127] GET http://localhost:3000/php/api/router.php?action=get_attendance&property_slug=room-101
[2026-08-02T09:57:41.655Z] [1128] GET http://localhost:3000/php/api/router.php?action=get_audit_logs&property_slug=room-101
[2026-08-02T09:57:41.658Z] [1129] GET http://localhost:3000/php/api/router.php?action=get_receipts&property_slug=room-101
[2026-08-02T09:57:41.661Z] [1130] GET http://localhost:3000/php/api/router.php?action=get_misc_catalog&property_slug=room-101
[2026-08-02T09:57:41.668Z] [1131] GET http://localhost:3000/php/api/router.php?action=get_petty_cash&property_slug=room-101
[2026-08-02T09:57:41.670Z] [1132] GET http://localhost:3000/php/api/router.php?action=get_users&property_slug=room-101
[2026-08-02T09:57:41.674Z] [1133] GET http://localhost:3000/php/api/router.php?action=get_attendance&property_slug=room-101
[2026-08-02T09:57:41.681Z] [1134] GET http://localhost:3000/php/api/router.php?action=get_property_modules&property_slug=room-101
[2026-08-02T09:57:41.682Z] [1135] GET http://localhost:3000/php/api/router.php?action=get_telegram_config&property_slug=room-101
[2026-08-02T09:57:41.687Z] [1136] GET http://localhost:3000/php/api/router.php?action=get_misc_catalog
[2026-08-02T09:57:41.690Z] [1137] GET http://localhost:3000/php/api/router.php?action=get_system_settings
[2026-08-02T09:57:41.697Z] [1138] GET http://localhost:3000/php/api/router.php?action=get_theme_settings
[2026-08-02T09:57:41.698Z] [1139] GET http://localhost:3000/php/api/router.php?action=get_guests&property_slug=room-101
[2026-08-02T09:57:41.702Z] [1140] GET http://localhost:3000/php/api/router.php?action=get_users&property_slug=room-101
[2026-08-02T09:57:41.705Z] [1141] GET http://localhost:3000/php/api/router.php?action=get_attendance&property_slug=room-101
[2026-08-02T09:57:41.708Z] [1142] GET http://localhost:3000/php/api/router.php?action=get_audit_logs&property_slug=room-101
[2026-08-02T09:57:41.711Z] [1143] GET http://localhost:3000/php/api/router.php?action=get_receipts&property_slug=room-101
[2026-08-02T09:57:41.713Z] [1144] GET http://localhost:3000/php/api/router.php?action=get_users&property_slug=room-101
[2026-08-02T09:57:41.716Z] [1145] GET http://localhost:3000/php/api/router.php?action=get_nav_menu&property_slug=room-101
[2026-08-02T09:57:41.727Z] [1146] GET http://localhost:3000/php/api/router.php?action=get_guests&property_slug=room-101
[2026-08-02T09:57:41.728Z] [1147] GET http://localhost:3000/php/api/router.php?action=get_attendance&property_slug=room-101
[2026-08-02T09:57:41.737Z] [1148] GET http://localhost:3000/php/api/router.php?action=get_audit_logs&property_slug=room-101
[2026-08-02T09:57:41.738Z] [1149] GET http://localhost:3000/php/api/router.php?action=get_receipts&property_slug=room-101
[2026-08-02T09:57:41.741Z] [1150] GET http://localhost:3000/php/api/router.php?action=get_misc_catalog&property_slug=room-101
[2026-08-02T09:57:41.745Z] [1151] GET http://localhost:3000/php/api/router.php?action=get_petty_cash&property_slug=room-101
[2026-08-02T09:57:41.753Z] [1152] GET http://localhost:3000/php/api/router.php?action=get_users&property_slug=room-101
[2026-08-02T09:57:41.754Z] [1153] GET http://localhost:3000/php/api/router.php?action=get_attendance&property_slug=room-101
[2026-08-02T09:57:41.763Z]     ↳ Response: 200 
[2026-08-02T09:57:41.764Z]     ↳ Response: 200 OK
[2026-08-02T09:57:41.767Z]     ↳ Response: 200 OK
[2026-08-02T09:57:41.770Z]     ↳ Response: 200 OK
[2026-08-02T09:57:41.783Z]     ↳ Response: 200 OK
[2026-08-02T09:57:41.784Z]     ↳ Response: 200 OK
[2026-08-02T09:57:41.790Z]     ↳ Response: 200 OK
[2026-08-02T09:57:41.794Z]     ↳ Response: 200 OK
[2026-08-02T09:57:41.799Z]     ↳ Response: 200 OK
[2026-08-02T09:57:41.800Z]     ↳ Response: 200 OK
[2026-08-02T09:57:41.803Z]     ↳ Response: 200 OK
[2026-08-02T09:57:41.810Z]     ↳ Response: 200 OK
[2026-08-02T09:57:41.811Z]     ↳ Response: 200 OK
[2026-08-02T09:57:41.820Z]     ↳ Response: 200 OK
[2026-08-02T09:57:41.821Z]     ↳ Response: 200 OK
[2026-08-02T09:57:41.827Z]     ↳ Response: 200 OK
[2026-08-02T09:57:41.831Z]     ↳ Response: 200 OK
[2026-08-02T09:57:41.838Z]     ↳ Response: 200 OK
[2026-08-02T09:57:41.839Z]     ↳ Response: 200 OK
[2026-08-02T09:57:41.842Z]     ↳ Response: 200 OK
[2026-08-02T09:57:41.849Z]     ↳ Response: 200 OK
[2026-08-02T09:57:41.854Z]     ↳ Response: 200 OK
[2026-08-02T09:57:41.858Z]     ↳ Response: 200 OK
[2026-08-02T09:57:41.873Z]     ↳ Response: 200 OK
[2026-08-02T09:57:41.877Z]     ↳ Response: 200 OK
[2026-08-02T09:57:41.882Z]     ↳ Response: 200 OK
[2026-08-02T09:57:41.889Z]     ↳ Response: 200 OK
[2026-08-02T09:57:41.894Z]     ↳ Response: 200 OK
[2026-08-02T09:57:41.895Z]     ↳ Response: 200 OK
[2026-08-02T09:57:41.907Z]     ↳ Response: 200 OK
[2026-08-02T09:57:41.913Z]     ↳ Response: 200 OK
[2026-08-02T09:57:42.052Z]     ↳ Response: 200 OK
[2026-08-02T09:57:42.059Z]     ↳ Response: 200 OK
[2026-08-02T09:57:42.065Z]     ↳ Response: 200 OK
[2026-08-02T09:57:43.954Z]     ↳ Response: 200 OK
[2026-08-02T09:57:43.963Z]     ↳ Response: 200 OK
[2026-08-02T09:57:43.964Z]     ↳ Response: 200 OK
[2026-08-02T09:57:43.973Z]     ↳ Response: 200 OK
[2026-08-02T09:57:43.979Z]     ↳ Response: 200 OK
[2026-08-02T09:57:43.985Z]     ↳ Response: 200 OK
[2026-08-02T09:57:43.991Z]     ↳ Response: 200 OK
[2026-08-02T09:57:43.996Z]     ↳ Response: 200 OK
[2026-08-02T09:57:44.001Z]     ↳ Response: 200 OK
[2026-08-02T09:57:44.002Z]     ↳ Response: 200 OK
[2026-08-02T09:57:44.010Z]     ↳ Response: 200 OK
[2026-08-02T09:59:08.671Z] [1154] GET http://localhost:3000/artists_farm/vrikshawan/room-101/
[2026-08-02T09:59:08.972Z]     ↳ Response: 200 OK
[2026-08-02T09:59:09.024Z] [1155] GET http://localhost:3000/@vite/client
[2026-08-02T09:59:09.039Z] [1156] GET http://localhost:3000/src/main.tsx?t=1785664748495
[2026-08-02T09:59:09.042Z] [1157] GET http://localhost:3000/@react-refresh
[2026-08-02T09:59:09.429Z]     ↳ Response: 200 OK
[2026-08-02T09:59:09.454Z] [1158] GET http://localhost:3000/node_modules/.vite/deps/react.js?v=647194ca
[2026-08-02T09:59:09.553Z] [1159] GET http://localhost:3000/node_modules/.vite/deps/react-dom_client.js?v=40766d9c
[2026-08-02T09:59:09.652Z] [1160] GET http://localhost:3000/src/App.tsx?t=1785664444565
[2026-08-02T09:59:09.749Z] [1161] GET http://localhost:3000/src/index.css?t=1785664748495
[2026-08-02T09:59:09.898Z] [1162] GET http://localhost:3000/src/utils/telescopeLogger.ts
[2026-08-02T09:59:10.189Z] [1163] GET http://localhost:3000/node_modules/.vite/deps/react_jsx-dev-runtime.js?v=647194ca
[2026-08-02T09:59:10.284Z]     ↳ Response: 200 OK
[2026-08-02T09:59:10.407Z]     ↳ Response: 200 OK
[2026-08-02T09:59:10.490Z] [1164] GET http://localhost:3000/node_modules/vite/dist/client/env.mjs
[2026-08-02T09:59:10.544Z]     ↳ Response: 200 OK
[2026-08-02T09:59:10.580Z] [1165] GET http://localhost:3000/node_modules/.vite/deps/rolldown-runtime-B-1-B7_t.js?v=9329134a
[2026-08-02T09:59:10.614Z]     ↳ Response: 200 OK
[2026-08-02T09:59:10.636Z] [1166] GET http://localhost:3000/src/components/Header.tsx?t=1785664315451
[2026-08-02T09:59:10.756Z] [1167] GET http://localhost:3000/src/components/Navigation.tsx?t=1785663588215
[2026-08-02T09:59:10.796Z] [1168] GET http://localhost:3000/src/components/OperationalDashboard.tsx?t=1785654087699
[2026-08-02T09:59:10.822Z] [1169] GET http://localhost:3000/src/components/GuestManagement.tsx?t=1785654087699
[2026-08-02T09:59:10.865Z] [1170] GET http://localhost:3000/src/components/KitchenManagement.tsx?t=1785654087699
[2026-08-02T09:59:10.917Z] [1171] GET http://localhost:3000/src/components/InventoryManagement.tsx?t=1785654087699
[2026-08-02T09:59:10.939Z] [1172] GET http://localhost:3000/src/components/PettyCashManagement.tsx?t=1785654087699
[2026-08-02T09:59:10.966Z] [1173] GET http://localhost:3000/src/components/CashDrawerManager.tsx?t=1785654087699
[2026-08-02T09:59:10.996Z] [1174] GET http://localhost:3000/src/components/ExpenseItemsManagement.tsx?t=1785612846419
[2026-08-02T09:59:11.046Z] [1175] GET http://localhost:3000/src/components/StaffManagement.tsx?t=1785654087699
[2026-08-02T09:59:11.080Z] [1176] GET http://localhost:3000/src/components/AnalyticsDashboard.tsx?t=1785654087699
[2026-08-02T09:59:11.211Z] [1177] GET http://localhost:3000/src/components/AuditLogsView.tsx
[2026-08-02T09:59:11.398Z] [1178] GET http://localhost:3000/src/components/DataExportCenter.tsx?t=1785654087699
[2026-08-02T09:59:11.558Z] [1179] GET http://localhost:3000/src/components/MenuManager.tsx?t=1785654087699
[2026-08-02T09:59:11.781Z] [1180] GET http://localhost:3000/src/components/MiscChargesManagement.tsx?t=1785654087699
[2026-08-02T09:59:11.897Z] [1181] GET http://localhost:3000/src/components/ICalSyncManager.tsx?t=1785654087699
[2026-08-02T09:59:11.924Z] [1182] GET http://localhost:3000/src/components/TelegramNotificationModal.tsx?t=1785654087699
[2026-08-02T09:59:12.052Z] [1183] GET http://localhost:3000/src/components/DemoDataModal.tsx
[2026-08-02T09:59:12.157Z] [1184] GET http://localhost:3000/src/components/GlobalModal.tsx
[2026-08-02T09:59:12.219Z] [1185] GET http://localhost:3000/src/components/ToastContext.tsx
[2026-08-02T09:59:12.236Z] [1186] GET http://localhost:3000/src/components/LoginModal.tsx?t=1785654087699
[2026-08-02T09:59:12.258Z] [1187] GET http://localhost:3000/src/contexts/StaffContext.tsx?t=1785654087699
[2026-08-02T09:59:12.290Z] [1188] GET http://localhost:3000/src/contexts/AuthContext.tsx?t=1785654087699
[2026-08-02T09:59:12.387Z] [1189] GET http://localhost:3000/src/contexts/FinanceContext.tsx?t=1785654087699
[2026-08-02T09:59:12.451Z] [1190] GET http://localhost:3000/src/contexts/InventoryContext.tsx?t=1785654087699
[2026-08-02T09:59:12.470Z] [1191] GET http://localhost:3000/src/contexts/KitchenContext.tsx?t=1785654087699
[2026-08-02T09:59:12.483Z] [1192] GET http://localhost:3000/src/utils/clientInfo.ts
[2026-08-02T09:59:12.503Z] [1193] GET http://localhost:3000/src/data/appConfig.ts
[2026-08-02T09:59:12.546Z] [1194] GET http://localhost:3000/src/services/themeService.ts
[2026-08-02T09:59:12.583Z] [1195] GET http://localhost:3000/src/services/api.ts?t=1785654087699
[2026-08-02T09:59:12.607Z] [1196] GET http://localhost:3000/src/contexts/ConfigurationDataContext.tsx?t=1785654087699
[2026-08-02T09:59:12.680Z] [1197] GET http://localhost:3000/src/contexts/ModulesContext.tsx?t=1785654087699
[2026-08-02T09:59:12.790Z] [1198] GET http://localhost:3000/src/components/DataLoader.tsx?t=1785654087699
[2026-08-02T09:59:12.872Z] [1199] GET http://localhost:3000/src/components/LoadingScreen.tsx
[2026-08-02T09:59:12.921Z] [1200] GET http://localhost:3000/src/components/LoginPage.tsx
[2026-08-02T09:59:12.931Z] [1201] GET http://localhost:3000/src/components/PlatformPropertyManagement.tsx?t=1785658778613
[2026-08-02T09:59:12.948Z] [1202] GET http://localhost:3000/src/components/TenantDashboard.tsx
[2026-08-02T09:59:12.966Z] [1203] GET http://localhost:3000/src/components/RootAdminDashboard.tsx?t=1785660212018
[2026-08-02T09:59:12.990Z] [1204] GET http://localhost:3000/src/components/MultiKeyPropertyOverview.tsx?t=1785654087699
[2026-08-02T09:59:13.015Z]     ↳ Response: 200 OK
[2026-08-02T09:59:13.040Z]     ↳ Response: 200 OK
[2026-08-02T09:59:13.055Z]     ↳ Response: 200 OK
[2026-08-02T09:59:13.068Z]     ↳ Response: 200 OK
[2026-08-02T09:59:13.087Z] [1205] GET http://localhost:3000/node_modules/.vite/deps/react-dom.js?v=647194ca
[2026-08-02T09:59:13.098Z]     ↳ Response: 200 OK
[2026-08-02T09:59:13.125Z]     ↳ Response: 200 OK
[2026-08-02T09:59:13.177Z]     ↳ Response: 200 OK
[2026-08-02T09:59:13.185Z] [1206] GET http://localhost:3000/node_modules/.vite/deps/lucide-react.js?v=907c0d96
[2026-08-02T09:59:13.212Z]     ↳ Response: 200 OK
[2026-08-02T09:59:13.218Z]     ↳ Response: 200 OK
[2026-08-02T09:59:13.224Z] [1207] GET http://localhost:3000/src/utils/iconResolver.tsx
[2026-08-02T09:59:13.273Z] [1208] GET http://localhost:3000/src/components/MultiKeyRoomDrawer.tsx?t=1785581097901
[2026-08-02T09:59:13.302Z]     ↳ Response: 200 OK
[2026-08-02T09:59:13.338Z] [1209] GET http://localhost:3000/node_modules/.vite/deps/html-to-image.js?v=8ba12c37
[2026-08-02T09:59:13.364Z] [1210] GET http://localhost:3000/src/components/DateRangePicker.tsx?t=1785538574357
[2026-08-02T09:59:13.369Z] [1211] GET http://localhost:3000/src/components/BillingCheckout.tsx?t=1785584077754
[2026-08-02T09:59:13.375Z]     ↳ Response: 200 OK
[2026-08-02T09:59:13.386Z] [1212] GET http://localhost:3000/src/components/SearchableSelect.tsx
[2026-08-02T09:59:13.397Z] [1213] GET http://localhost:3000/node_modules/.vite/deps/react-data-table-component.js?v=de6c4fcd
[2026-08-02T09:59:13.405Z]     ↳ Response: 200 OK
[2026-08-02T09:59:13.409Z]     ↳ Response: 200 OK
[2026-08-02T09:59:13.414Z]     ↳ Response: 200 OK
[2026-08-02T09:59:13.427Z]     ↳ Response: 200 OK
[2026-08-02T09:59:13.446Z]     ↳ Response: 200 OK
[2026-08-02T09:59:13.457Z]     ↳ Response: 200 OK
[2026-08-02T09:59:13.468Z] [1214] GET http://localhost:3000/node_modules/.vite/deps/react-apexcharts.js?v=a1c1290a
[2026-08-02T09:59:13.475Z]     ↳ Response: 200 OK
[2026-08-02T09:59:13.483Z]     ↳ Response: 200 OK
[2026-08-02T09:59:13.489Z]     ↳ Response: 200 OK
[2026-08-02T09:59:13.497Z]     ↳ Response: 200 OK
[2026-08-02T09:59:13.505Z] [1215] GET http://localhost:3000/src/components/NavMenuEditor.tsx?t=1785654087699
[2026-08-02T09:59:13.525Z]     ↳ Response: 200 OK
[2026-08-02T09:59:13.539Z]     ↳ Response: 200 OK
[2026-08-02T09:59:13.546Z]     ↳ Response: 200 OK
[2026-08-02T09:59:13.557Z] [1216] GET http://localhost:3000/src/components/TelegramConnectionSettings.tsx
[2026-08-02T09:59:13.566Z]     ↳ Response: 200 OK
[2026-08-02T09:59:13.572Z]     ↳ Response: 200 OK
[2026-08-02T09:59:13.584Z]     ↳ Response: 200 OK
[2026-08-02T09:59:13.589Z]     ↳ Response: 200 OK
[2026-08-02T09:59:13.598Z]     ↳ Response: 200 OK
[2026-08-02T09:59:13.606Z]     ↳ Response: 200 OK
[2026-08-02T09:59:13.622Z]     ↳ Response: 200 OK
[2026-08-02T09:59:13.671Z]     ↳ Response: 200 OK
[2026-08-02T09:59:13.685Z]     ↳ Response: 200 OK
[2026-08-02T09:59:13.695Z]     ↳ Response: 200 OK
[2026-08-02T09:59:13.705Z]     ↳ Response: 200 OK
[2026-08-02T09:59:13.712Z]     ↳ Response: 200 OK
[2026-08-02T09:59:13.717Z]     ↳ Response: 200 OK
[2026-08-02T09:59:13.731Z]     ↳ Response: 200 OK
[2026-08-02T09:59:13.733Z] [1217] GET http://localhost:3000/src/components/InvalidPropertyPage.tsx
[2026-08-02T09:59:13.737Z]     ↳ Response: 200 OK
[2026-08-02T09:59:13.739Z]     ↳ Response: 200 OK
[2026-08-02T09:59:13.745Z]     ↳ Response: 200 OK
[2026-08-02T09:59:13.752Z]     ↳ Response: 200 OK
[2026-08-02T09:59:13.758Z] [1218] GET http://localhost:3000/src/components/ToggleSwitch.tsx
[2026-08-02T09:59:13.763Z]     ↳ Response: 200 OK
[2026-08-02T09:59:13.766Z]     ↳ Response: 200 OK
[2026-08-02T09:59:13.772Z] [1219] GET http://localhost:3000/src/components/AppearanceSettings.tsx?t=1785660212018
[2026-08-02T09:59:13.780Z] [1220] GET http://localhost:3000/src/components/DefaultExpensesManager.tsx?t=1785590582041
[2026-08-02T09:59:13.784Z]     ↳ Response: 200 OK
[2026-08-02T09:59:13.790Z]     ↳ Response: 200 OK
[2026-08-02T09:59:13.802Z]     ↳ Response: 200 OK
[2026-08-02T09:59:13.818Z]     ↳ Response: 200 OK
[2026-08-02T09:59:13.822Z]     ↳ Response: 200 OK
[2026-08-02T09:59:13.838Z]     ↳ Response: 200 OK
[2026-08-02T09:59:13.846Z]     ↳ Response: 200 OK
[2026-08-02T09:59:13.854Z]     ↳ Response: 200 OK
[2026-08-02T09:59:13.861Z]     ↳ Response: 200 OK
[2026-08-02T09:59:13.866Z]     ↳ Response: 200 OK
[2026-08-02T09:59:13.872Z]     ↳ Response: 200 OK
[2026-08-02T09:59:13.879Z]     ↳ Response: 200 OK
[2026-08-02T09:59:13.884Z] [1221] GET http://localhost:3000/node_modules/.vite/deps/sortablejs.js?v=bff2b989
[2026-08-02T09:59:13.890Z]     ↳ Response: 200 OK
[2026-08-02T09:59:13.903Z]     ↳ Response: 200 OK
[2026-08-02T09:59:13.913Z]     ↳ Response: 200 OK
[2026-08-02T09:59:13.918Z]     ↳ Response: 200 OK
[2026-08-02T09:59:13.924Z] [1222] GET http://localhost:3000/src/components/ThemeManagement.tsx
[2026-08-02T09:59:13.934Z] [1223] GET http://localhost:3000/src/components/CustomCSSOverride.tsx
[2026-08-02T09:59:13.939Z]     ↳ Response: 200 OK
[2026-08-02T09:59:13.946Z]     ↳ Response: 200 OK
[2026-08-02T09:59:13.954Z]     ↳ Response: 200 OK
[2026-08-02T09:59:13.964Z]     ↳ Response: 200 OK
[2026-08-02T09:59:14.068Z] [1224] GET http://localhost:3000/php/api/router.php?action=get_current_property&property_slug=room-101
[2026-08-02T09:59:14.072Z] [1225] GET http://localhost:3000/php/api/router.php?action=get_current_property&property_slug=room-101
[2026-08-02T09:59:14.315Z]     ↳ Response: 200 OK
[2026-08-02T09:59:14.324Z]     ↳ Response: 200 OK
[2026-08-02T09:59:14.389Z] [1226] GET http://localhost:3000/icons/favicon-32x32.png
[2026-08-02T09:59:14.584Z]     ↳ Response: 200 OK
[2026-08-02T09:59:14.595Z] [1227] GET http://localhost:3000/php/api/router.php?action=get_property_modules&property_slug=room-101
[2026-08-02T09:59:14.602Z] [1228] GET http://localhost:3000/php/api/router.php?action=get_nav_menu&property_slug=room-101
[2026-08-02T09:59:14.609Z] [1229] GET http://localhost:3000/php/api/router.php?action=get_telegram_config&property_slug=room-101
[2026-08-02T09:59:14.625Z] [1230] GET http://localhost:3000/php/api/router.php?action=get_property_modules&property_slug=room-101
[2026-08-02T09:59:14.627Z] [1231] GET http://localhost:3000/php/api/router.php?action=get_nav_menu&property_slug=room-101
[2026-08-02T09:59:14.632Z] [1232] GET http://localhost:3000/php/api/router.php?action=get_telegram_config&property_slug=room-101
[2026-08-02T09:59:15.054Z]     ↳ Response: 200 OK
[2026-08-02T09:59:15.065Z]     ↳ Response: 200 OK
[2026-08-02T09:59:15.072Z]     ↳ Response: 200 OK
[2026-08-02T09:59:15.083Z]     ↳ Response: 200 OK
[2026-08-02T09:59:15.272Z] [1233] GET https://images.unsplash.com/photo-1534528741775-53994a69daeb?w=100&auto=format&fit=crop&q=80
[2026-08-02T09:59:15.909Z] [1234] GET http://localhost:3000/php/api/router.php?action=get_property_modules&property_slug=room-101
[2026-08-02T09:59:15.920Z] [1235] GET http://localhost:3000/php/api/router.php?action=get_telegram_config&property_slug=room-101
[2026-08-02T09:59:15.922Z] [1236] GET http://localhost:3000/php/api/router.php?action=get_misc_catalog
[2026-08-02T09:59:15.930Z] [1237] GET http://localhost:3000/php/api/router.php?action=get_system_settings
[2026-08-02T09:59:15.942Z] [1238] GET http://localhost:3000/php/api/router.php?action=get_theme_settings
[2026-08-02T09:59:15.953Z] [1239] GET http://localhost:3000/php/api/router.php?action=get_guests&property_slug=room-101
[2026-08-02T09:59:16.038Z] [1240] GET http://localhost:3000/php/api/router.php?action=get_users&property_slug=room-101
[2026-08-02T09:59:16.049Z] [1241] GET http://localhost:3000/php/api/router.php?action=get_attendance&property_slug=room-101
[2026-08-02T09:59:16.066Z] [1242] GET http://localhost:3000/php/api/router.php?action=get_audit_logs&property_slug=room-101
[2026-08-02T09:59:16.083Z] [1243] GET http://localhost:3000/php/api/router.php?action=get_receipts&property_slug=room-101
[2026-08-02T09:59:16.089Z] [1244] GET http://localhost:3000/php/api/router.php?action=get_users&property_slug=room-101
[2026-08-02T09:59:16.297Z] [1245] GET http://localhost:3000/php/api/router.php?action=get_nav_menu&property_slug=room-101
[2026-08-02T09:59:16.348Z] [1246] GET http://localhost:3000/php/api/router.php?action=get_guests&property_slug=room-101
[2026-08-02T09:59:16.354Z] [1247] GET http://localhost:3000/php/api/router.php?action=get_attendance&property_slug=room-101
[2026-08-02T09:59:16.370Z] [1248] GET http://localhost:3000/php/api/router.php?action=get_audit_logs&property_slug=room-101
[2026-08-02T09:59:16.390Z] [1249] GET http://localhost:3000/php/api/router.php?action=get_receipts&property_slug=room-101
[2026-08-02T09:59:16.400Z] [1250] GET http://localhost:3000/php/api/router.php?action=get_misc_catalog&property_slug=room-101
[2026-08-02T09:59:16.401Z] [1251] GET http://localhost:3000/php/api/router.php?action=get_petty_cash&property_slug=room-101
[2026-08-02T09:59:16.404Z] [1252] GET http://localhost:3000/php/api/router.php?action=get_users&property_slug=room-101
[2026-08-02T09:59:16.409Z] [1253] GET http://localhost:3000/php/api/router.php?action=get_attendance&property_slug=room-101
[2026-08-02T09:59:16.422Z] [1254] GET http://localhost:3000/php/api/router.php?action=get_property_modules&property_slug=room-101
[2026-08-02T09:59:16.425Z] [1255] GET http://localhost:3000/php/api/router.php?action=get_telegram_config&property_slug=room-101
[2026-08-02T09:59:16.434Z] [1256] GET http://localhost:3000/php/api/router.php?action=get_misc_catalog
[2026-08-02T09:59:16.441Z] [1257] GET http://localhost:3000/php/api/router.php?action=get_system_settings
[2026-08-02T09:59:16.443Z] [1258] GET http://localhost:3000/php/api/router.php?action=get_theme_settings
[2026-08-02T09:59:16.448Z] [1259] GET http://localhost:3000/php/api/router.php?action=get_guests&property_slug=room-101
[2026-08-02T09:59:16.457Z] [1260] GET http://localhost:3000/php/api/router.php?action=get_users&property_slug=room-101
[2026-08-02T09:59:16.458Z] [1261] GET http://localhost:3000/php/api/router.php?action=get_attendance&property_slug=room-101
[2026-08-02T09:59:16.470Z] [1262] GET http://localhost:3000/php/api/router.php?action=get_audit_logs&property_slug=room-101
[2026-08-02T09:59:16.479Z] [1263] GET http://localhost:3000/php/api/router.php?action=get_receipts&property_slug=room-101
[2026-08-02T09:59:16.481Z] [1264] GET http://localhost:3000/php/api/router.php?action=get_users&property_slug=room-101
[2026-08-02T09:59:16.491Z] [1265] GET http://localhost:3000/php/api/router.php?action=get_nav_menu&property_slug=room-101
[2026-08-02T09:59:16.492Z] [1266] GET http://localhost:3000/php/api/router.php?action=get_guests&property_slug=room-101
[2026-08-02T09:59:16.533Z] [1267] GET http://localhost:3000/php/api/router.php?action=get_attendance&property_slug=room-101
[2026-08-02T09:59:16.542Z] [1268] GET http://localhost:3000/php/api/router.php?action=get_audit_logs&property_slug=room-101
[2026-08-02T09:59:16.547Z] [1269] GET http://localhost:3000/php/api/router.php?action=get_receipts&property_slug=room-101
[2026-08-02T09:59:16.555Z] [1270] GET http://localhost:3000/php/api/router.php?action=get_misc_catalog&property_slug=room-101
[2026-08-02T09:59:16.556Z] [1271] GET http://localhost:3000/php/api/router.php?action=get_petty_cash&property_slug=room-101
[2026-08-02T09:59:16.561Z] [1272] GET http://localhost:3000/php/api/router.php?action=get_users&property_slug=room-101
[2026-08-02T09:59:16.569Z] [1273] GET http://localhost:3000/php/api/router.php?action=get_attendance&property_slug=room-101
[2026-08-02T09:59:17.469Z]     ↳ Response: 200 OK
[2026-08-02T09:59:17.475Z]     ↳ Response: 200 OK
[2026-08-02T09:59:17.489Z]     ↳ Response: 200 
[2026-08-02T09:59:17.490Z]     ↳ Response: 200 OK
[2026-08-02T09:59:17.501Z]     ↳ Response: 200 OK
[2026-08-02T09:59:19.138Z]     ↳ Response: 200 OK
[2026-08-02T09:59:19.198Z]     ↳ Response: 200 OK
[2026-08-02T09:59:19.247Z]     ↳ Response: 200 OK
[2026-08-02T09:59:19.276Z]     ↳ Response: 200 OK
[2026-08-02T09:59:19.282Z]     ↳ Response: 200 OK
[2026-08-02T09:59:19.290Z]     ↳ Response: 200 OK
[2026-08-02T09:59:19.473Z]     ↳ Response: 200 OK
[2026-08-02T09:59:19.484Z]     ↳ Response: 200 OK
[2026-08-02T09:59:24.032Z]     ↳ Response: 200 OK
[2026-08-02T09:59:24.041Z]     ↳ Response: 200 OK
[2026-08-02T09:59:24.055Z]     ↳ Response: 200 OK
[2026-08-02T09:59:24.074Z]     ↳ Response: 200 OK
[2026-08-02T09:59:24.075Z]     ↳ Response: 200 OK
[2026-08-02T09:59:24.087Z]     ↳ Response: 200 OK
[2026-08-02T09:59:24.095Z]     ↳ Response: 200 OK
[2026-08-02T09:59:24.096Z]     ↳ Response: 200 OK
[2026-08-02T09:59:24.108Z]     ↳ Response: 200 OK
[2026-08-02T09:59:24.110Z]     ↳ Response: 200 OK
[2026-08-02T09:59:24.115Z]     ↳ Response: 200 OK
[2026-08-02T09:59:24.122Z]     ↳ Response: 200 OK
[2026-08-02T09:59:24.133Z]     ↳ Response: 200 OK
[2026-08-02T09:59:24.140Z]     ↳ Response: 200 OK
[2026-08-02T09:59:24.151Z]     ↳ Response: 200 OK
[2026-08-02T09:59:24.156Z]     ↳ Response: 200 OK
[2026-08-02T09:59:24.157Z]     ↳ Response: 200 OK
[2026-08-02T09:59:24.168Z]     ↳ Response: 200 OK
[2026-08-02T09:59:24.169Z]     ↳ Response: 200 OK
[2026-08-02T09:59:24.171Z]     ↳ Response: 200 OK
[2026-08-02T09:59:24.175Z]     ↳ Response: 200 OK
[2026-08-02T09:59:24.186Z]     ↳ Response: 200 OK
[2026-08-02T09:59:24.191Z]     ↳ Response: 200 OK
[2026-08-02T09:59:24.196Z]     ↳ Response: 200 OK
[2026-08-02T09:59:24.200Z]     ↳ Response: 200 OK
[2026-08-02T09:59:24.207Z]     ↳ Response: 200 OK
[2026-08-02T09:59:24.218Z]     ↳ Response: 200 OK
[2026-08-02T09:59:24.219Z]     ↳ Response: 200 OK
[2026-08-02T09:59:24.227Z]     ↳ Response: 200 OK
[2026-08-02T09:59:24.234Z]     ↳ Response: 200 OK
[2026-08-02T09:59:29.801Z] [1274] GET http://localhost:3000/artists_farm/vrikshawan/room-101/
[2026-08-02T09:59:30.650Z]     ↳ Response: 200 OK
[2026-08-02T09:59:30.800Z] [1275] GET http://localhost:3000/@vite/client
[2026-08-02T09:59:30.965Z] [1276] GET http://localhost:3000/src/main.tsx?t=1785664769245
[2026-08-02T09:59:30.999Z] [1277] GET http://localhost:3000/@react-refresh
[2026-08-02T09:59:31.066Z]     ↳ Response: 200 OK
[2026-08-02T09:59:31.106Z] [1278] GET http://localhost:3000/node_modules/.vite/deps/react.js?v=647194ca
[2026-08-02T09:59:31.148Z] [1279] GET http://localhost:3000/node_modules/.vite/deps/react-dom_client.js?v=40766d9c
[2026-08-02T09:59:31.181Z] [1280] GET http://localhost:3000/src/App.tsx?t=1785664444565
[2026-08-02T09:59:31.197Z] [1281] GET http://localhost:3000/src/index.css?t=1785664769245
[2026-08-02T09:59:31.215Z] [1282] GET http://localhost:3000/src/utils/telescopeLogger.ts
[2026-08-02T09:59:31.218Z] [1283] GET http://localhost:3000/node_modules/.vite/deps/react_jsx-dev-runtime.js?v=647194ca
[2026-08-02T09:59:31.239Z]     ↳ Response: 200 OK
[2026-08-02T09:59:31.255Z]     ↳ Response: 200 OK
[2026-08-02T09:59:31.258Z] [1284] GET http://localhost:3000/node_modules/vite/dist/client/env.mjs
[2026-08-02T09:59:31.352Z]     ↳ Response: 200 OK
[2026-08-02T09:59:31.433Z] [1285] GET http://localhost:3000/node_modules/.vite/deps/rolldown-runtime-B-1-B7_t.js?v=9329134a
[2026-08-02T09:59:31.513Z]     ↳ Response: 200 OK
[2026-08-02T09:59:31.716Z] [1286] GET http://localhost:3000/src/components/Header.tsx?t=1785664315451
[2026-08-02T09:59:32.013Z] [1287] GET http://localhost:3000/src/components/Navigation.tsx?t=1785663588215
[2026-08-02T09:59:32.134Z] [1288] GET http://localhost:3000/src/components/OperationalDashboard.tsx?t=1785654087699
[2026-08-02T09:59:32.220Z] [1289] GET http://localhost:3000/src/components/GuestManagement.tsx?t=1785654087699
[2026-08-02T09:59:32.283Z] [1290] GET http://localhost:3000/src/components/KitchenManagement.tsx?t=1785654087699
[2026-08-02T09:59:32.466Z] [1291] GET http://localhost:3000/src/components/InventoryManagement.tsx?t=1785654087699
[2026-08-02T09:59:32.585Z] [1292] GET http://localhost:3000/src/components/PettyCashManagement.tsx?t=1785654087699
[2026-08-02T09:59:32.637Z] [1293] GET http://localhost:3000/src/components/CashDrawerManager.tsx?t=1785654087699
[2026-08-02T09:59:32.723Z] [1294] GET http://localhost:3000/src/components/ExpenseItemsManagement.tsx?t=1785612846419
[2026-08-02T09:59:32.851Z] [1295] GET http://localhost:3000/src/components/StaffManagement.tsx?t=1785654087699
[2026-08-02T09:59:32.985Z] [1296] GET http://localhost:3000/src/components/AnalyticsDashboard.tsx?t=1785654087699
[2026-08-02T09:59:33.072Z] [1297] GET http://localhost:3000/src/components/AuditLogsView.tsx
[2026-08-02T09:59:33.470Z] [1298] GET http://localhost:3000/src/components/DataExportCenter.tsx?t=1785654087699
[2026-08-02T09:59:33.674Z] [1299] GET http://localhost:3000/src/components/MenuManager.tsx?t=1785654087699
[2026-08-02T09:59:33.777Z] [1300] GET http://localhost:3000/src/components/MiscChargesManagement.tsx?t=1785654087699
[2026-08-02T09:59:33.813Z] [1301] GET http://localhost:3000/src/components/ICalSyncManager.tsx?t=1785654087699
[2026-08-02T09:59:33.853Z] [1302] GET http://localhost:3000/src/components/TelegramNotificationModal.tsx?t=1785654087699
[2026-08-02T09:59:33.922Z] [1303] GET http://localhost:3000/src/components/DemoDataModal.tsx
[2026-08-02T09:59:33.970Z] [1304] GET http://localhost:3000/src/components/GlobalModal.tsx
[2026-08-02T09:59:34.057Z] [1305] GET http://localhost:3000/src/components/ToastContext.tsx
[2026-08-02T09:59:34.104Z] [1306] GET http://localhost:3000/src/components/LoginModal.tsx?t=1785654087699
[2026-08-02T09:59:34.182Z] [1307] GET http://localhost:3000/src/contexts/StaffContext.tsx?t=1785654087699
[2026-08-02T09:59:34.363Z] [1308] GET http://localhost:3000/src/contexts/AuthContext.tsx?t=1785654087699
[2026-08-02T09:59:34.419Z] [1309] GET http://localhost:3000/src/contexts/FinanceContext.tsx?t=1785654087699
[2026-08-02T09:59:34.572Z] [1310] GET http://localhost:3000/src/contexts/InventoryContext.tsx?t=1785654087699
[2026-08-02T09:59:34.681Z] [1311] GET http://localhost:3000/src/contexts/KitchenContext.tsx?t=1785654087699
[2026-08-02T09:59:34.729Z] [1312] GET http://localhost:3000/src/utils/clientInfo.ts
[2026-08-02T09:59:34.939Z] [1313] GET http://localhost:3000/src/data/appConfig.ts
[2026-08-02T09:59:35.081Z] [1314] GET http://localhost:3000/src/services/themeService.ts
[2026-08-02T09:59:35.201Z] [1315] GET http://localhost:3000/src/services/api.ts?t=1785654087699
[2026-08-02T09:59:35.292Z] [1316] GET http://localhost:3000/src/contexts/ConfigurationDataContext.tsx?t=1785654087699
[2026-08-02T09:59:35.339Z] [1317] GET http://localhost:3000/src/contexts/ModulesContext.tsx?t=1785654087699
[2026-08-02T09:59:35.400Z] [1318] GET http://localhost:3000/src/components/DataLoader.tsx?t=1785654087699
[2026-08-02T09:59:35.436Z] [1319] GET http://localhost:3000/src/components/LoadingScreen.tsx
[2026-08-02T09:59:35.512Z] [1320] GET http://localhost:3000/src/components/LoginPage.tsx
[2026-08-02T09:59:35.590Z] [1321] GET http://localhost:3000/src/components/PlatformPropertyManagement.tsx?t=1785658778613
[2026-08-02T09:59:35.654Z] [1322] GET http://localhost:3000/src/components/TenantDashboard.tsx
[2026-08-02T09:59:35.662Z] [1323] GET http://localhost:3000/src/components/RootAdminDashboard.tsx?t=1785660212018
[2026-08-02T09:59:35.669Z] [1324] GET http://localhost:3000/src/components/MultiKeyPropertyOverview.tsx?t=1785654087699
[2026-08-02T09:59:35.677Z]     ↳ Response: 200 OK
[2026-08-02T09:59:35.682Z]     ↳ Response: 200 OK
[2026-08-02T09:59:35.691Z]     ↳ Response: 200 OK
[2026-08-02T09:59:35.695Z]     ↳ Response: 200 OK
[2026-08-02T09:59:35.712Z]     ↳ Response: 200 OK
[2026-08-02T09:59:35.720Z]     ↳ Response: 200 OK
[2026-08-02T09:59:35.723Z] [1325] GET http://localhost:3000/node_modules/.vite/deps/lucide-react.js?v=907c0d96
[2026-08-02T09:59:35.727Z]     ↳ Response: 200 OK
[2026-08-02T09:59:35.732Z] [1326] GET http://localhost:3000/src/utils/iconResolver.tsx
[2026-08-02T09:59:35.733Z] [1327] GET http://localhost:3000/src/components/MultiKeyRoomDrawer.tsx?t=1785581097901
[2026-08-02T09:59:35.741Z]     ↳ Response: 200 OK
[2026-08-02T09:59:35.747Z]     ↳ Response: 200 OK
[2026-08-02T09:59:35.751Z] [1328] GET http://localhost:3000/node_modules/.vite/deps/html-to-image.js?v=8ba12c37
[2026-08-02T09:59:35.756Z] [1329] GET http://localhost:3000/src/components/DateRangePicker.tsx?t=1785538574357
[2026-08-02T09:59:35.765Z] [1330] GET http://localhost:3000/src/components/BillingCheckout.tsx?t=1785584077754
[2026-08-02T09:59:35.773Z]     ↳ Response: 200 OK
[2026-08-02T09:59:35.780Z] [1331] GET http://localhost:3000/src/components/SearchableSelect.tsx
[2026-08-02T09:59:35.786Z] [1332] GET http://localhost:3000/node_modules/.vite/deps/react-data-table-component.js?v=de6c4fcd
[2026-08-02T09:59:35.790Z]     ↳ Response: 200 OK
[2026-08-02T09:59:35.798Z] [1333] GET http://localhost:3000/node_modules/.vite/deps/react-dom.js?v=647194ca
[2026-08-02T09:59:35.807Z]     ↳ Response: 200 OK
[2026-08-02T09:59:35.822Z]     ↳ Response: 200 OK
[2026-08-02T09:59:35.832Z]     ↳ Response: 200 OK
[2026-08-02T09:59:35.841Z]     ↳ Response: 200 OK
[2026-08-02T09:59:35.854Z]     ↳ Response: 200 OK
[2026-08-02T09:59:35.873Z] [1334] GET http://localhost:3000/node_modules/.vite/deps/react-apexcharts.js?v=a1c1290a
[2026-08-02T09:59:35.901Z]     ↳ Response: 200 OK
[2026-08-02T09:59:35.906Z]     ↳ Response: 200 OK
[2026-08-02T09:59:35.919Z]     ↳ Response: 200 OK
[2026-08-02T09:59:35.925Z]     ↳ Response: 200 OK
[2026-08-02T09:59:35.936Z] [1335] GET http://localhost:3000/src/components/NavMenuEditor.tsx?t=1785654087699
[2026-08-02T09:59:35.948Z]     ↳ Response: 200 OK
[2026-08-02T09:59:35.974Z]     ↳ Response: 200 OK
[2026-08-02T09:59:35.981Z]     ↳ Response: 200 OK
[2026-08-02T09:59:35.989Z]     ↳ Response: 200 OK
[2026-08-02T09:59:35.996Z] [1336] GET http://localhost:3000/src/components/TelegramConnectionSettings.tsx
[2026-08-02T09:59:36.007Z]     ↳ Response: 200 OK
[2026-08-02T09:59:36.021Z]     ↳ Response: 200 OK
[2026-08-02T09:59:36.025Z]     ↳ Response: 200 OK
[2026-08-02T09:59:36.037Z]     ↳ Response: 200 OK
[2026-08-02T09:59:36.042Z]     ↳ Response: 200 OK
[2026-08-02T09:59:36.050Z]     ↳ Response: 200 OK
[2026-08-02T09:59:36.061Z]     ↳ Response: 200 OK
[2026-08-02T09:59:36.065Z]     ↳ Response: 200 OK
[2026-08-02T09:59:36.070Z]     ↳ Response: 200 OK
[2026-08-02T09:59:36.073Z]     ↳ Response: 200 OK
[2026-08-02T09:59:36.074Z]     ↳ Response: 200 OK
[2026-08-02T09:59:36.078Z]     ↳ Response: 200 OK
[2026-08-02T09:59:36.080Z]     ↳ Response: 200 OK
[2026-08-02T09:59:36.080Z]     ↳ Response: 200 OK
[2026-08-02T09:59:36.081Z]     ↳ Response: 200 OK
[2026-08-02T09:59:36.081Z] [1337] GET http://localhost:3000/src/components/InvalidPropertyPage.tsx
[2026-08-02T09:59:36.082Z]     ↳ Response: 200 OK
[2026-08-02T09:59:36.083Z]     ↳ Response: 200 OK
[2026-08-02T09:59:36.114Z]     ↳ Response: 200 OK
[2026-08-02T09:59:36.124Z] [1338] GET http://localhost:3000/src/components/ToggleSwitch.tsx
[2026-08-02T09:59:36.139Z]     ↳ Response: 200 OK
[2026-08-02T09:59:36.150Z] [1339] GET http://localhost:3000/src/components/AppearanceSettings.tsx?t=1785660212018
[2026-08-02T09:59:36.156Z] [1340] GET http://localhost:3000/src/components/DefaultExpensesManager.tsx?t=1785590582041
[2026-08-02T09:59:36.162Z]     ↳ Response: 200 OK
[2026-08-02T09:59:36.165Z]     ↳ Response: 200 OK
[2026-08-02T09:59:36.170Z]     ↳ Response: 200 OK
[2026-08-02T09:59:36.178Z]     ↳ Response: 200 OK
[2026-08-02T09:59:36.185Z]     ↳ Response: 200 OK
[2026-08-02T09:59:36.190Z]     ↳ Response: 200 OK
[2026-08-02T09:59:36.198Z]     ↳ Response: 200 OK
[2026-08-02T09:59:36.207Z]     ↳ Response: 200 OK
[2026-08-02T09:59:36.217Z]     ↳ Response: 200 OK
[2026-08-02T09:59:36.221Z]     ↳ Response: 200 OK
[2026-08-02T09:59:36.231Z]     ↳ Response: 200 OK
[2026-08-02T09:59:36.240Z] [1341] GET http://localhost:3000/node_modules/.vite/deps/sortablejs.js?v=bff2b989
[2026-08-02T09:59:36.256Z]     ↳ Response: 200 OK
[2026-08-02T09:59:36.268Z]     ↳ Response: 200 OK
[2026-08-02T09:59:36.291Z]     ↳ Response: 200 OK
[2026-08-02T09:59:36.322Z]     ↳ Response: 200 OK
[2026-08-02T09:59:36.339Z]     ↳ Response: 200 OK
[2026-08-02T09:59:36.378Z] [1342] GET http://localhost:3000/src/components/ThemeManagement.tsx
[2026-08-02T09:59:36.394Z] [1343] GET http://localhost:3000/src/components/CustomCSSOverride.tsx
[2026-08-02T09:59:36.408Z]     ↳ Response: 200 OK
[2026-08-02T09:59:36.446Z]     ↳ Response: 200 OK
[2026-08-02T09:59:36.483Z]     ↳ Response: 200 OK
[2026-08-02T09:59:36.504Z]     ↳ Response: 200 OK
[2026-08-02T09:59:36.511Z]     ↳ Response: 200 OK
[2026-08-02T09:59:36.830Z] [1344] GET http://localhost:3000/php/api/router.php?action=get_current_property&property_slug=room-101
[2026-08-02T09:59:36.851Z] [1345] GET http://localhost:3000/php/api/router.php?action=get_current_property&property_slug=room-101
[2026-08-02T09:59:37.910Z]     ↳ Response: 200 OK
[2026-08-02T09:59:37.917Z]     ↳ Response: 200 OK
[2026-08-02T09:59:37.926Z] [1346] GET http://localhost:3000/icons/favicon-32x32.png
[2026-08-02T09:59:38.106Z]     ↳ Response: 200 OK
[2026-08-02T09:59:38.134Z] [1347] GET http://localhost:3000/php/api/router.php?action=get_property_modules&property_slug=room-101
[2026-08-02T09:59:38.142Z] [1348] GET http://localhost:3000/php/api/router.php?action=get_nav_menu&property_slug=room-101
[2026-08-02T09:59:38.147Z] [1349] GET http://localhost:3000/php/api/router.php?action=get_telegram_config&property_slug=room-101
[2026-08-02T09:59:38.159Z] [1350] GET http://localhost:3000/php/api/router.php?action=get_property_modules&property_slug=room-101
[2026-08-02T09:59:38.162Z] [1351] GET http://localhost:3000/php/api/router.php?action=get_nav_menu&property_slug=room-101
[2026-08-02T09:59:38.168Z] [1352] GET http://localhost:3000/php/api/router.php?action=get_telegram_config&property_slug=room-101
[2026-08-02T09:59:39.032Z] [1353] GET https://images.unsplash.com/photo-1534528741775-53994a69daeb?w=100&auto=format&fit=crop&q=80
[2026-08-02T09:59:39.118Z] [1354] GET http://localhost:3000/php/api/router.php?action=get_property_modules&property_slug=room-101
[2026-08-02T09:59:39.137Z] [1355] GET http://localhost:3000/php/api/router.php?action=get_telegram_config&property_slug=room-101
[2026-08-02T09:59:39.151Z] [1356] GET http://localhost:3000/php/api/router.php?action=get_misc_catalog
[2026-08-02T09:59:39.152Z] [1357] GET http://localhost:3000/php/api/router.php?action=get_system_settings
[2026-08-02T09:59:39.162Z] [1358] GET http://localhost:3000/php/api/router.php?action=get_theme_settings
[2026-08-02T09:59:39.168Z] [1359] GET http://localhost:3000/php/api/router.php?action=get_guests&property_slug=room-101
[2026-08-02T09:59:39.184Z] [1360] GET http://localhost:3000/php/api/router.php?action=get_users&property_slug=room-101
[2026-08-02T09:59:39.195Z] [1361] GET http://localhost:3000/php/api/router.php?action=get_attendance&property_slug=room-101
[2026-08-02T09:59:39.200Z] [1362] GET http://localhost:3000/php/api/router.php?action=get_audit_logs&property_slug=room-101
[2026-08-02T09:59:39.202Z] [1363] GET http://localhost:3000/php/api/router.php?action=get_receipts&property_slug=room-101
[2026-08-02T09:59:39.211Z] [1364] GET http://localhost:3000/php/api/router.php?action=get_users&property_slug=room-101
[2026-08-02T09:59:39.213Z] [1365] GET http://localhost:3000/php/api/router.php?action=get_nav_menu&property_slug=room-101
[2026-08-02T09:59:39.223Z] [1366] GET http://localhost:3000/php/api/router.php?action=get_guests&property_slug=room-101
[2026-08-02T09:59:39.225Z] [1367] GET http://localhost:3000/php/api/router.php?action=get_attendance&property_slug=room-101
[2026-08-02T09:59:39.235Z] [1368] GET http://localhost:3000/php/api/router.php?action=get_audit_logs&property_slug=room-101
[2026-08-02T09:59:39.237Z] [1369] GET http://localhost:3000/php/api/router.php?action=get_receipts&property_slug=room-101
[2026-08-02T09:59:39.248Z] [1370] GET http://localhost:3000/php/api/router.php?action=get_misc_catalog&property_slug=room-101
[2026-08-02T09:59:39.253Z] [1371] GET http://localhost:3000/php/api/router.php?action=get_petty_cash&property_slug=room-101
[2026-08-02T09:59:39.256Z] [1372] GET http://localhost:3000/php/api/router.php?action=get_users&property_slug=room-101
[2026-08-02T09:59:39.261Z] [1373] GET http://localhost:3000/php/api/router.php?action=get_attendance&property_slug=room-101
[2026-08-02T09:59:39.266Z] [1374] GET http://localhost:3000/php/api/router.php?action=get_property_modules&property_slug=room-101
[2026-08-02T09:59:39.274Z] [1375] GET http://localhost:3000/php/api/router.php?action=get_telegram_config&property_slug=room-101
[2026-08-02T09:59:39.279Z] [1376] GET http://localhost:3000/php/api/router.php?action=get_misc_catalog
[2026-08-02T09:59:39.280Z] [1377] GET http://localhost:3000/php/api/router.php?action=get_system_settings
[2026-08-02T09:59:39.290Z] [1378] GET http://localhost:3000/php/api/router.php?action=get_theme_settings
[2026-08-02T09:59:39.291Z] [1379] GET http://localhost:3000/php/api/router.php?action=get_guests&property_slug=room-101
[2026-08-02T09:59:39.292Z] [1380] GET http://localhost:3000/php/api/router.php?action=get_users&property_slug=room-101
[2026-08-02T09:59:39.305Z] [1381] GET http://localhost:3000/php/api/router.php?action=get_attendance&property_slug=room-101
[2026-08-02T09:59:39.314Z] [1382] GET http://localhost:3000/php/api/router.php?action=get_audit_logs&property_slug=room-101
[2026-08-02T09:59:39.315Z] [1383] GET http://localhost:3000/php/api/router.php?action=get_receipts&property_slug=room-101
[2026-08-02T09:59:39.323Z] [1384] GET http://localhost:3000/php/api/router.php?action=get_users&property_slug=room-101
[2026-08-02T09:59:39.324Z] [1385] GET http://localhost:3000/php/api/router.php?action=get_nav_menu&property_slug=room-101
[2026-08-02T09:59:39.332Z] [1386] GET http://localhost:3000/php/api/router.php?action=get_guests&property_slug=room-101
[2026-08-02T09:59:39.338Z] [1387] GET http://localhost:3000/php/api/router.php?action=get_attendance&property_slug=room-101
[2026-08-02T09:59:39.339Z] [1388] GET http://localhost:3000/php/api/router.php?action=get_audit_logs&property_slug=room-101
[2026-08-02T09:59:39.348Z] [1389] GET http://localhost:3000/php/api/router.php?action=get_receipts&property_slug=room-101
[2026-08-02T09:59:39.349Z] [1390] GET http://localhost:3000/php/api/router.php?action=get_misc_catalog&property_slug=room-101
[2026-08-02T09:59:39.358Z] [1391] GET http://localhost:3000/php/api/router.php?action=get_petty_cash&property_slug=room-101
[2026-08-02T09:59:39.360Z] [1392] GET http://localhost:3000/php/api/router.php?action=get_users&property_slug=room-101
[2026-08-02T09:59:39.364Z] [1393] GET http://localhost:3000/php/api/router.php?action=get_attendance&property_slug=room-101
[2026-08-02T09:59:41.395Z]     ↳ Response: 200 
[2026-08-02T09:59:41.405Z]     ↳ Response: 200 OK
[2026-08-02T09:59:41.420Z]     ↳ Response: 200 OK
[2026-08-02T09:59:41.456Z]     ↳ Response: 200 OK
[2026-08-02T09:59:41.660Z]     ↳ Response: 200 OK
[2026-08-02T09:59:41.746Z]     ↳ Response: 200 OK
[2026-08-02T09:59:41.758Z]     ↳ Response: 200 OK
[2026-08-02T09:59:42.822Z]     ↳ Response: 200 OK
[2026-08-02T09:59:42.866Z]     ↳ Response: 200 OK
[2026-08-02T09:59:42.915Z]     ↳ Response: 200 OK
[2026-08-02T09:59:42.954Z]     ↳ Response: 200 OK
[2026-08-02T09:59:44.877Z]     ↳ Response: 200 OK
[2026-08-02T09:59:44.964Z]     ↳ Response: 200 OK
[2026-08-02T09:59:45.080Z]     ↳ Response: 200 OK
[2026-08-02T09:59:45.116Z]     ↳ Response: 200 OK
[2026-08-02T09:59:51.372Z]     ↳ Response: 200 OK
[2026-08-02T09:59:51.400Z]     ↳ Response: 200 OK
[2026-08-02T09:59:51.406Z]     ↳ Response: 200 OK
[2026-08-02T09:59:51.445Z]     ↳ Response: 200 OK
[2026-08-02T09:59:51.455Z]     ↳ Response: 200 OK
[2026-08-02T09:59:51.564Z]     ↳ Response: 200 OK
[2026-08-02T09:59:51.565Z]     ↳ Response: 200 OK
[2026-08-02T09:59:51.567Z]     ↳ Response: 200 OK
[2026-08-02T09:59:51.594Z]     ↳ Response: 200 OK
[2026-08-02T09:59:51.603Z]     ↳ Response: 200 OK
[2026-08-02T09:59:51.623Z]     ↳ Response: 200 OK
[2026-08-02T09:59:51.624Z]     ↳ Response: 200 OK
[2026-08-02T09:59:51.639Z]     ↳ Response: 200 OK
[2026-08-02T09:59:51.646Z]     ↳ Response: 200 OK
[2026-08-02T09:59:51.647Z]     ↳ Response: 200 OK
[2026-08-02T09:59:51.649Z]     ↳ Response: 200 OK
[2026-08-02T09:59:51.656Z]     ↳ Response: 200 OK
[2026-08-02T09:59:51.680Z]     ↳ Response: 200 OK
[2026-08-02T09:59:51.690Z]     ↳ Response: 200 OK
[2026-08-02T09:59:51.691Z]     ↳ Response: 200 OK
[2026-08-02T09:59:51.696Z]     ↳ Response: 200 OK
[2026-08-02T09:59:51.699Z]     ↳ Response: 200 OK
[2026-08-02T09:59:51.706Z]     ↳ Response: 200 OK
[2026-08-02T09:59:51.707Z]     ↳ Response: 200 OK
[2026-08-02T09:59:51.715Z]     ↳ Response: 200 OK
[2026-08-02T09:59:51.723Z]     ↳ Response: 200 OK
[2026-08-02T09:59:51.730Z]     ↳ Response: 200 OK
[2026-08-02T09:59:51.731Z]     ↳ Response: 200 OK
[2026-08-02T09:59:51.734Z]     ↳ Response: 200 OK
[2026-08-02T09:59:51.742Z]     ↳ Response: 200 OK
[2026-08-02T09:59:51.748Z]     ↳ Response: 200 OK
[2026-08-02T09:59:51.749Z]     ↳ Response: 200 OK
[2026-08-02T09:59:51.857Z] [1394] GET http://localhost:3000/artists_farm/vrikshawan/room-101/
[2026-08-02T09:59:52.310Z]     ↳ Response: 200 OK
[2026-08-02T09:59:52.941Z] [1395] GET http://localhost:3000/@vite/client
[2026-08-02T09:59:52.951Z] [1396] GET http://localhost:3000/src/main.tsx?t=1785664782522
[2026-08-02T09:59:53.020Z] [1397] GET http://localhost:3000/@react-refresh
[2026-08-02T09:59:53.217Z]     ↳ Response: 200 OK
[2026-08-02T09:59:53.334Z]     ↳ Response: 200 OK
[2026-08-02T09:59:53.429Z] [1398] GET http://localhost:3000/node_modules/.vite/deps/react.js?v=647194ca
[2026-08-02T09:59:53.928Z] [1399] GET http://localhost:3000/node_modules/.vite/deps/react-dom_client.js?v=40766d9c
[2026-08-02T09:59:54.082Z] [1400] GET http://localhost:3000/src/App.tsx?t=1785664444565
[2026-08-02T09:59:54.236Z] [1401] GET http://localhost:3000/src/index.css?t=1785664782522
[2026-08-02T09:59:54.365Z] [1402] GET http://localhost:3000/src/utils/telescopeLogger.ts
[2026-08-02T09:59:54.518Z] [1403] GET http://localhost:3000/node_modules/.vite/deps/react_jsx-dev-runtime.js?v=647194ca
[2026-08-02T09:59:54.630Z]     ↳ Response: 200 OK
[2026-08-02T09:59:54.734Z] [1404] GET http://localhost:3000/node_modules/vite/dist/client/env.mjs
[2026-08-02T09:59:54.768Z]     ↳ Response: 200 OK
[2026-08-02T09:59:54.811Z] [1405] GET http://localhost:3000/node_modules/.vite/deps/rolldown-runtime-B-1-B7_t.js?v=9329134a
[2026-08-02T09:59:54.829Z]     ↳ Response: 200 OK
[2026-08-02T09:59:54.890Z] [1406] GET http://localhost:3000/src/components/Header.tsx?t=1785664315451
[2026-08-02T09:59:54.948Z] [1407] GET http://localhost:3000/src/components/Navigation.tsx?t=1785663588215
[2026-08-02T09:59:54.961Z] [1408] GET http://localhost:3000/src/components/OperationalDashboard.tsx?t=1785654087699
[2026-08-02T09:59:54.977Z] [1409] GET http://localhost:3000/src/components/GuestManagement.tsx?t=1785654087699
[2026-08-02T09:59:55.035Z] [1410] GET http://localhost:3000/src/components/KitchenManagement.tsx?t=1785654087699
[2026-08-02T09:59:55.093Z] [1411] GET http://localhost:3000/src/components/InventoryManagement.tsx?t=1785654087699
[2026-08-02T09:59:55.219Z] [1412] GET http://localhost:3000/src/components/PettyCashManagement.tsx?t=1785654087699
[2026-08-02T09:59:55.270Z] [1413] GET http://localhost:3000/src/components/CashDrawerManager.tsx?t=1785654087699
[2026-08-02T09:59:55.350Z] [1414] GET http://localhost:3000/src/components/ExpenseItemsManagement.tsx?t=1785612846419
[2026-08-02T09:59:55.399Z] [1415] GET http://localhost:3000/src/components/StaffManagement.tsx?t=1785654087699
[2026-08-02T09:59:55.465Z] [1416] GET http://localhost:3000/src/components/AnalyticsDashboard.tsx?t=1785654087699
[2026-08-02T09:59:55.486Z] [1417] GET http://localhost:3000/src/components/AuditLogsView.tsx
[2026-08-02T09:59:55.515Z] [1418] GET http://localhost:3000/src/components/DataExportCenter.tsx?t=1785654087699
[2026-08-02T09:59:55.557Z] [1419] GET http://localhost:3000/src/components/MenuManager.tsx?t=1785654087699
[2026-08-02T09:59:55.573Z] [1420] GET http://localhost:3000/src/components/MiscChargesManagement.tsx?t=1785654087699
[2026-08-02T09:59:55.615Z] [1421] GET http://localhost:3000/src/components/ICalSyncManager.tsx?t=1785654087699
[2026-08-02T09:59:55.652Z] [1422] GET http://localhost:3000/src/components/TelegramNotificationModal.tsx?t=1785654087699
[2026-08-02T09:59:55.795Z] [1423] GET http://localhost:3000/src/components/DemoDataModal.tsx
[2026-08-02T09:59:55.967Z] [1424] GET http://localhost:3000/src/components/GlobalModal.tsx
[2026-08-02T09:59:56.129Z] [1425] GET http://localhost:3000/src/components/ToastContext.tsx
[2026-08-02T09:59:56.190Z] [1426] GET http://localhost:3000/src/components/LoginModal.tsx?t=1785654087699
[2026-08-02T09:59:56.295Z] [1427] GET http://localhost:3000/src/contexts/StaffContext.tsx?t=1785654087699
[2026-08-02T09:59:56.387Z] [1428] GET http://localhost:3000/src/contexts/AuthContext.tsx?t=1785654087699
[2026-08-02T09:59:56.421Z] [1429] GET http://localhost:3000/src/contexts/FinanceContext.tsx?t=1785654087699
[2026-08-02T09:59:56.502Z] [1430] GET http://localhost:3000/src/contexts/InventoryContext.tsx?t=1785654087699
[2026-08-02T09:59:56.551Z] [1431] GET http://localhost:3000/src/contexts/KitchenContext.tsx?t=1785654087699
[2026-08-02T09:59:56.619Z] [1432] GET http://localhost:3000/src/utils/clientInfo.ts
[2026-08-02T09:59:56.678Z] [1433] GET http://localhost:3000/src/data/appConfig.ts
[2026-08-02T09:59:56.717Z] [1434] GET http://localhost:3000/src/services/themeService.ts
[2026-08-02T09:59:56.731Z] [1435] GET http://localhost:3000/src/services/api.ts?t=1785654087699
[2026-08-02T09:59:56.793Z] [1436] GET http://localhost:3000/src/contexts/ConfigurationDataContext.tsx?t=1785654087699
[2026-08-02T09:59:56.825Z] [1437] GET http://localhost:3000/src/contexts/ModulesContext.tsx?t=1785654087699
[2026-08-02T09:59:56.920Z] [1438] GET http://localhost:3000/src/components/DataLoader.tsx?t=1785654087699
[2026-08-02T09:59:57.155Z] [1439] GET http://localhost:3000/src/components/LoadingScreen.tsx
[2026-08-02T09:59:57.536Z] [1440] GET http://localhost:3000/src/components/LoginPage.tsx
[2026-08-02T09:59:57.706Z] [1441] GET http://localhost:3000/src/components/PlatformPropertyManagement.tsx?t=1785658778613
[2026-08-02T09:59:57.855Z] [1442] GET http://localhost:3000/src/components/TenantDashboard.tsx
[2026-08-02T09:59:57.905Z] [1443] GET http://localhost:3000/src/components/RootAdminDashboard.tsx?t=1785660212018
[2026-08-02T09:59:57.930Z] [1444] GET http://localhost:3000/src/components/MultiKeyPropertyOverview.tsx?t=1785654087699
[2026-08-02T09:59:57.963Z]     ↳ Response: 200 OK
[2026-08-02T09:59:58.014Z] [1445] GET http://localhost:3000/node_modules/.vite/deps/react-dom.js?v=647194ca
[2026-08-02T09:59:58.056Z]     ↳ Response: 200 OK
[2026-08-02T09:59:58.068Z]     ↳ Response: 200 OK
[2026-08-02T09:59:58.090Z]     ↳ Response: 200 OK
[2026-08-02T09:59:58.122Z]     ↳ Response: 200 OK
[2026-08-02T09:59:58.130Z]     ↳ Response: 200 OK
[2026-08-02T09:59:58.151Z]     ↳ Response: 200 OK
[2026-08-02T09:59:58.157Z]     ↳ Response: 200 OK
[2026-08-02T09:59:58.165Z] [1446] GET http://localhost:3000/node_modules/.vite/deps/lucide-react.js?v=907c0d96
[2026-08-02T09:59:58.178Z] [1447] GET http://localhost:3000/src/utils/iconResolver.tsx
[2026-08-02T09:59:58.188Z] [1448] GET http://localhost:3000/src/components/MultiKeyRoomDrawer.tsx?t=1785581097901
[2026-08-02T09:59:58.200Z]     ↳ Response: 200 OK
[2026-08-02T09:59:58.228Z]     ↳ Response: 200 OK
[2026-08-02T09:59:58.280Z] [1449] GET http://localhost:3000/node_modules/.vite/deps/html-to-image.js?v=8ba12c37
[2026-08-02T09:59:58.321Z] [1450] GET http://localhost:3000/src/components/DateRangePicker.tsx?t=1785538574357
[2026-08-02T09:59:58.335Z] [1451] GET http://localhost:3000/src/components/BillingCheckout.tsx?t=1785584077754
[2026-08-02T09:59:58.356Z]     ↳ Response: 200 OK
[2026-08-02T09:59:58.397Z] [1452] GET http://localhost:3000/src/components/SearchableSelect.tsx
[2026-08-02T09:59:58.448Z] [1453] GET http://localhost:3000/node_modules/.vite/deps/react-data-table-component.js?v=de6c4fcd
[2026-08-02T09:59:58.460Z]     ↳ Response: 200 OK
[2026-08-02T09:59:58.472Z]     ↳ Response: 200 OK
[2026-08-02T09:59:58.479Z]     ↳ Response: 200 OK
[2026-08-02T09:59:58.489Z]     ↳ Response: 200 OK
[2026-08-02T09:59:58.496Z]     ↳ Response: 200 OK
[2026-08-02T09:59:58.539Z]     ↳ Response: 200 OK
[2026-08-02T09:59:58.568Z] [1454] GET http://localhost:3000/node_modules/.vite/deps/react-apexcharts.js?v=a1c1290a
[2026-08-02T09:59:58.597Z]     ↳ Response: 200 OK
[2026-08-02T09:59:58.608Z]     ↳ Response: 200 OK
[2026-08-02T09:59:58.619Z]     ↳ Response: 200 OK
[2026-08-02T09:59:58.624Z]     ↳ Response: 200 OK
[2026-08-02T09:59:58.630Z] [1455] GET http://localhost:3000/src/components/NavMenuEditor.tsx?t=1785654087699
[2026-08-02T09:59:58.646Z]     ↳ Response: 200 OK
[2026-08-02T09:59:58.652Z]     ↳ Response: 200 OK
[2026-08-02T09:59:58.657Z]     ↳ Response: 200 OK
[2026-08-02T09:59:58.674Z] [1456] GET http://localhost:3000/src/components/TelegramConnectionSettings.tsx
[2026-08-02T09:59:58.682Z]     ↳ Response: 200 OK
[2026-08-02T09:59:58.697Z]     ↳ Response: 200 OK
[2026-08-02T09:59:58.707Z]     ↳ Response: 200 OK
[2026-08-02T09:59:58.720Z]     ↳ Response: 200 OK
[2026-08-02T09:59:58.734Z]     ↳ Response: 200 OK
[2026-08-02T09:59:58.741Z]     ↳ Response: 200 OK
[2026-08-02T09:59:58.769Z]     ↳ Response: 200 OK
[2026-08-02T09:59:58.780Z]     ↳ Response: 200 OK
[2026-08-02T09:59:58.787Z]     ↳ Response: 200 OK
[2026-08-02T09:59:58.795Z]     ↳ Response: 200 OK
[2026-08-02T09:59:58.802Z]     ↳ Response: 200 OK
[2026-08-02T09:59:58.805Z]     ↳ Response: 200 OK
[2026-08-02T09:59:58.827Z]     ↳ Response: 200 OK
[2026-08-02T09:59:58.848Z]     ↳ Response: 200 OK
[2026-08-02T09:59:58.856Z]     ↳ Response: 200 OK
[2026-08-02T09:59:58.864Z] [1457] GET http://localhost:3000/src/components/InvalidPropertyPage.tsx
[2026-08-02T09:59:58.871Z]     ↳ Response: 200 OK
[2026-08-02T09:59:58.881Z]     ↳ Response: 200 OK
[2026-08-02T09:59:58.882Z]     ↳ Response: 200 OK
[2026-08-02T09:59:58.883Z]     ↳ Response: 200 OK
[2026-08-02T09:59:58.884Z] [1458] GET http://localhost:3000/src/components/ToggleSwitch.tsx
[2026-08-02T09:59:58.885Z]     ↳ Response: 200 OK
[2026-08-02T09:59:58.886Z] [1459] GET http://localhost:3000/src/components/AppearanceSettings.tsx?t=1785660212018
[2026-08-02T09:59:58.889Z] [1460] GET http://localhost:3000/src/components/DefaultExpensesManager.tsx?t=1785590582041
[2026-08-02T09:59:58.898Z]     ↳ Response: 200 OK
[2026-08-02T09:59:58.902Z]     ↳ Response: 200 OK
[2026-08-02T09:59:58.914Z]     ↳ Response: 200 OK
[2026-08-02T09:59:58.922Z]     ↳ Response: 200 OK
[2026-08-02T09:59:58.929Z]     ↳ Response: 200 OK
[2026-08-02T09:59:58.954Z]     ↳ Response: 200 OK
[2026-08-02T09:59:58.975Z]     ↳ Response: 200 OK
[2026-08-02T09:59:59.033Z]     ↳ Response: 200 OK
[2026-08-02T09:59:59.071Z]     ↳ Response: 200 OK
[2026-08-02T09:59:59.085Z]     ↳ Response: 200 OK
[2026-08-02T09:59:59.162Z]     ↳ Response: 200 OK
[2026-08-02T09:59:59.334Z] [1461] GET http://localhost:3000/node_modules/.vite/deps/sortablejs.js?v=bff2b989
[2026-08-02T09:59:59.420Z]     ↳ Response: 200 OK
[2026-08-02T09:59:59.447Z]     ↳ Response: 200 OK
[2026-08-02T09:59:59.462Z]     ↳ Response: 200 OK
[2026-08-02T09:59:59.496Z]     ↳ Response: 200 OK
[2026-08-02T09:59:59.581Z] [1462] GET http://localhost:3000/src/components/ThemeManagement.tsx
[2026-08-02T09:59:59.606Z] [1463] GET http://localhost:3000/src/components/CustomCSSOverride.tsx
[2026-08-02T09:59:59.649Z]     ↳ Response: 200 OK
[2026-08-02T09:59:59.695Z]     ↳ Response: 200 OK
[2026-08-02T09:59:59.741Z]     ↳ Response: 200 OK
[2026-08-02T09:59:59.823Z]     ↳ Response: 200 OK
[2026-08-02T09:59:59.906Z]     ↳ Response: 200 OK
[2026-08-02T10:00:02.199Z] [1464] GET http://localhost:3000/php/api/router.php?action=get_current_property&property_slug=room-101
[2026-08-02T10:00:02.212Z] [1465] GET http://localhost:3000/php/api/router.php?action=get_current_property&property_slug=room-101
[2026-08-02T10:00:02.407Z] [1466] GET http://localhost:3000/icons/favicon-32x32.png
[2026-08-02T10:00:09.303Z]     ↳ Response: 200 OK
[2026-08-02T10:00:09.433Z] [1467] GET http://localhost:3000/php/api/router.php?action=get_property_modules&property_slug=room-101
[2026-08-02T10:00:09.434Z] [1468] GET http://localhost:3000/php/api/router.php?action=get_nav_menu&property_slug=room-101
[2026-08-02T10:00:09.453Z] [1469] GET http://localhost:3000/php/api/router.php?action=get_telegram_config&property_slug=room-101
[2026-08-02T10:00:18.014Z] [1470] GET https://images.unsplash.com/photo-1534528741775-53994a69daeb?w=100&auto=format&fit=crop&q=80
[2026-08-02T10:00:18.015Z]     ↳ Response: 200 OK
[2026-08-02T10:00:18.022Z]     ↳ Response: 200 OK
[2026-08-02T10:00:18.024Z]     ↳ Response: 200 OK
[2026-08-02T10:00:18.035Z]     ↳ Response: 200 OK
[2026-08-02T10:00:18.044Z]     ↳ Response: 200 OK
[2026-08-02T10:00:18.217Z] [1471] GET http://localhost:3000/php/api/router.php?action=get_property_modules&property_slug=room-101
[2026-08-02T10:00:18.218Z] [1472] GET http://localhost:3000/php/api/router.php?action=get_telegram_config&property_slug=room-101
[2026-08-02T10:00:18.222Z] [1473] GET http://localhost:3000/php/api/router.php?action=get_misc_catalog
[2026-08-02T10:00:18.236Z] [1474] GET http://localhost:3000/php/api/router.php?action=get_system_settings
[2026-08-02T10:00:18.237Z] [1475] GET http://localhost:3000/php/api/router.php?action=get_theme_settings
[2026-08-02T10:00:18.244Z] [1476] GET http://localhost:3000/php/api/router.php?action=get_guests&property_slug=room-101
[2026-08-02T10:00:18.247Z] [1477] GET http://localhost:3000/php/api/router.php?action=get_users&property_slug=room-101
[2026-08-02T10:00:18.288Z] [1478] GET http://localhost:3000/php/api/router.php?action=get_attendance&property_slug=room-101
[2026-08-02T10:00:18.301Z] [1479] GET http://localhost:3000/php/api/router.php?action=get_audit_logs&property_slug=room-101
[2026-08-02T10:00:18.308Z] [1480] GET http://localhost:3000/php/api/router.php?action=get_receipts&property_slug=room-101
[2026-08-02T10:00:18.314Z] [1481] GET http://localhost:3000/php/api/router.php?action=get_users&property_slug=room-101
[2026-08-02T10:00:18.315Z] [1482] GET http://localhost:3000/php/api/router.php?action=get_nav_menu&property_slug=room-101
[2026-08-02T10:00:18.318Z] [1483] GET http://localhost:3000/php/api/router.php?action=get_guests&property_slug=room-101
[2026-08-02T10:00:18.321Z] [1484] GET http://localhost:3000/php/api/router.php?action=get_attendance&property_slug=room-101
[2026-08-02T10:00:18.327Z] [1485] GET http://localhost:3000/php/api/router.php?action=get_audit_logs&property_slug=room-101
[2026-08-02T10:00:18.337Z] [1486] GET http://localhost:3000/php/api/router.php?action=get_receipts&property_slug=room-101
[2026-08-02T10:00:18.338Z] [1487] GET http://localhost:3000/php/api/router.php?action=get_misc_catalog&property_slug=room-101
[2026-08-02T10:00:18.587Z] [1488] GET http://localhost:3000/php/api/router.php?action=get_petty_cash&property_slug=room-101
[2026-08-02T10:00:18.632Z] [1489] GET http://localhost:3000/php/api/router.php?action=get_users&property_slug=room-101
[2026-08-02T10:00:18.641Z] [1490] GET http://localhost:3000/php/api/router.php?action=get_attendance&property_slug=room-101
[2026-08-02T10:00:18.644Z] [1491] GET http://localhost:3000/php/api/router.php?action=get_property_modules&property_slug=room-101
[2026-08-02T10:00:18.650Z] [1492] GET http://localhost:3000/php/api/router.php?action=get_telegram_config&property_slug=room-101
[2026-08-02T10:00:18.655Z] [1493] GET http://localhost:3000/php/api/router.php?action=get_misc_catalog
[2026-08-02T10:00:18.665Z] [1494] GET http://localhost:3000/php/api/router.php?action=get_system_settings
[2026-08-02T10:00:18.690Z] [1495] GET http://localhost:3000/php/api/router.php?action=get_theme_settings
[2026-08-02T10:00:18.694Z] [1496] GET http://localhost:3000/php/api/router.php?action=get_guests&property_slug=room-101
[2026-08-02T10:00:18.698Z] [1497] GET http://localhost:3000/php/api/router.php?action=get_users&property_slug=room-101
[2026-08-02T10:00:18.723Z] [1498] GET http://localhost:3000/php/api/router.php?action=get_attendance&property_slug=room-101
[2026-08-02T10:00:18.740Z] [1499] GET http://localhost:3000/php/api/router.php?action=get_audit_logs&property_slug=room-101
[2026-08-02T10:00:18.747Z] [1500] GET http://localhost:3000/php/api/router.php?action=get_receipts&property_slug=room-101
[2026-08-02T10:00:18.755Z] [1501] GET http://localhost:3000/php/api/router.php?action=get_users&property_slug=room-101
[2026-08-02T10:00:18.760Z] [1502] GET http://localhost:3000/php/api/router.php?action=get_nav_menu&property_slug=room-101
[2026-08-02T10:00:18.772Z] [1503] GET http://localhost:3000/php/api/router.php?action=get_guests&property_slug=room-101
[2026-08-02T10:00:18.799Z] [1504] GET http://localhost:3000/php/api/router.php?action=get_attendance&property_slug=room-101
[2026-08-02T10:00:18.812Z] [1505] GET http://localhost:3000/php/api/router.php?action=get_audit_logs&property_slug=room-101
[2026-08-02T10:00:18.813Z] [1506] GET http://localhost:3000/php/api/router.php?action=get_receipts&property_slug=room-101
[2026-08-02T10:00:18.818Z] [1507] GET http://localhost:3000/php/api/router.php?action=get_misc_catalog&property_slug=room-101
[2026-08-02T10:00:18.826Z] [1508] GET http://localhost:3000/php/api/router.php?action=get_petty_cash&property_slug=room-101
[2026-08-02T10:00:18.834Z] [1509] GET http://localhost:3000/php/api/router.php?action=get_users&property_slug=room-101
[2026-08-02T10:00:18.845Z] [1510] GET http://localhost:3000/php/api/router.php?action=get_attendance&property_slug=room-101
[2026-08-02T10:00:18.870Z]     ↳ Response: 200 
[2026-08-02T10:00:23.615Z] [1511] GET http://localhost:3000/php/api/router.php?action=get_property_modules&property_slug=room-101
[2026-08-02T10:00:23.617Z] [1512] GET http://localhost:3000/php/api/router.php?action=get_nav_menu&property_slug=room-101
[2026-08-02T10:00:23.621Z] [1513] GET http://localhost:3000/php/api/router.php?action=get_telegram_config&property_slug=room-101
[2026-08-02T10:00:23.954Z]     ↳ Response: 200 OK
[2026-08-02T10:00:23.955Z]     ↳ Response: 200 OK
[2026-08-02T10:00:23.971Z]     ↳ Response: 200 OK
[2026-08-02T10:00:23.972Z]     ↳ Response: 200 OK
[2026-08-02T10:00:23.985Z]     ↳ Response: 200 OK
[2026-08-02T10:00:23.986Z]     ↳ Response: 200 OK
[2026-08-02T10:00:23.996Z]     ↳ Response: 200 OK
[2026-08-02T10:00:24.002Z]     ↳ Response: 200 OK
[2026-08-02T10:00:24.011Z]     ↳ Response: 200 OK
[2026-08-02T10:00:24.023Z]     ↳ Response: 200 OK
[2026-08-02T10:00:24.024Z]     ↳ Response: 200 OK
[2026-08-02T10:00:24.037Z]     ↳ Response: 200 OK
[2026-08-02T10:00:24.038Z]     ↳ Response: 200 OK
[2026-08-02T10:00:24.044Z]     ↳ Response: 200 OK
[2026-08-02T10:00:24.054Z]     ↳ Response: 200 OK
[2026-08-02T10:00:24.055Z]     ↳ Response: 200 OK
[2026-08-02T10:00:24.069Z]     ↳ Response: 200 OK
[2026-08-02T10:00:24.079Z]     ↳ Response: 200 OK
[2026-08-02T10:00:24.080Z]     ↳ Response: 200 OK
[2026-08-02T10:00:24.095Z]     ↳ Response: 200 OK
[2026-08-02T10:00:24.103Z]     ↳ Response: 200 OK
[2026-08-02T10:00:24.112Z]     ↳ Response: 200 OK
[2026-08-02T10:00:24.115Z]     ↳ Response: 200 OK
[2026-08-02T10:00:24.133Z]     ↳ Response: 200 OK
[2026-08-02T10:00:24.145Z]     ↳ Response: 200 OK
[2026-08-02T10:00:24.148Z]     ↳ Response: 200 OK
[2026-08-02T10:00:24.164Z]     ↳ Response: 200 OK
[2026-08-02T10:00:24.165Z]     ↳ Response: 200 OK
[2026-08-02T10:00:24.168Z]     ↳ Response: 200 OK
[2026-08-02T10:00:24.171Z]     ↳ Response: 200 OK
[2026-08-02T10:00:24.186Z]     ↳ Response: 200 OK
[2026-08-02T10:00:24.199Z]     ↳ Response: 200 OK
[2026-08-02T10:00:24.245Z]     ↳ Response: 200 OK
[2026-08-02T10:00:24.266Z]     ↳ Response: 200 OK
[2026-08-02T10:00:24.267Z]     ↳ Response: 200 OK
[2026-08-02T10:00:24.274Z]     ↳ Response: 200 OK
[2026-08-02T10:00:24.281Z]     ↳ Response: 200 OK
[2026-08-02T10:00:24.299Z]     ↳ Response: 200 OK
[2026-08-02T10:00:24.309Z]     ↳ Response: 200 OK
[2026-08-02T10:00:24.319Z]     ↳ Response: 200 OK
[2026-08-02T10:00:29.907Z]     ↳ Response: 200 OK
[2026-08-02T10:00:29.943Z]     ↳ Response: 200 OK
[2026-08-02T10:00:29.950Z]     ↳ Response: 200 OK
[2026-08-02T10:01:08.726Z] [1514] GET http://localhost:3000/artists_farm/vrikshawan/room-101/
[2026-08-02T10:01:08.850Z]     ↳ Response: 200 OK
[2026-08-02T10:01:08.890Z] [1515] GET http://localhost:3000/@vite/client
[2026-08-02T10:01:08.985Z] [1516] GET http://localhost:3000/src/main.tsx?t=1785664864973
[2026-08-02T10:01:09.148Z] [1517] GET http://localhost:3000/@react-refresh
[2026-08-02T10:01:09.212Z]     ↳ Response: 200 OK
[2026-08-02T10:01:09.288Z] [1518] GET http://localhost:3000/node_modules/.vite/deps/react.js?v=647194ca
[2026-08-02T10:01:09.390Z] [1519] GET http://localhost:3000/node_modules/.vite/deps/react-dom_client.js?v=40766d9c
[2026-08-02T10:01:09.453Z] [1520] GET http://localhost:3000/src/App.tsx?t=1785664444565
[2026-08-02T10:01:09.477Z] [1521] GET http://localhost:3000/src/index.css?t=1785664864973
[2026-08-02T10:01:09.591Z] [1522] GET http://localhost:3000/src/utils/telescopeLogger.ts
[2026-08-02T10:01:09.677Z] [1523] GET http://localhost:3000/node_modules/.vite/deps/react_jsx-dev-runtime.js?v=647194ca
[2026-08-02T10:01:09.799Z]     ↳ Response: 200 OK
[2026-08-02T10:01:09.947Z] [1524] GET http://localhost:3000/node_modules/.vite/deps/rolldown-runtime-B-1-B7_t.js?v=9329134a
[2026-08-02T10:01:10.011Z]     ↳ Response: 200 OK
[2026-08-02T10:01:10.112Z]     ↳ Response: 200 OK
[2026-08-02T10:01:10.250Z] [1525] GET http://localhost:3000/node_modules/vite/dist/client/env.mjs
[2026-08-02T10:01:10.394Z]     ↳ Response: 200 OK
[2026-08-02T10:01:10.593Z]     ↳ Response: 200 OK
[2026-08-02T10:01:10.856Z] [1526] GET http://localhost:3000/src/components/Header.tsx?t=1785664315451
[2026-08-02T10:01:10.927Z] [1527] GET http://localhost:3000/src/components/Navigation.tsx?t=1785663588215
[2026-08-02T10:01:11.133Z] [1528] GET http://localhost:3000/src/components/OperationalDashboard.tsx?t=1785654087699
[2026-08-02T10:01:11.293Z] [1529] GET http://localhost:3000/src/components/GuestManagement.tsx?t=1785654087699
[2026-08-02T10:01:11.405Z] [1530] GET http://localhost:3000/src/components/KitchenManagement.tsx?t=1785654087699
[2026-08-02T10:01:11.516Z] [1531] GET http://localhost:3000/src/components/InventoryManagement.tsx?t=1785654087699
[2026-08-02T10:01:11.597Z] [1532] GET http://localhost:3000/src/components/PettyCashManagement.tsx?t=1785654087699
[2026-08-02T10:01:11.680Z] [1533] GET http://localhost:3000/src/components/CashDrawerManager.tsx?t=1785654087699
[2026-08-02T10:01:11.859Z] [1534] GET http://localhost:3000/src/components/ExpenseItemsManagement.tsx?t=1785612846419
[2026-08-02T10:01:12.127Z] [1535] GET http://localhost:3000/src/components/StaffManagement.tsx?t=1785654087699
[2026-08-02T10:01:12.240Z] [1536] GET http://localhost:3000/src/components/AnalyticsDashboard.tsx?t=1785654087699
[2026-08-02T10:01:12.325Z] [1537] GET http://localhost:3000/src/components/AuditLogsView.tsx
[2026-08-02T10:01:12.378Z] [1538] GET http://localhost:3000/src/components/DataExportCenter.tsx?t=1785654087699
[2026-08-02T10:01:12.414Z] [1539] GET http://localhost:3000/src/components/MenuManager.tsx?t=1785654087699
[2026-08-02T10:01:12.447Z] [1540] GET http://localhost:3000/src/components/MiscChargesManagement.tsx?t=1785654087699
[2026-08-02T10:01:12.557Z] [1541] GET http://localhost:3000/src/components/ICalSyncManager.tsx?t=1785654087699
[2026-08-02T10:01:12.595Z] [1542] GET http://localhost:3000/src/components/TelegramNotificationModal.tsx?t=1785654087699
[2026-08-02T10:01:12.690Z] [1543] GET http://localhost:3000/src/components/DemoDataModal.tsx
[2026-08-02T10:01:12.911Z] [1544] GET http://localhost:3000/src/components/GlobalModal.tsx
[2026-08-02T10:01:12.946Z] [1545] GET http://localhost:3000/src/components/ToastContext.tsx
[2026-08-02T10:01:13.016Z] [1546] GET http://localhost:3000/src/components/LoginModal.tsx?t=1785654087699
[2026-08-02T10:01:13.075Z] [1547] GET http://localhost:3000/src/contexts/StaffContext.tsx?t=1785654087699
[2026-08-02T10:01:13.191Z] [1548] GET http://localhost:3000/src/contexts/AuthContext.tsx?t=1785654087699
[2026-08-02T10:01:13.246Z] [1549] GET http://localhost:3000/src/contexts/FinanceContext.tsx?t=1785654087699
[2026-08-02T10:01:13.293Z] [1550] GET http://localhost:3000/src/contexts/InventoryContext.tsx?t=1785654087699
[2026-08-02T10:01:13.382Z] [1551] GET http://localhost:3000/src/contexts/KitchenContext.tsx?t=1785654087699
[2026-08-02T10:01:13.413Z] [1552] GET http://localhost:3000/src/utils/clientInfo.ts
[2026-08-02T10:01:13.441Z] [1553] GET http://localhost:3000/src/data/appConfig.ts
[2026-08-02T10:01:13.524Z] [1554] GET http://localhost:3000/src/services/themeService.ts
[2026-08-02T10:01:13.738Z] [1555] GET http://localhost:3000/src/services/api.ts?t=1785654087699
[2026-08-02T10:01:14.000Z] [1556] GET http://localhost:3000/src/contexts/ConfigurationDataContext.tsx?t=1785654087699
[2026-08-02T10:01:14.072Z] [1557] GET http://localhost:3000/src/contexts/ModulesContext.tsx?t=1785654087699
[2026-08-02T10:01:14.104Z] [1558] GET http://localhost:3000/src/components/DataLoader.tsx?t=1785654087699
[2026-08-02T10:01:14.149Z] [1559] GET http://localhost:3000/src/components/LoadingScreen.tsx
[2026-08-02T10:01:14.193Z] [1560] GET http://localhost:3000/src/components/LoginPage.tsx
[2026-08-02T10:01:14.220Z] [1561] GET http://localhost:3000/src/components/PlatformPropertyManagement.tsx?t=1785658778613
[2026-08-02T10:01:14.240Z] [1562] GET http://localhost:3000/src/components/TenantDashboard.tsx
[2026-08-02T10:01:14.250Z] [1563] GET http://localhost:3000/src/components/RootAdminDashboard.tsx?t=1785660212018
[2026-08-02T10:01:14.266Z] [1564] GET http://localhost:3000/src/components/MultiKeyPropertyOverview.tsx?t=1785654087699
[2026-08-02T10:01:14.283Z]     ↳ Response: 200 OK
[2026-08-02T10:01:14.293Z]     ↳ Response: 200 OK
[2026-08-02T10:01:14.312Z]     ↳ Response: 200 OK
[2026-08-02T10:01:14.340Z]     ↳ Response: 200 OK
[2026-08-02T10:01:14.379Z]     ↳ Response: 200 OK
[2026-08-02T10:01:14.404Z] [1565] GET http://localhost:3000/node_modules/.vite/deps/lucide-react.js?v=907c0d96
[2026-08-02T10:01:14.416Z]     ↳ Response: 200 OK
[2026-08-02T10:01:14.501Z] [1566] GET http://localhost:3000/src/utils/iconResolver.tsx
[2026-08-02T10:01:14.525Z] [1567] GET http://localhost:3000/src/components/MultiKeyRoomDrawer.tsx?t=1785581097901
[2026-08-02T10:01:14.543Z]     ↳ Response: 200 OK
[2026-08-02T10:01:14.615Z]     ↳ Response: 200 OK
[2026-08-02T10:01:14.636Z]     ↳ Response: 200 OK
[2026-08-02T10:01:14.659Z] [1568] GET http://localhost:3000/node_modules/.vite/deps/html-to-image.js?v=8ba12c37
[2026-08-02T10:01:14.670Z] [1569] GET http://localhost:3000/src/components/DateRangePicker.tsx?t=1785538574357
[2026-08-02T10:01:14.678Z] [1570] GET http://localhost:3000/src/components/BillingCheckout.tsx?t=1785584077754
[2026-08-02T10:01:14.695Z] [1571] GET http://localhost:3000/src/components/SearchableSelect.tsx
[2026-08-02T10:01:14.703Z] [1572] GET http://localhost:3000/node_modules/.vite/deps/react-data-table-component.js?v=de6c4fcd
[2026-08-02T10:01:14.719Z]     ↳ Response: 200 OK
[2026-08-02T10:01:14.729Z] [1573] GET http://localhost:3000/node_modules/.vite/deps/react-dom.js?v=647194ca
[2026-08-02T10:01:14.746Z]     ↳ Response: 200 OK
[2026-08-02T10:01:14.749Z]     ↳ Response: 200 OK
[2026-08-02T10:01:14.754Z]     ↳ Response: 200 OK
[2026-08-02T10:01:14.760Z]     ↳ Response: 200 OK
[2026-08-02T10:01:14.766Z]     ↳ Response: 200 OK
[2026-08-02T10:01:14.769Z] [1574] GET http://localhost:3000/node_modules/.vite/deps/react-apexcharts.js?v=a1c1290a
[2026-08-02T10:01:14.772Z]     ↳ Response: 200 OK
[2026-08-02T10:01:14.779Z]     ↳ Response: 200 OK
[2026-08-02T10:01:14.823Z]     ↳ Response: 200 OK
[2026-08-02T10:01:14.836Z]     ↳ Response: 200 OK
[2026-08-02T10:01:14.839Z]     ↳ Response: 200 OK
[2026-08-02T10:01:14.845Z] [1575] GET http://localhost:3000/src/components/NavMenuEditor.tsx?t=1785654087699
[2026-08-02T10:01:14.893Z]     ↳ Response: 200 OK
[2026-08-02T10:01:14.911Z]     ↳ Response: 200 OK
[2026-08-02T10:01:14.922Z]     ↳ Response: 200 OK
[2026-08-02T10:01:14.953Z] [1576] GET http://localhost:3000/src/components/TelegramConnectionSettings.tsx
[2026-08-02T10:01:14.968Z]     ↳ Response: 200 OK
[2026-08-02T10:01:14.974Z]     ↳ Response: 200 OK
[2026-08-02T10:01:14.983Z]     ↳ Response: 200 OK
[2026-08-02T10:01:15.099Z]     ↳ Response: 200 OK
[2026-08-02T10:01:15.214Z]     ↳ Response: 200 OK
[2026-08-02T10:01:15.266Z]     ↳ Response: 200 OK
[2026-08-02T10:01:15.343Z]     ↳ Response: 200 OK
[2026-08-02T10:01:15.374Z]     ↳ Response: 200 OK
[2026-08-02T10:01:15.414Z]     ↳ Response: 200 OK
[2026-08-02T10:01:15.468Z]     ↳ Response: 200 OK
[2026-08-02T10:01:15.508Z]     ↳ Response: 200 OK
[2026-08-02T10:01:15.539Z]     ↳ Response: 200 OK
[2026-08-02T10:01:15.595Z]     ↳ Response: 200 OK
[2026-08-02T10:01:15.616Z]     ↳ Response: 200 OK
[2026-08-02T10:01:15.629Z]     ↳ Response: 200 OK
[2026-08-02T10:01:15.714Z] [1577] GET http://localhost:3000/src/components/InvalidPropertyPage.tsx
[2026-08-02T10:01:15.844Z]     ↳ Response: 200 OK
[2026-08-02T10:01:15.896Z]     ↳ Response: 200 OK
[2026-08-02T10:01:15.928Z]     ↳ Response: 200 OK
[2026-08-02T10:01:15.949Z]     ↳ Response: 200 OK
[2026-08-02T10:01:15.991Z] [1578] GET http://localhost:3000/src/components/ToggleSwitch.tsx
[2026-08-02T10:01:16.006Z]     ↳ Response: 200 OK
[2026-08-02T10:01:16.050Z]     ↳ Response: 200 OK
[2026-08-02T10:01:16.139Z] [1579] GET http://localhost:3000/src/components/AppearanceSettings.tsx?t=1785660212018
[2026-08-02T10:01:16.159Z] [1580] GET http://localhost:3000/src/components/DefaultExpensesManager.tsx?t=1785590582041
[2026-08-02T10:01:16.175Z]     ↳ Response: 200 OK
[2026-08-02T10:01:16.216Z]     ↳ Response: 200 OK
[2026-08-02T10:01:16.261Z]     ↳ Response: 200 OK
[2026-08-02T10:01:16.294Z]     ↳ Response: 200 OK
[2026-08-02T10:01:16.310Z]     ↳ Response: 200 OK
[2026-08-02T10:01:16.325Z]     ↳ Response: 200 OK
[2026-08-02T10:01:16.331Z]     ↳ Response: 200 OK
[2026-08-02T10:01:16.383Z]     ↳ Response: 200 OK
[2026-08-02T10:01:16.411Z]     ↳ Response: 200 OK
[2026-08-02T10:01:16.423Z] [1581] GET http://localhost:3000/node_modules/.vite/deps/sortablejs.js?v=bff2b989
[2026-08-02T10:01:16.441Z]     ↳ Response: 200 OK
[2026-08-02T10:01:16.454Z]     ↳ Response: 200 OK
[2026-08-02T10:01:16.461Z]     ↳ Response: 200 OK
[2026-08-02T10:01:16.473Z]     ↳ Response: 200 OK
[2026-08-02T10:01:16.497Z]     ↳ Response: 200 OK
[2026-08-02T10:01:16.524Z]     ↳ Response: 200 OK
[2026-08-02T10:01:16.573Z] [1582] GET http://localhost:3000/src/components/ThemeManagement.tsx
[2026-08-02T10:01:16.608Z] [1583] GET http://localhost:3000/src/components/CustomCSSOverride.tsx
[2026-08-02T10:01:16.627Z]     ↳ Response: 200 OK
[2026-08-02T10:01:16.645Z]     ↳ Response: 200 OK
[2026-08-02T10:01:16.659Z]     ↳ Response: 200 OK
[2026-08-02T10:01:16.665Z]     ↳ Response: 200 OK
[2026-08-02T10:01:18.069Z] [1584] GET http://localhost:3000/php/api/router.php?action=get_current_property&property_slug=room-101
[2026-08-02T10:01:18.078Z] [1585] GET http://localhost:3000/php/api/router.php?action=get_current_property&property_slug=room-101
[2026-08-02T10:01:18.705Z] [1586] GET http://localhost:3000/icons/favicon-32x32.png
[2026-08-02T10:01:18.760Z] [1587] GET http://localhost:3000/artists_farm/vrikshawan/room-101/
[2026-08-02T10:01:18.762Z]     ↳ Response: 200 OK
[2026-08-02T10:01:18.781Z] [1588] GET http://localhost:3000/php/api/router.php?action=get_property_modules&property_slug=room-101
[2026-08-02T10:01:18.790Z] [1589] GET http://localhost:3000/php/api/router.php?action=get_nav_menu&property_slug=room-101
[2026-08-02T10:01:18.799Z] [1590] GET http://localhost:3000/php/api/router.php?action=get_telegram_config&property_slug=room-101
[2026-08-02T10:01:18.958Z]     ↳ Response: 200 OK
[2026-08-02T10:01:18.963Z] [1591] GET http://localhost:3000/php/api/router.php?action=get_property_modules&property_slug=room-101
[2026-08-02T10:01:18.997Z] [1592] GET http://localhost:3000/php/api/router.php?action=get_nav_menu&property_slug=room-101
[2026-08-02T10:01:19.021Z] [1593] GET http://localhost:3000/php/api/router.php?action=get_telegram_config&property_slug=room-101
[2026-08-02T10:01:19.246Z]     ↳ Response: 200 OK
[2026-08-02T10:01:19.280Z] [1594] GET http://localhost:3000/@vite/client
[2026-08-02T10:01:19.291Z] [1595] GET http://localhost:3000/src/main.tsx?t=1785664875649
[2026-08-02T10:01:19.296Z] [1596] GET http://localhost:3000/@react-refresh
[2026-08-02T10:01:19.910Z]     ↳ Response: 200 OK
[2026-08-02T10:01:19.993Z]     ↳ Response: 200 OK
[2026-08-02T10:01:20.178Z] [1597] GET http://localhost:3000/node_modules/.vite/deps/react.js?v=647194ca
[2026-08-02T10:01:20.370Z]     ↳ Response: 200 OK
[2026-08-02T10:01:20.532Z] [1598] GET http://localhost:3000/node_modules/.vite/deps/react-dom_client.js?v=40766d9c
[2026-08-02T10:01:20.598Z]     ↳ Response: 200 OK
[2026-08-02T10:01:20.613Z] [1599] GET http://localhost:3000/src/App.tsx?t=1785664444565
[2026-08-02T10:01:20.876Z] [1600] GET http://localhost:3000/src/index.css?t=1785664875649
[2026-08-02T10:01:21.015Z] [1601] GET http://localhost:3000/src/utils/telescopeLogger.ts
[2026-08-02T10:01:21.349Z] [1602] GET http://localhost:3000/node_modules/.vite/deps/react_jsx-dev-runtime.js?v=647194ca
[2026-08-02T10:01:21.523Z]     ↳ Response: 200 OK
[2026-08-02T10:01:21.593Z] [1603] GET http://localhost:3000/node_modules/vite/dist/client/env.mjs
[2026-08-02T10:01:21.759Z] [1604] GET http://localhost:3000/node_modules/.vite/deps/rolldown-runtime-B-1-B7_t.js?v=9329134a
[2026-08-02T10:01:21.828Z]     ↳ Response: 200 OK
[2026-08-02T10:01:21.877Z] [1605] GET http://localhost:3000/node_modules/.vite/deps/react-dom.js?v=647194ca
[2026-08-02T10:01:21.900Z]     ↳ Response: 200 OK
[2026-08-02T10:01:21.933Z]     ↳ Response: 200 OK
[2026-08-02T10:01:22.083Z]     ↳ Response: 200 OK
[2026-08-02T10:01:22.273Z]     ↳ Response: 200 OK
[2026-08-02T10:01:22.372Z]     ↳ Response: 200 OK
[2026-08-02T10:01:22.491Z] [1606] GET http://localhost:3000/src/components/Header.tsx?t=1785664315451
[2026-08-02T10:01:22.614Z] [1607] GET http://localhost:3000/src/components/Navigation.tsx?t=1785663588215
[2026-08-02T10:01:22.727Z] [1608] GET http://localhost:3000/src/components/OperationalDashboard.tsx?t=1785654087699
[2026-08-02T10:01:22.783Z] [1609] GET http://localhost:3000/src/components/GuestManagement.tsx?t=1785654087699
[2026-08-02T10:01:22.873Z] [1610] GET http://localhost:3000/src/components/KitchenManagement.tsx?t=1785654087699
[2026-08-02T10:01:22.916Z] [1611] GET http://localhost:3000/src/components/InventoryManagement.tsx?t=1785654087699
[2026-08-02T10:01:22.978Z] [1612] GET http://localhost:3000/src/components/PettyCashManagement.tsx?t=1785654087699
[2026-08-02T10:01:23.040Z] [1613] GET http://localhost:3000/src/components/CashDrawerManager.tsx?t=1785654087699
[2026-08-02T10:01:23.072Z] [1614] GET http://localhost:3000/src/components/ExpenseItemsManagement.tsx?t=1785612846419
[2026-08-02T10:01:23.112Z] [1615] GET http://localhost:3000/src/components/StaffManagement.tsx?t=1785654087699
[2026-08-02T10:01:23.183Z] [1616] GET http://localhost:3000/src/components/AnalyticsDashboard.tsx?t=1785654087699
[2026-08-02T10:01:23.344Z] [1617] GET http://localhost:3000/src/components/AuditLogsView.tsx
[2026-08-02T10:01:23.446Z] [1618] GET http://localhost:3000/src/components/DataExportCenter.tsx?t=1785654087699
[2026-08-02T10:01:23.473Z] [1619] GET http://localhost:3000/src/components/MenuManager.tsx?t=1785654087699
[2026-08-02T10:01:23.499Z] [1620] GET http://localhost:3000/src/components/MiscChargesManagement.tsx?t=1785654087699
[2026-08-02T10:01:23.514Z] [1621] GET http://localhost:3000/src/components/ICalSyncManager.tsx?t=1785654087699
[2026-08-02T10:01:23.527Z] [1622] GET http://localhost:3000/src/components/TelegramNotificationModal.tsx?t=1785654087699
[2026-08-02T10:01:23.533Z] [1623] GET http://localhost:3000/src/components/DemoDataModal.tsx
[2026-08-02T10:01:23.537Z] [1624] GET http://localhost:3000/src/components/GlobalModal.tsx
[2026-08-02T10:01:23.550Z] [1625] GET http://localhost:3000/src/components/ToastContext.tsx
[2026-08-02T10:01:23.558Z] [1626] GET http://localhost:3000/src/components/LoginModal.tsx?t=1785654087699
[2026-08-02T10:01:23.565Z] [1627] GET http://localhost:3000/src/contexts/StaffContext.tsx?t=1785654087699
[2026-08-02T10:01:23.577Z] [1628] GET http://localhost:3000/src/contexts/AuthContext.tsx?t=1785654087699
[2026-08-02T10:01:23.588Z] [1629] GET http://localhost:3000/src/contexts/FinanceContext.tsx?t=1785654087699
[2026-08-02T10:01:23.598Z] [1630] GET http://localhost:3000/src/contexts/InventoryContext.tsx?t=1785654087699
[2026-08-02T10:01:23.606Z] [1631] GET http://localhost:3000/src/contexts/KitchenContext.tsx?t=1785654087699
[2026-08-02T10:01:23.610Z] [1632] GET http://localhost:3000/src/utils/clientInfo.ts
[2026-08-02T10:01:23.626Z] [1633] GET http://localhost:3000/src/data/appConfig.ts
[2026-08-02T10:01:23.637Z] [1634] GET http://localhost:3000/src/services/themeService.ts
[2026-08-02T10:01:23.643Z] [1635] GET http://localhost:3000/src/services/api.ts?t=1785654087699
[2026-08-02T10:01:23.647Z] [1636] GET http://localhost:3000/src/contexts/ConfigurationDataContext.tsx?t=1785654087699
[2026-08-02T10:01:23.654Z] [1637] GET http://localhost:3000/src/contexts/ModulesContext.tsx?t=1785654087699
[2026-08-02T10:01:23.655Z] [1638] GET http://localhost:3000/src/components/DataLoader.tsx?t=1785654087699
[2026-08-02T10:01:23.663Z] [1639] GET http://localhost:3000/src/components/LoadingScreen.tsx
[2026-08-02T10:01:23.668Z] [1640] GET http://localhost:3000/src/components/LoginPage.tsx
[2026-08-02T10:01:23.671Z] [1641] GET http://localhost:3000/src/components/PlatformPropertyManagement.tsx?t=1785658778613
[2026-08-02T10:01:23.679Z] [1642] GET http://localhost:3000/src/components/TenantDashboard.tsx
[2026-08-02T10:01:23.681Z] [1643] GET http://localhost:3000/src/components/RootAdminDashboard.tsx?t=1785660212018
[2026-08-02T10:01:23.696Z] [1644] GET http://localhost:3000/src/components/MultiKeyPropertyOverview.tsx?t=1785654087699
[2026-08-02T10:01:23.702Z]     ↳ Response: 304 Not Modified
[2026-08-02T10:01:23.747Z] [1645] GET http://localhost:3000/src/utils/iconResolver.tsx
[2026-08-02T10:01:23.757Z] [1646] GET http://localhost:3000/node_modules/.vite/deps/lucide-react.js?v=907c0d96
[2026-08-02T10:01:23.764Z]     ↳ Response: 200 OK
[2026-08-02T10:01:23.774Z] [1647] GET http://localhost:3000/src/components/MultiKeyRoomDrawer.tsx?t=1785581097901
[2026-08-02T10:01:23.781Z]     ↳ Response: 304 Not Modified
[2026-08-02T10:01:23.790Z]     ↳ Response: 304 Not Modified
[2026-08-02T10:01:23.872Z]     ↳ Response: 200 OK
[2026-08-02T10:01:23.955Z]     ↳ Response: 200 OK
[2026-08-02T10:01:24.016Z] [1648] GET http://localhost:3000/node_modules/.vite/deps/html-to-image.js?v=8ba12c37
[2026-08-02T10:01:24.113Z]     ↳ Response: 200 OK
[2026-08-02T10:01:24.144Z] [1649] GET http://localhost:3000/src/components/DateRangePicker.tsx?t=1785538574357
[2026-08-02T10:01:24.191Z] [1650] GET http://localhost:3000/src/components/BillingCheckout.tsx?t=1785584077754
[2026-08-02T10:01:24.300Z]     ↳ Response: 200 OK
[2026-08-02T10:01:24.511Z] [1651] GET http://localhost:3000/src/components/SearchableSelect.tsx
[2026-08-02T10:01:24.624Z] [1652] GET http://localhost:3000/node_modules/.vite/deps/react-data-table-component.js?v=de6c4fcd
[2026-08-02T10:01:24.708Z]     ↳ Response: 200 OK
[2026-08-02T10:01:24.764Z]     ↳ Response: 200 OK
[2026-08-02T10:01:24.774Z]     ↳ Response: 200 OK
[2026-08-02T10:01:24.789Z]     ↳ Response: 200 OK
[2026-08-02T10:01:24.797Z]     ↳ Response: 200 OK
[2026-08-02T10:01:24.815Z]     ↳ Response: 200 OK
[2026-08-02T10:01:24.841Z] [1653] GET http://localhost:3000/node_modules/.vite/deps/react-apexcharts.js?v=a1c1290a
[2026-08-02T10:01:24.847Z]     ↳ Response: 200 OK
[2026-08-02T10:01:24.874Z]     ↳ Response: 200 OK
[2026-08-02T10:01:24.883Z]     ↳ Response: 200 OK
[2026-08-02T10:01:24.898Z]     ↳ Response: 200 OK
[2026-08-02T10:01:24.914Z]     ↳ Response: 200 OK
[2026-08-02T10:01:24.924Z]     ↳ Response: 200 OK
[2026-08-02T10:01:24.931Z] [1654] GET http://localhost:3000/src/components/NavMenuEditor.tsx?t=1785654087699
[2026-08-02T10:01:24.943Z]     ↳ Response: 200 OK
[2026-08-02T10:01:24.955Z]     ↳ Response: 200 OK
[2026-08-02T10:01:24.961Z]     ↳ Response: 200 OK
[2026-08-02T10:01:24.971Z] [1655] GET http://localhost:3000/src/components/TelegramConnectionSettings.tsx
[2026-08-02T10:01:24.977Z]     ↳ Response: 200 OK
[2026-08-02T10:01:24.986Z]     ↳ Response: 200 OK
[2026-08-02T10:01:24.989Z]     ↳ Response: 200 OK
[2026-08-02T10:01:24.999Z]     ↳ Response: 200 OK
[2026-08-02T10:01:25.006Z]     ↳ Response: 200 OK
[2026-08-02T10:01:25.023Z]     ↳ Response: 200 OK
[2026-08-02T10:01:25.025Z]     ↳ Response: 200 OK
[2026-08-02T10:01:25.030Z]     ↳ Response: 200 OK
[2026-08-02T10:01:25.038Z]     ↳ Response: 200 OK
[2026-08-02T10:01:25.041Z]     ↳ Response: 200 OK
[2026-08-02T10:01:25.046Z]     ↳ Response: 200 OK
[2026-08-02T10:01:25.055Z]     ↳ Response: 200 OK
[2026-08-02T10:01:25.056Z]     ↳ Response: 200 OK
[2026-08-02T10:01:25.061Z]     ↳ Response: 200 OK
[2026-08-02T10:01:25.063Z]     ↳ Response: 200 OK
[2026-08-02T10:01:25.079Z]     ↳ Response: 200 OK
[2026-08-02T10:01:25.085Z] [1656] GET http://localhost:3000/src/components/InvalidPropertyPage.tsx
[2026-08-02T10:01:25.095Z]     ↳ Response: 200 OK
[2026-08-02T10:01:25.108Z]     ↳ Response: 200 OK
[2026-08-02T10:01:25.116Z]     ↳ Response: 200 OK
[2026-08-02T10:01:25.128Z]     ↳ Response: 200 OK
[2026-08-02T10:01:25.143Z] [1657] GET http://localhost:3000/src/components/AppearanceSettings.tsx?t=1785660212018
[2026-08-02T10:01:25.152Z] [1658] GET http://localhost:3000/src/components/DefaultExpensesManager.tsx?t=1785590582041
[2026-08-02T10:01:25.176Z] [1659] GET http://localhost:3000/src/components/ToggleSwitch.tsx
[2026-08-02T10:01:25.192Z]     ↳ Response: 200 OK
[2026-08-02T10:01:25.197Z]     ↳ Response: 200 OK
[2026-08-02T10:01:25.206Z]     ↳ Response: 200 OK
[2026-08-02T10:01:25.209Z]     ↳ Response: 200 OK
[2026-08-02T10:01:25.212Z]     ↳ Response: 200 OK
[2026-08-02T10:01:25.224Z]     ↳ Response: 200 OK
[2026-08-02T10:01:25.229Z]     ↳ Response: 304 Not Modified
[2026-08-02T10:01:25.236Z]     ↳ Response: 200 OK
[2026-08-02T10:01:25.240Z]     ↳ Response: 200 OK
[2026-08-02T10:01:25.245Z] [1660] GET http://localhost:3000/node_modules/.vite/deps/sortablejs.js?v=bff2b989
[2026-08-02T10:01:25.250Z]     ↳ Response: 200 OK
[2026-08-02T10:01:25.255Z]     ↳ Response: 304 Not Modified
[2026-08-02T10:01:25.261Z] [1661] GET http://localhost:3000/src/components/ThemeManagement.tsx
[2026-08-02T10:01:25.263Z] [1662] GET http://localhost:3000/src/components/CustomCSSOverride.tsx
[2026-08-02T10:01:25.276Z]     ↳ Response: 304 Not Modified
[2026-08-02T10:01:25.281Z]     ↳ Response: 304 Not Modified
[2026-08-02T10:01:25.287Z]     ↳ Response: 304 Not Modified
[2026-08-02T10:01:25.293Z]     ↳ Response: 304 Not Modified
[2026-08-02T10:01:34.993Z] [1663] GET http://localhost:3000/php/api/router.php?action=get_current_property&property_slug=room-101
[2026-08-02T10:01:34.995Z] [1664] GET http://localhost:3000/php/api/router.php?action=get_current_property&property_slug=room-101
[2026-08-02T10:01:35.149Z]     ↳ Response: 200 OK
[2026-08-02T10:01:36.347Z] [1665] GET http://localhost:3000/php/api/router.php?action=get_property_modules&property_slug=room-101
[2026-08-02T10:01:36.361Z] [1666] GET http://localhost:3000/php/api/router.php?action=get_nav_menu&property_slug=room-101
[2026-08-02T10:01:36.370Z] [1667] GET http://localhost:3000/php/api/router.php?action=get_telegram_config&property_slug=room-101
[2026-08-02T10:01:36.391Z]     ↳ Response: 200 OK
[2026-08-02T10:01:38.081Z]     ↳ Response: 200 OK
[2026-08-02T10:01:38.096Z]     ↳ Response: 200 OK
[2026-08-02T10:01:40.664Z]     ↳ Response: 200 OK
[2026-08-02T10:01:40.710Z] [1668] GET http://localhost:3000/php/api/router.php?action=get_property_modules&property_slug=room-101
[2026-08-02T10:01:40.711Z] [1669] GET http://localhost:3000/php/api/router.php?action=get_nav_menu&property_slug=room-101
[2026-08-02T10:01:40.713Z] [1670] GET http://localhost:3000/php/api/router.php?action=get_telegram_config&property_slug=room-101
[2026-08-02T10:01:42.276Z] [1671] GET https://images.unsplash.com/photo-1534528741775-53994a69daeb?w=100&auto=format&fit=crop&q=80
[2026-08-02T10:01:42.277Z]     ↳ Response: 200 OK
[2026-08-02T10:01:42.281Z]     ↳ Response: 200 OK
[2026-08-02T10:01:42.289Z]     ↳ Response: 200 OK
[2026-08-02T10:01:44.621Z] [1672] GET http://localhost:3000/php/api/router.php?action=get_property_modules&property_slug=room-101
[2026-08-02T10:01:44.622Z] [1673] GET http://localhost:3000/php/api/router.php?action=get_telegram_config&property_slug=room-101
[2026-08-02T10:01:44.626Z] [1674] GET http://localhost:3000/php/api/router.php?action=get_misc_catalog
[2026-08-02T10:01:44.631Z] [1675] GET http://localhost:3000/php/api/router.php?action=get_system_settings
[2026-08-02T10:01:44.637Z] [1676] GET http://localhost:3000/php/api/router.php?action=get_theme_settings
[2026-08-02T10:01:44.641Z] [1677] GET http://localhost:3000/php/api/router.php?action=get_guests&property_slug=room-101
[2026-08-02T10:01:44.656Z] [1678] GET http://localhost:3000/php/api/router.php?action=get_users&property_slug=room-101
[2026-08-02T10:01:44.657Z] [1679] GET http://localhost:3000/php/api/router.php?action=get_attendance&property_slug=room-101
[2026-08-02T10:01:44.661Z] [1680] GET http://localhost:3000/php/api/router.php?action=get_audit_logs&property_slug=room-101
[2026-08-02T10:01:44.666Z] [1681] GET http://localhost:3000/php/api/router.php?action=get_receipts&property_slug=room-101
[2026-08-02T10:01:44.670Z] [1682] GET http://localhost:3000/php/api/router.php?action=get_users&property_slug=room-101
[2026-08-02T10:01:44.672Z] [1683] GET http://localhost:3000/php/api/router.php?action=get_nav_menu&property_slug=room-101
[2026-08-02T10:01:44.681Z] [1684] GET http://localhost:3000/php/api/router.php?action=get_guests&property_slug=room-101
[2026-08-02T10:01:44.687Z] [1685] GET http://localhost:3000/php/api/router.php?action=get_attendance&property_slug=room-101
[2026-08-02T10:01:44.692Z] [1686] GET http://localhost:3000/php/api/router.php?action=get_audit_logs&property_slug=room-101
[2026-08-02T10:01:44.696Z] [1687] GET http://localhost:3000/php/api/router.php?action=get_receipts&property_slug=room-101
[2026-08-02T10:01:44.708Z] [1688] GET http://localhost:3000/php/api/router.php?action=get_misc_catalog&property_slug=room-101
[2026-08-02T10:01:44.758Z] [1689] GET http://localhost:3000/php/api/router.php?action=get_petty_cash&property_slug=room-101
[2026-08-02T10:01:44.767Z] [1690] GET http://localhost:3000/php/api/router.php?action=get_users&property_slug=room-101
[2026-08-02T10:01:44.774Z] [1691] GET http://localhost:3000/php/api/router.php?action=get_attendance&property_slug=room-101
[2026-08-02T10:01:44.776Z] [1692] GET http://localhost:3000/php/api/router.php?action=get_property_modules&property_slug=room-101
[2026-08-02T10:01:44.794Z] [1693] GET http://localhost:3000/php/api/router.php?action=get_telegram_config&property_slug=room-101
[2026-08-02T10:01:44.842Z] [1694] GET http://localhost:3000/php/api/router.php?action=get_misc_catalog
[2026-08-02T10:01:44.904Z] [1695] GET http://localhost:3000/php/api/router.php?action=get_system_settings
[2026-08-02T10:01:44.994Z] [1696] GET http://localhost:3000/php/api/router.php?action=get_theme_settings
[2026-08-02T10:01:45.050Z] [1697] GET http://localhost:3000/php/api/router.php?action=get_guests&property_slug=room-101
[2026-08-02T10:01:45.123Z] [1698] GET http://localhost:3000/php/api/router.php?action=get_users&property_slug=room-101
[2026-08-02T10:01:45.153Z] [1699] GET http://localhost:3000/php/api/router.php?action=get_attendance&property_slug=room-101
[2026-08-02T10:01:45.177Z] [1700] GET http://localhost:3000/php/api/router.php?action=get_audit_logs&property_slug=room-101
[2026-08-02T10:01:45.191Z] [1701] GET http://localhost:3000/php/api/router.php?action=get_receipts&property_slug=room-101
[2026-08-02T10:01:45.233Z] [1702] GET http://localhost:3000/php/api/router.php?action=get_users&property_slug=room-101
[2026-08-02T10:01:45.270Z] [1703] GET http://localhost:3000/php/api/router.php?action=get_nav_menu&property_slug=room-101
[2026-08-02T10:01:45.283Z] [1704] GET http://localhost:3000/php/api/router.php?action=get_guests&property_slug=room-101
[2026-08-02T10:01:45.301Z] [1705] GET http://localhost:3000/php/api/router.php?action=get_attendance&property_slug=room-101
[2026-08-02T10:01:45.305Z] [1706] GET http://localhost:3000/php/api/router.php?action=get_audit_logs&property_slug=room-101
[2026-08-02T10:01:45.809Z] [1707] GET http://localhost:3000/php/api/router.php?action=get_receipts&property_slug=room-101
[2026-08-02T10:01:45.933Z] [1708] GET http://localhost:3000/php/api/router.php?action=get_misc_catalog&property_slug=room-101
[2026-08-02T10:01:45.946Z] [1709] GET http://localhost:3000/php/api/router.php?action=get_petty_cash&property_slug=room-101
[2026-08-02T10:01:45.958Z] [1710] GET http://localhost:3000/php/api/router.php?action=get_users&property_slug=room-101
[2026-08-02T10:01:45.963Z] [1711] GET http://localhost:3000/php/api/router.php?action=get_attendance&property_slug=room-101
[2026-08-02T10:01:46.044Z]     ↳ Response: 200 
[2026-08-02T10:01:46.056Z]     ↳ Response: 200 OK
[2026-08-02T10:01:46.097Z]     ↳ Response: 200 OK
[2026-08-02T10:01:46.098Z]     ↳ Response: 200 OK
[2026-08-02T10:01:46.112Z]     ↳ Response: 200 OK
[2026-08-02T10:01:46.113Z]     ↳ Response: 200 OK
[2026-08-02T10:01:46.142Z]     ↳ Response: 200 OK
[2026-08-02T10:01:46.152Z]     ↳ Response: 200 OK
[2026-08-02T10:01:46.160Z]     ↳ Response: 200 OK
[2026-08-02T10:01:46.161Z]     ↳ Response: 200 OK
[2026-08-02T10:01:46.231Z]     ↳ Response: 200 OK
[2026-08-02T10:01:46.232Z]     ↳ Response: 200 OK
[2026-08-02T10:01:46.323Z]     ↳ Response: 200 OK
[2026-08-02T10:01:46.342Z]     ↳ Response: 200 OK
[2026-08-02T10:01:46.497Z]     ↳ Response: 200 OK
[2026-08-02T10:01:46.589Z]     ↳ Response: 200 OK
[2026-08-02T10:01:46.596Z]     ↳ Response: 200 OK
[2026-08-02T10:01:47.450Z]     ↳ Response: 200 OK
[2026-08-02T10:01:47.503Z]     ↳ Response: 200 OK
[2026-08-02T10:01:47.511Z]     ↳ Response: 200 OK
[2026-08-02T10:01:47.517Z]     ↳ Response: 200 OK
[2026-08-02T10:01:47.638Z]     ↳ Response: 200 OK
[2026-08-02T10:01:47.639Z]     ↳ Response: 200 OK
[2026-08-02T10:01:47.649Z]     ↳ Response: 200 OK
[2026-08-02T10:01:47.656Z]     ↳ Response: 200 OK
[2026-08-02T10:01:47.664Z]     ↳ Response: 200 OK
[2026-08-02T10:01:47.665Z]     ↳ Response: 200 OK
[2026-08-02T10:01:47.693Z]     ↳ Response: 200 OK
[2026-08-02T10:01:47.704Z]     ↳ Response: 200 OK
[2026-08-02T10:01:47.705Z]     ↳ Response: 200 OK
[2026-08-02T10:01:47.708Z]     ↳ Response: 200 OK
[2026-08-02T10:01:47.713Z]     ↳ Response: 200 OK
[2026-08-02T10:01:47.717Z]     ↳ Response: 200 OK
[2026-08-02T10:01:47.720Z]     ↳ Response: 200 OK
[2026-08-02T10:01:47.726Z]     ↳ Response: 200 OK
[2026-08-02T10:01:47.732Z]     ↳ Response: 200 OK
[2026-08-02T10:01:47.738Z]     ↳ Response: 200 OK
[2026-08-02T10:01:47.744Z]     ↳ Response: 200 OK
[2026-08-02T10:01:47.747Z]     ↳ Response: 200 OK
[2026-08-02T10:01:47.753Z]     ↳ Response: 200 OK
[2026-08-02T10:01:47.766Z]     ↳ Response: 200 OK
[2026-08-02T10:03:31.858Z] [1712] GET http://localhost:3000/artists_farm/vrikshawan/room-101/
[2026-08-02T10:03:32.394Z]     ↳ Response: 200 OK
[2026-08-02T10:03:32.458Z] [1713] GET http://localhost:3000/@vite/client
[2026-08-02T10:03:32.467Z] [1714] GET http://localhost:3000/src/main.tsx?t=1785665011521
[2026-08-02T10:03:32.477Z] [1715] GET http://localhost:3000/@react-refresh
[2026-08-02T10:03:32.490Z]     ↳ Response: 200 OK
[2026-08-02T10:03:32.495Z] [1716] GET http://localhost:3000/node_modules/.vite/deps/react.js?v=647194ca
[2026-08-02T10:03:32.537Z] [1717] GET http://localhost:3000/node_modules/.vite/deps/react-dom_client.js?v=40766d9c
[2026-08-02T10:03:32.556Z] [1718] GET http://localhost:3000/src/App.tsx?t=1785664444565
[2026-08-02T10:03:32.575Z] [1719] GET http://localhost:3000/src/index.css?t=1785665011521
[2026-08-02T10:03:32.577Z] [1720] GET http://localhost:3000/src/utils/telescopeLogger.ts
[2026-08-02T10:03:32.755Z] [1721] GET http://localhost:3000/node_modules/.vite/deps/react_jsx-dev-runtime.js?v=647194ca
[2026-08-02T10:03:32.850Z]     ↳ Response: 200 OK
[2026-08-02T10:03:33.017Z]     ↳ Response: 200 OK
[2026-08-02T10:03:33.178Z] [1722] GET http://localhost:3000/node_modules/vite/dist/client/env.mjs
[2026-08-02T10:03:33.311Z]     ↳ Response: 200 OK
[2026-08-02T10:03:33.394Z] [1723] GET http://localhost:3000/node_modules/.vite/deps/rolldown-runtime-B-1-B7_t.js?v=9329134a
[2026-08-02T10:03:33.536Z]     ↳ Response: 200 OK
[2026-08-02T10:03:33.600Z] [1724] GET http://localhost:3000/src/components/Header.tsx?t=1785664315451
[2026-08-02T10:03:33.674Z] [1725] GET http://localhost:3000/src/components/Navigation.tsx?t=1785663588215
[2026-08-02T10:03:33.723Z] [1726] GET http://localhost:3000/src/components/OperationalDashboard.tsx?t=1785654087699
[2026-08-02T10:03:33.761Z] [1727] GET http://localhost:3000/src/components/GuestManagement.tsx?t=1785654087699
[2026-08-02T10:03:33.820Z] [1728] GET http://localhost:3000/src/components/KitchenManagement.tsx?t=1785654087699
[2026-08-02T10:03:33.875Z] [1729] GET http://localhost:3000/src/components/InventoryManagement.tsx?t=1785654087699
[2026-08-02T10:03:34.010Z] [1730] GET http://localhost:3000/src/components/PettyCashManagement.tsx?t=1785654087699
[2026-08-02T10:03:34.091Z] [1731] GET http://localhost:3000/src/components/CashDrawerManager.tsx?t=1785654087699
[2026-08-02T10:03:34.186Z] [1732] GET http://localhost:3000/src/components/ExpenseItemsManagement.tsx?t=1785612846419
[2026-08-02T10:03:34.231Z] [1733] GET http://localhost:3000/src/components/StaffManagement.tsx?t=1785654087699
[2026-08-02T10:03:34.293Z] [1734] GET http://localhost:3000/src/components/AnalyticsDashboard.tsx?t=1785654087699
[2026-08-02T10:03:34.323Z] [1735] GET http://localhost:3000/src/components/AuditLogsView.tsx
[2026-08-02T10:03:34.371Z] [1736] GET http://localhost:3000/src/components/DataExportCenter.tsx?t=1785654087699
[2026-08-02T10:03:34.492Z] [1737] GET http://localhost:3000/src/components/MenuManager.tsx?t=1785654087699
[2026-08-02T10:03:34.559Z] [1738] GET http://localhost:3000/src/components/MiscChargesManagement.tsx?t=1785654087699
[2026-08-02T10:03:34.600Z] [1739] GET http://localhost:3000/src/components/ICalSyncManager.tsx?t=1785654087699
[2026-08-02T10:03:34.620Z] [1740] GET http://localhost:3000/src/components/TelegramNotificationModal.tsx?t=1785654087699
[2026-08-02T10:03:34.636Z] [1741] GET http://localhost:3000/src/components/DemoDataModal.tsx
[2026-08-02T10:03:34.661Z] [1742] GET http://localhost:3000/src/components/GlobalModal.tsx
[2026-08-02T10:03:34.717Z] [1743] GET http://localhost:3000/src/components/ToastContext.tsx
[2026-08-02T10:03:34.734Z] [1744] GET http://localhost:3000/src/components/LoginModal.tsx?t=1785654087699
[2026-08-02T10:03:34.744Z] [1745] GET http://localhost:3000/src/contexts/StaffContext.tsx?t=1785654087699
[2026-08-02T10:03:34.755Z] [1746] GET http://localhost:3000/src/contexts/AuthContext.tsx?t=1785654087699
[2026-08-02T10:03:34.760Z] [1747] GET http://localhost:3000/src/contexts/FinanceContext.tsx?t=1785654087699
[2026-08-02T10:03:34.771Z] [1748] GET http://localhost:3000/src/contexts/InventoryContext.tsx?t=1785654087699
[2026-08-02T10:03:34.785Z] [1749] GET http://localhost:3000/src/contexts/KitchenContext.tsx?t=1785654087699
[2026-08-02T10:03:34.795Z] [1750] GET http://localhost:3000/src/utils/clientInfo.ts
[2026-08-02T10:03:34.822Z] [1751] GET http://localhost:3000/src/data/appConfig.ts
[2026-08-02T10:03:34.838Z] [1752] GET http://localhost:3000/src/services/themeService.ts
[2026-08-02T10:03:34.852Z] [1753] GET http://localhost:3000/src/services/api.ts?t=1785654087699
[2026-08-02T10:03:34.874Z] [1754] GET http://localhost:3000/src/contexts/ConfigurationDataContext.tsx?t=1785654087699
[2026-08-02T10:03:34.893Z] [1755] GET http://localhost:3000/src/contexts/ModulesContext.tsx?t=1785654087699
[2026-08-02T10:03:34.926Z] [1756] GET http://localhost:3000/src/components/DataLoader.tsx?t=1785654087699
[2026-08-02T10:03:34.945Z] [1757] GET http://localhost:3000/src/components/LoadingScreen.tsx
[2026-08-02T10:03:35.010Z] [1758] GET http://localhost:3000/src/components/LoginPage.tsx
[2026-08-02T10:03:35.021Z] [1759] GET http://localhost:3000/src/components/PlatformPropertyManagement.tsx?t=1785658778613
[2026-08-02T10:03:35.037Z] [1760] GET http://localhost:3000/src/components/TenantDashboard.tsx
[2026-08-02T10:03:35.215Z] [1761] GET http://localhost:3000/src/components/RootAdminDashboard.tsx?t=1785660212018
[2026-08-02T10:03:35.291Z] [1762] GET http://localhost:3000/src/components/MultiKeyPropertyOverview.tsx?t=1785654087699
[2026-08-02T10:03:35.394Z]     ↳ Response: 200 OK
[2026-08-02T10:03:35.504Z]     ↳ Response: 200 OK
[2026-08-02T10:03:35.516Z]     ↳ Response: 200 OK
[2026-08-02T10:03:35.543Z]     ↳ Response: 200 OK
[2026-08-02T10:03:35.628Z]     ↳ Response: 200 OK
[2026-08-02T10:03:35.650Z]     ↳ Response: 200 OK
[2026-08-02T10:03:35.670Z] [1763] GET http://localhost:3000/node_modules/.vite/deps/lucide-react.js?v=907c0d96
[2026-08-02T10:03:35.701Z]     ↳ Response: 200 OK
[2026-08-02T10:03:35.737Z] [1764] GET http://localhost:3000/src/utils/iconResolver.tsx
[2026-08-02T10:03:35.776Z] [1765] GET http://localhost:3000/src/components/MultiKeyRoomDrawer.tsx?t=1785581097901
[2026-08-02T10:03:35.935Z]     ↳ Response: 200 OK
[2026-08-02T10:03:36.017Z]     ↳ Response: 200 OK
[2026-08-02T10:03:36.062Z] [1766] GET http://localhost:3000/node_modules/.vite/deps/react-dom.js?v=647194ca
[2026-08-02T10:03:36.120Z]     ↳ Response: 200 OK
[2026-08-02T10:03:36.154Z] [1767] GET http://localhost:3000/node_modules/.vite/deps/html-to-image.js?v=8ba12c37
[2026-08-02T10:03:36.192Z] [1768] GET http://localhost:3000/src/components/DateRangePicker.tsx?t=1785538574357
[2026-08-02T10:03:36.207Z] [1769] GET http://localhost:3000/src/components/BillingCheckout.tsx?t=1785584077754
[2026-08-02T10:03:36.232Z]     ↳ Response: 200 OK
[2026-08-02T10:03:36.273Z] [1770] GET http://localhost:3000/node_modules/.vite/deps/react-data-table-component.js?v=de6c4fcd
[2026-08-02T10:03:36.306Z]     ↳ Response: 200 OK
[2026-08-02T10:03:36.328Z] [1771] GET http://localhost:3000/src/components/SearchableSelect.tsx
[2026-08-02T10:03:36.354Z]     ↳ Response: 200 OK
[2026-08-02T10:03:36.389Z]     ↳ Response: 200 OK
[2026-08-02T10:03:36.450Z]     ↳ Response: 200 OK
[2026-08-02T10:03:36.462Z]     ↳ Response: 200 OK
[2026-08-02T10:03:36.478Z]     ↳ Response: 200 OK
[2026-08-02T10:03:36.492Z] [1772] GET http://localhost:3000/node_modules/.vite/deps/react-apexcharts.js?v=a1c1290a
[2026-08-02T10:03:36.516Z]     ↳ Response: 200 OK
[2026-08-02T10:03:36.524Z]     ↳ Response: 200 OK
[2026-08-02T10:03:36.532Z]     ↳ Response: 200 OK
[2026-08-02T10:03:36.540Z]     ↳ Response: 200 OK
[2026-08-02T10:03:36.558Z] [1773] GET http://localhost:3000/src/components/NavMenuEditor.tsx?t=1785654087699
[2026-08-02T10:03:36.587Z]     ↳ Response: 200 OK
[2026-08-02T10:03:36.596Z]     ↳ Response: 200 OK
[2026-08-02T10:03:36.607Z]     ↳ Response: 200 OK
[2026-08-02T10:03:36.625Z] [1774] GET http://localhost:3000/src/components/TelegramConnectionSettings.tsx
[2026-08-02T10:03:36.636Z]     ↳ Response: 200 OK
[2026-08-02T10:03:36.654Z]     ↳ Response: 200 OK
[2026-08-02T10:03:36.678Z]     ↳ Response: 200 OK
[2026-08-02T10:03:36.692Z]     ↳ Response: 200 OK
[2026-08-02T10:03:36.709Z]     ↳ Response: 200 OK
[2026-08-02T10:03:36.736Z]     ↳ Response: 200 OK
[2026-08-02T10:03:36.939Z]     ↳ Response: 200 OK
[2026-08-02T10:03:36.986Z]     ↳ Response: 200 OK
[2026-08-02T10:03:36.992Z]     ↳ Response: 200 OK
[2026-08-02T10:03:37.005Z]     ↳ Response: 200 OK
[2026-08-02T10:03:37.044Z]     ↳ Response: 200 OK
[2026-08-02T10:03:37.059Z]     ↳ Response: 200 OK
[2026-08-02T10:03:37.063Z]     ↳ Response: 200 OK
[2026-08-02T10:03:37.075Z]     ↳ Response: 200 OK
[2026-08-02T10:03:37.086Z]     ↳ Response: 200 OK
[2026-08-02T10:03:37.089Z] [1775] GET http://localhost:3000/src/components/InvalidPropertyPage.tsx
[2026-08-02T10:03:37.093Z]     ↳ Response: 200 OK
[2026-08-02T10:03:37.104Z]     ↳ Response: 200 OK
[2026-08-02T10:03:37.108Z]     ↳ Response: 200 OK
[2026-08-02T10:03:37.109Z] [1776] GET http://localhost:3000/src/components/ToggleSwitch.tsx
[2026-08-02T10:03:37.118Z]     ↳ Response: 200 OK
[2026-08-02T10:03:37.122Z]     ↳ Response: 200 OK
[2026-08-02T10:03:37.126Z] [1777] GET http://localhost:3000/src/components/AppearanceSettings.tsx?t=1785660212018
[2026-08-02T10:03:37.134Z] [1778] GET http://localhost:3000/src/components/DefaultExpensesManager.tsx?t=1785590582041
[2026-08-02T10:03:37.138Z]     ↳ Response: 200 OK
[2026-08-02T10:03:37.142Z]     ↳ Response: 200 OK
[2026-08-02T10:03:37.144Z]     ↳ Response: 200 OK
[2026-08-02T10:03:37.152Z]     ↳ Response: 200 OK
[2026-08-02T10:03:37.155Z]     ↳ Response: 200 OK
[2026-08-02T10:03:37.158Z]     ↳ Response: 200 OK
[2026-08-02T10:03:37.162Z]     ↳ Response: 200 OK
[2026-08-02T10:03:37.168Z]     ↳ Response: 200 OK
[2026-08-02T10:03:37.172Z]     ↳ Response: 200 OK
[2026-08-02T10:03:37.175Z]     ↳ Response: 200 OK
[2026-08-02T10:03:37.182Z]     ↳ Response: 200 OK
[2026-08-02T10:03:37.184Z] [1779] GET http://localhost:3000/node_modules/.vite/deps/sortablejs.js?v=bff2b989
[2026-08-02T10:03:37.188Z]     ↳ Response: 200 OK
[2026-08-02T10:03:37.191Z]     ↳ Response: 200 OK
[2026-08-02T10:03:37.194Z]     ↳ Response: 200 OK
[2026-08-02T10:03:37.199Z]     ↳ Response: 200 OK
[2026-08-02T10:03:37.203Z]     ↳ Response: 200 OK
[2026-08-02T10:03:37.206Z] [1780] GET http://localhost:3000/src/components/ThemeManagement.tsx
[2026-08-02T10:03:37.210Z] [1781] GET http://localhost:3000/src/components/CustomCSSOverride.tsx
[2026-08-02T10:03:37.224Z]     ↳ Response: 200 OK
[2026-08-02T10:03:37.228Z]     ↳ Response: 200 OK
[2026-08-02T10:03:37.261Z]     ↳ Response: 200 OK
[2026-08-02T10:03:37.270Z]     ↳ Response: 200 OK
[2026-08-02T10:03:37.549Z] [1782] GET http://localhost:3000/php/api/router.php?action=get_current_property&property_slug=room-101
[2026-08-02T10:03:37.554Z] [1783] GET http://localhost:3000/php/api/router.php?action=get_current_property&property_slug=room-101
[2026-08-02T10:03:37.559Z] [1784] GET http://localhost:3000/icons/favicon-32x32.png
[2026-08-02T10:03:37.569Z]     ↳ Response: 200 OK
[2026-08-02T10:03:37.575Z] [1785] GET http://localhost:3000/php/api/router.php?action=get_property_modules&property_slug=room-101
[2026-08-02T10:03:37.587Z] [1786] GET http://localhost:3000/php/api/router.php?action=get_nav_menu&property_slug=room-101
[2026-08-02T10:03:37.594Z] [1787] GET http://localhost:3000/php/api/router.php?action=get_telegram_config&property_slug=room-101
[2026-08-02T10:03:37.600Z]     ↳ Response: 200 OK
[2026-08-02T10:03:37.608Z]     ↳ Response: 200 OK
[2026-08-02T10:03:37.617Z]     ↳ Response: 200 OK
[2026-08-02T10:03:37.871Z]     ↳ Response: 200 OK
[2026-08-02T10:03:37.878Z]     ↳ Response: 200 OK
[2026-08-02T10:03:37.912Z] [1788] GET http://localhost:3000/php/api/router.php?action=get_property_modules&property_slug=room-101
[2026-08-02T10:03:37.916Z] [1789] GET http://localhost:3000/php/api/router.php?action=get_nav_menu&property_slug=room-101
[2026-08-02T10:03:37.922Z] [1790] GET http://localhost:3000/php/api/router.php?action=get_telegram_config&property_slug=room-101
[2026-08-02T10:03:38.039Z]     ↳ Response: 200 OK
[2026-08-02T10:03:38.629Z] [1791] GET https://images.unsplash.com/photo-1534528741775-53994a69daeb?w=100&auto=format&fit=crop&q=80
[2026-08-02T10:03:38.844Z] [1792] GET http://localhost:3000/php/api/router.php?action=get_property_modules&property_slug=room-101
[2026-08-02T10:03:38.857Z] [1793] GET http://localhost:3000/php/api/router.php?action=get_telegram_config&property_slug=room-101
[2026-08-02T10:03:38.861Z] [1794] GET http://localhost:3000/php/api/router.php?action=get_misc_catalog
[2026-08-02T10:03:38.979Z] [1795] GET http://localhost:3000/php/api/router.php?action=get_system_settings
[2026-08-02T10:03:39.003Z] [1796] GET http://localhost:3000/php/api/router.php?action=get_theme_settings
[2026-08-02T10:03:39.017Z] [1797] GET http://localhost:3000/php/api/router.php?action=get_guests&property_slug=room-101
[2026-08-02T10:03:39.025Z] [1798] GET http://localhost:3000/php/api/router.php?action=get_users&property_slug=room-101
[2026-08-02T10:03:39.036Z] [1799] GET http://localhost:3000/php/api/router.php?action=get_attendance&property_slug=room-101
[2026-08-02T10:03:39.084Z] [1800] GET http://localhost:3000/php/api/router.php?action=get_audit_logs&property_slug=room-101
[2026-08-02T10:03:39.092Z] [1801] GET http://localhost:3000/php/api/router.php?action=get_receipts&property_slug=room-101
[2026-08-02T10:03:39.118Z] [1802] GET http://localhost:3000/php/api/router.php?action=get_users&property_slug=room-101
[2026-08-02T10:03:39.186Z] [1803] GET http://localhost:3000/php/api/router.php?action=get_nav_menu&property_slug=room-101
[2026-08-02T10:03:39.194Z] [1804] GET http://localhost:3000/php/api/router.php?action=get_guests&property_slug=room-101
[2026-08-02T10:03:39.196Z] [1805] GET http://localhost:3000/php/api/router.php?action=get_attendance&property_slug=room-101
[2026-08-02T10:03:39.207Z] [1806] GET http://localhost:3000/php/api/router.php?action=get_audit_logs&property_slug=room-101
[2026-08-02T10:03:39.208Z] [1807] GET http://localhost:3000/php/api/router.php?action=get_receipts&property_slug=room-101
[2026-08-02T10:03:39.278Z] [1808] GET http://localhost:3000/php/api/router.php?action=get_misc_catalog&property_slug=room-101
[2026-08-02T10:03:39.288Z] [1809] GET http://localhost:3000/php/api/router.php?action=get_petty_cash&property_slug=room-101
[2026-08-02T10:03:39.303Z] [1810] GET http://localhost:3000/php/api/router.php?action=get_users&property_slug=room-101
[2026-08-02T10:03:39.317Z] [1811] GET http://localhost:3000/php/api/router.php?action=get_attendance&property_slug=room-101
[2026-08-02T10:03:39.324Z] [1812] GET http://localhost:3000/php/api/router.php?action=get_property_modules&property_slug=room-101
[2026-08-02T10:03:39.336Z] [1813] GET http://localhost:3000/php/api/router.php?action=get_telegram_config&property_slug=room-101
[2026-08-02T10:03:39.344Z] [1814] GET http://localhost:3000/php/api/router.php?action=get_misc_catalog
[2026-08-02T10:03:39.355Z] [1815] GET http://localhost:3000/php/api/router.php?action=get_system_settings
[2026-08-02T10:03:39.357Z] [1816] GET http://localhost:3000/php/api/router.php?action=get_theme_settings
[2026-08-02T10:03:39.367Z] [1817] GET http://localhost:3000/php/api/router.php?action=get_guests&property_slug=room-101
[2026-08-02T10:03:39.369Z] [1818] GET http://localhost:3000/php/api/router.php?action=get_users&property_slug=room-101
[2026-08-02T10:03:39.373Z] [1819] GET http://localhost:3000/php/api/router.php?action=get_attendance&property_slug=room-101
[2026-08-02T10:03:39.378Z] [1820] GET http://localhost:3000/php/api/router.php?action=get_audit_logs&property_slug=room-101
[2026-08-02T10:03:39.388Z] [1821] GET http://localhost:3000/php/api/router.php?action=get_receipts&property_slug=room-101
[2026-08-02T10:03:39.390Z] [1822] GET http://localhost:3000/php/api/router.php?action=get_users&property_slug=room-101
[2026-08-02T10:03:39.402Z] [1823] GET http://localhost:3000/php/api/router.php?action=get_nav_menu&property_slug=room-101
[2026-08-02T10:03:39.403Z] [1824] GET http://localhost:3000/php/api/router.php?action=get_guests&property_slug=room-101
[2026-08-02T10:03:39.407Z] [1825] GET http://localhost:3000/php/api/router.php?action=get_attendance&property_slug=room-101
[2026-08-02T10:03:39.419Z] [1826] GET http://localhost:3000/php/api/router.php?action=get_audit_logs&property_slug=room-101
[2026-08-02T10:03:39.428Z] [1827] GET http://localhost:3000/php/api/router.php?action=get_receipts&property_slug=room-101
[2026-08-02T10:03:39.437Z] [1828] GET http://localhost:3000/php/api/router.php?action=get_misc_catalog&property_slug=room-101
[2026-08-02T10:03:39.439Z] [1829] GET http://localhost:3000/php/api/router.php?action=get_petty_cash&property_slug=room-101
[2026-08-02T10:03:39.456Z] [1830] GET http://localhost:3000/php/api/router.php?action=get_users&property_slug=room-101
[2026-08-02T10:03:39.460Z] [1831] GET http://localhost:3000/php/api/router.php?action=get_attendance&property_slug=room-101
[2026-08-02T10:03:41.296Z]     ↳ Response: 200 OK
[2026-08-02T10:03:41.303Z]     ↳ Response: 200 OK
[2026-08-02T10:03:45.945Z]     ↳ Response: 200 
[2026-08-02T10:03:45.958Z]     ↳ Response: 200 OK
[2026-08-02T10:03:46.165Z]     ↳ Response: 200 OK
[2026-08-02T10:03:46.175Z]     ↳ Response: 200 OK
[2026-08-02T10:03:46.205Z]     ↳ Response: 200 OK
[2026-08-02T10:03:46.219Z]     ↳ Response: 200 OK
[2026-08-02T10:03:46.226Z]     ↳ Response: 200 OK
[2026-08-02T10:03:46.239Z]     ↳ Response: 200 OK
[2026-08-02T10:03:46.362Z]     ↳ Response: 200 OK
[2026-08-02T10:03:46.387Z]     ↳ Response: 200 OK
[2026-08-02T10:03:46.392Z]     ↳ Response: 200 OK
[2026-08-02T10:03:46.400Z]     ↳ Response: 200 OK
[2026-08-02T10:03:46.405Z]     ↳ Response: 200 OK
[2026-08-02T10:03:46.406Z]     ↳ Response: 200 OK
[2026-08-02T10:03:46.413Z]     ↳ Response: 200 OK
[2026-08-02T10:03:46.435Z]     ↳ Response: 200 OK
[2026-08-02T10:03:46.442Z]     ↳ Response: 200 OK
[2026-08-02T10:03:46.453Z]     ↳ Response: 200 OK
[2026-08-02T10:03:46.454Z]     ↳ Response: 200 OK
[2026-08-02T10:03:46.492Z]     ↳ Response: 200 OK
[2026-08-02T10:03:46.502Z]     ↳ Response: 200 OK
[2026-08-02T10:03:46.508Z]     ↳ Response: 200 OK
[2026-08-02T10:03:46.518Z]     ↳ Response: 200 OK
[2026-08-02T10:03:46.603Z]     ↳ Response: 200 OK
[2026-08-02T10:03:46.616Z]     ↳ Response: 200 OK
[2026-08-02T10:03:46.624Z]     ↳ Response: 200 OK
[2026-08-02T10:03:46.637Z]     ↳ Response: 200 OK
[2026-08-02T10:03:46.657Z]     ↳ Response: 200 OK
[2026-08-02T10:03:46.787Z]     ↳ Response: 200 OK
[2026-08-02T10:03:46.823Z]     ↳ Response: 200 OK
[2026-08-02T10:03:46.828Z]     ↳ Response: 200 OK
[2026-08-02T10:03:46.835Z]     ↳ Response: 200 OK
[2026-08-02T10:03:46.840Z]     ↳ Response: 200 OK
[2026-08-02T10:03:46.844Z]     ↳ Response: 200 OK
[2026-08-02T10:03:46.855Z]     ↳ Response: 200 OK
[2026-08-02T10:03:46.862Z]     ↳ Response: 200 OK
[2026-08-02T10:03:46.873Z]     ↳ Response: 200 OK
[2026-08-02T10:03:46.889Z]     ↳ Response: 200 OK
[2026-08-02T10:03:46.904Z]     ↳ Response: 200 OK
[2026-08-02T10:03:50.761Z]     ↳ Response: 200 OK
[2026-08-02T10:03:50.794Z]     ↳ Response: 200 OK
[2026-08-02T10:08:08.326Z] [1832] POST http://localhost:3000/php/api/demo_data.php
[2026-08-02T10:08:08.654Z]     ↳ Response: 200 OK
[2026-08-02T10:08:10.167Z] [1833] GET http://localhost:3000/artists_farm/vrikshawan/room-101/
[2026-08-02T10:08:10.195Z]     ↳ Response: 200 OK
[2026-08-02T10:08:10.229Z] [1834] GET http://localhost:3000/@vite/client
[2026-08-02T10:08:10.234Z] [1835] GET http://localhost:3000/src/main.tsx?t=1785665011521
[2026-08-02T10:08:10.240Z] [1836] GET http://localhost:3000/@react-refresh
[2026-08-02T10:08:10.260Z]     ↳ Response: 200 OK
[2026-08-02T10:08:10.268Z] [1837] GET http://localhost:3000/node_modules/.vite/deps/react.js?v=647194ca
[2026-08-02T10:08:10.278Z] [1838] GET http://localhost:3000/node_modules/.vite/deps/react-dom_client.js?v=40766d9c
[2026-08-02T10:08:10.296Z] [1839] GET http://localhost:3000/src/App.tsx?t=1785664444565
[2026-08-02T10:08:10.324Z] [1840] GET http://localhost:3000/src/index.css?t=1785665011521
[2026-08-02T10:08:10.394Z] [1841] GET http://localhost:3000/src/utils/telescopeLogger.ts
[2026-08-02T10:08:10.423Z] [1842] GET http://localhost:3000/node_modules/.vite/deps/react_jsx-dev-runtime.js?v=647194ca
[2026-08-02T10:08:10.479Z]     ↳ Response: 200 OK
[2026-08-02T10:08:10.494Z] [1843] GET http://localhost:3000/node_modules/vite/dist/client/env.mjs
[2026-08-02T10:08:10.523Z]     ↳ Response: 200 OK
[2026-08-02T10:08:10.530Z]     ↳ Response: 200 OK
[2026-08-02T10:08:10.605Z] [1844] GET http://localhost:3000/node_modules/.vite/deps/rolldown-runtime-B-1-B7_t.js?v=9329134a
[2026-08-02T10:08:10.662Z]     ↳ Response: 200 OK
[2026-08-02T10:08:10.712Z]     ↳ Response: 200 OK
[2026-08-02T10:08:10.760Z]     ↳ Response: 200 OK
[2026-08-02T10:08:10.775Z]     ↳ Response: 200 OK
[2026-08-02T10:08:10.806Z]     ↳ Response: 200 OK
[2026-08-02T10:08:10.856Z]     ↳ Response: 200 OK
[2026-08-02T10:08:10.948Z] [1845] GET http://localhost:3000/src/components/Header.tsx?t=1785664315451
[2026-08-02T10:08:11.005Z] [1846] GET http://localhost:3000/src/components/Navigation.tsx?t=1785663588215
[2026-08-02T10:08:11.074Z] [1847] GET http://localhost:3000/src/components/OperationalDashboard.tsx?t=1785654087699
[2026-08-02T10:08:11.145Z] [1848] GET http://localhost:3000/src/components/GuestManagement.tsx?t=1785654087699
[2026-08-02T10:08:11.190Z] [1849] GET http://localhost:3000/src/components/KitchenManagement.tsx?t=1785654087699
[2026-08-02T10:08:11.253Z] [1850] GET http://localhost:3000/src/components/InventoryManagement.tsx?t=1785654087699
[2026-08-02T10:08:11.533Z] [1851] GET http://localhost:3000/src/components/PettyCashManagement.tsx?t=1785654087699
[2026-08-02T10:08:11.656Z] [1852] GET http://localhost:3000/src/components/CashDrawerManager.tsx?t=1785654087699
[2026-08-02T10:08:11.691Z] [1853] GET http://localhost:3000/src/components/ExpenseItemsManagement.tsx?t=1785612846419
[2026-08-02T10:08:11.740Z] [1854] GET http://localhost:3000/src/components/StaffManagement.tsx?t=1785654087699
[2026-08-02T10:08:11.764Z] [1855] GET http://localhost:3000/src/components/AnalyticsDashboard.tsx?t=1785654087699
[2026-08-02T10:08:11.805Z] [1856] GET http://localhost:3000/src/components/AuditLogsView.tsx
[2026-08-02T10:08:11.816Z] [1857] GET http://localhost:3000/src/components/DataExportCenter.tsx?t=1785654087699
[2026-08-02T10:08:11.826Z] [1858] GET http://localhost:3000/src/components/MenuManager.tsx?t=1785654087699
[2026-08-02T10:08:11.842Z] [1859] GET http://localhost:3000/src/components/MiscChargesManagement.tsx?t=1785654087699
[2026-08-02T10:08:11.860Z] [1860] GET http://localhost:3000/src/components/ICalSyncManager.tsx?t=1785654087699
[2026-08-02T10:08:11.889Z] [1861] GET http://localhost:3000/src/components/TelegramNotificationModal.tsx?t=1785654087699
[2026-08-02T10:08:11.915Z] [1862] GET http://localhost:3000/src/components/DemoDataModal.tsx
[2026-08-02T10:08:11.930Z] [1863] GET http://localhost:3000/src/components/GlobalModal.tsx
[2026-08-02T10:08:11.943Z] [1864] GET http://localhost:3000/src/components/ToastContext.tsx
[2026-08-02T10:08:11.958Z] [1865] GET http://localhost:3000/src/components/LoginModal.tsx?t=1785654087699
[2026-08-02T10:08:11.973Z] [1866] GET http://localhost:3000/src/contexts/StaffContext.tsx?t=1785654087699
[2026-08-02T10:08:11.992Z] [1867] GET http://localhost:3000/src/contexts/AuthContext.tsx?t=1785654087699
[2026-08-02T10:08:12.020Z] [1868] GET http://localhost:3000/src/contexts/FinanceContext.tsx?t=1785654087699
[2026-08-02T10:08:12.031Z] [1869] GET http://localhost:3000/src/contexts/InventoryContext.tsx?t=1785654087699
[2026-08-02T10:08:12.058Z] [1870] GET http://localhost:3000/src/contexts/KitchenContext.tsx?t=1785654087699
[2026-08-02T10:08:12.087Z] [1871] GET http://localhost:3000/src/utils/clientInfo.ts
[2026-08-02T10:08:12.096Z] [1872] GET http://localhost:3000/src/data/appConfig.ts
[2026-08-02T10:08:12.122Z] [1873] GET http://localhost:3000/src/services/themeService.ts
[2026-08-02T10:08:12.137Z] [1874] GET http://localhost:3000/src/services/api.ts?t=1785654087699
[2026-08-02T10:08:12.178Z] [1875] GET http://localhost:3000/src/contexts/ConfigurationDataContext.tsx?t=1785654087699
[2026-08-02T10:08:12.240Z] [1876] GET http://localhost:3000/src/contexts/ModulesContext.tsx?t=1785654087699
[2026-08-02T10:08:12.310Z] [1877] GET http://localhost:3000/src/components/DataLoader.tsx?t=1785654087699
[2026-08-02T10:08:12.340Z] [1878] GET http://localhost:3000/src/components/LoadingScreen.tsx
[2026-08-02T10:08:12.365Z] [1879] GET http://localhost:3000/src/components/LoginPage.tsx
[2026-08-02T10:08:12.371Z] [1880] GET http://localhost:3000/src/components/PlatformPropertyManagement.tsx?t=1785658778613
[2026-08-02T10:08:12.377Z] [1881] GET http://localhost:3000/src/components/TenantDashboard.tsx
[2026-08-02T10:08:12.381Z] [1882] GET http://localhost:3000/src/components/RootAdminDashboard.tsx?t=1785660212018
[2026-08-02T10:08:12.383Z] [1883] GET http://localhost:3000/src/components/MultiKeyPropertyOverview.tsx?t=1785654087699
[2026-08-02T10:08:12.427Z]     ↳ Response: 200 OK
[2026-08-02T10:08:12.460Z]     ↳ Response: 200 OK
[2026-08-02T10:08:12.489Z]     ↳ Response: 200 OK
[2026-08-02T10:08:12.498Z] [1884] GET http://localhost:3000/node_modules/.vite/deps/lucide-react.js?v=907c0d96
[2026-08-02T10:08:12.521Z] [1885] GET http://localhost:3000/src/utils/iconResolver.tsx
[2026-08-02T10:08:12.531Z] [1886] GET http://localhost:3000/src/components/MultiKeyRoomDrawer.tsx?t=1785581097901
[2026-08-02T10:08:12.538Z]     ↳ Response: 200 OK
[2026-08-02T10:08:12.548Z]     ↳ Response: 200 OK
[2026-08-02T10:08:12.562Z]     ↳ Response: 200 OK
[2026-08-02T10:08:12.593Z]     ↳ Response: 200 OK
[2026-08-02T10:08:12.615Z]     ↳ Response: 200 OK
[2026-08-02T10:08:12.632Z]     ↳ Response: 200 OK
[2026-08-02T10:08:12.648Z]     ↳ Response: 200 OK
[2026-08-02T10:08:12.665Z] [1887] GET http://localhost:3000/node_modules/.vite/deps/react-data-table-component.js?v=de6c4fcd
[2026-08-02T10:08:12.686Z] [1888] GET http://localhost:3000/src/components/SearchableSelect.tsx
[2026-08-02T10:08:12.758Z] [1889] GET http://localhost:3000/node_modules/.vite/deps/html-to-image.js?v=8ba12c37
[2026-08-02T10:08:12.830Z] [1890] GET http://localhost:3000/src/components/DateRangePicker.tsx?t=1785538574357
[2026-08-02T10:08:12.866Z] [1891] GET http://localhost:3000/src/components/BillingCheckout.tsx?t=1785584077754
[2026-08-02T10:08:12.924Z]     ↳ Response: 200 OK
[2026-08-02T10:08:12.983Z] [1892] GET http://localhost:3000/node_modules/.vite/deps/react-apexcharts.js?v=a1c1290a
[2026-08-02T10:08:13.023Z]     ↳ Response: 200 OK
[2026-08-02T10:08:13.065Z]     ↳ Response: 200 OK
[2026-08-02T10:08:13.098Z]     ↳ Response: 200 OK
[2026-08-02T10:08:13.114Z]     ↳ Response: 200 OK
[2026-08-02T10:08:13.119Z] [1893] GET http://localhost:3000/src/components/NavMenuEditor.tsx?t=1785654087699
[2026-08-02T10:08:13.155Z]     ↳ Response: 200 OK
[2026-08-02T10:08:13.207Z]     ↳ Response: 200 OK
[2026-08-02T10:08:13.229Z]     ↳ Response: 200 OK
[2026-08-02T10:08:13.277Z] [1894] GET http://localhost:3000/src/components/TelegramConnectionSettings.tsx
[2026-08-02T10:08:13.302Z]     ↳ Response: 200 OK
[2026-08-02T10:08:13.381Z]     ↳ Response: 200 OK
[2026-08-02T10:08:13.435Z] [1895] GET http://localhost:3000/node_modules/.vite/deps/react-dom.js?v=647194ca
[2026-08-02T10:08:13.458Z]     ↳ Response: 200 OK
[2026-08-02T10:08:13.472Z]     ↳ Response: 200 OK
[2026-08-02T10:08:13.483Z]     ↳ Response: 200 OK
[2026-08-02T10:08:13.493Z]     ↳ Response: 200 OK
[2026-08-02T10:08:13.514Z]     ↳ Response: 200 OK
[2026-08-02T10:08:13.527Z]     ↳ Response: 200 OK
[2026-08-02T10:08:13.556Z]     ↳ Response: 200 OK
[2026-08-02T10:08:13.602Z]     ↳ Response: 200 OK
[2026-08-02T10:08:13.624Z]     ↳ Response: 200 OK
[2026-08-02T10:08:13.653Z]     ↳ Response: 200 OK
[2026-08-02T10:08:13.698Z]     ↳ Response: 200 OK
[2026-08-02T10:08:13.747Z]     ↳ Response: 200 OK
[2026-08-02T10:08:13.775Z]     ↳ Response: 200 OK
[2026-08-02T10:08:13.829Z]     ↳ Response: 200 OK
[2026-08-02T10:08:13.849Z] [1896] GET http://localhost:3000/src/components/InvalidPropertyPage.tsx
[2026-08-02T10:08:13.870Z]     ↳ Response: 200 OK
[2026-08-02T10:08:13.887Z]     ↳ Response: 200 OK
[2026-08-02T10:08:13.913Z]     ↳ Response: 200 OK
[2026-08-02T10:08:13.930Z]     ↳ Response: 200 OK
[2026-08-02T10:08:13.944Z]     ↳ Response: 200 OK
[2026-08-02T10:08:13.978Z]     ↳ Response: 200 OK
[2026-08-02T10:08:14.033Z]     ↳ Response: 200 OK
[2026-08-02T10:08:14.083Z] [1897] GET http://localhost:3000/src/components/ToggleSwitch.tsx
[2026-08-02T10:08:14.203Z] [1898] GET http://localhost:3000/src/components/AppearanceSettings.tsx?t=1785660212018
[2026-08-02T10:08:14.299Z] [1899] GET http://localhost:3000/src/components/DefaultExpensesManager.tsx?t=1785590582041
[2026-08-02T10:08:14.403Z]     ↳ Response: 200 OK
[2026-08-02T10:08:14.454Z]     ↳ Response: 200 OK
[2026-08-02T10:08:14.464Z]     ↳ Response: 200 OK
[2026-08-02T10:08:14.519Z]     ↳ Response: 200 OK
[2026-08-02T10:08:14.579Z]     ↳ Response: 200 OK
[2026-08-02T10:08:14.625Z]     ↳ Response: 200 OK
[2026-08-02T10:08:14.650Z]     ↳ Response: 200 OK
[2026-08-02T10:08:14.688Z]     ↳ Response: 200 OK
[2026-08-02T10:08:14.808Z]     ↳ Response: 200 OK
[2026-08-02T10:08:14.824Z] [1900] GET http://localhost:3000/node_modules/.vite/deps/sortablejs.js?v=bff2b989
[2026-08-02T10:08:14.931Z]     ↳ Response: 200 OK
[2026-08-02T10:08:14.963Z]     ↳ Response: 200 OK
[2026-08-02T10:08:15.027Z]     ↳ Response: 200 OK
[2026-08-02T10:08:15.235Z] [1901] GET http://localhost:3000/src/components/ThemeManagement.tsx
[2026-08-02T10:08:15.266Z] [1902] GET http://localhost:3000/src/components/CustomCSSOverride.tsx
[2026-08-02T10:08:15.299Z]     ↳ Response: 200 OK
[2026-08-02T10:08:15.321Z]     ↳ Response: 200 OK
[2026-08-02T10:08:15.362Z]     ↳ Response: 200 OK
[2026-08-02T10:08:15.383Z]     ↳ Response: 200 OK
[2026-08-02T10:08:15.406Z]     ↳ Response: 200 OK
[2026-08-02T10:08:15.440Z]     ↳ Response: 200 OK
[2026-08-02T10:08:15.809Z] [1903] GET http://localhost:3000/php/api/router.php?action=get_current_property&property_slug=room-101
[2026-08-02T10:08:15.966Z] [1904] GET http://localhost:3000/php/api/router.php?action=get_current_property&property_slug=room-101
[2026-08-02T10:08:16.076Z] [1905] GET http://localhost:3000/icons/favicon-32x32.png
[2026-08-02T10:08:16.142Z]     ↳ Response: 200 OK
[2026-08-02T10:08:16.187Z] [1906] GET http://localhost:3000/php/api/router.php?action=get_property_modules&property_slug=room-101
[2026-08-02T10:08:16.225Z] [1907] GET http://localhost:3000/php/api/router.php?action=get_nav_menu&property_slug=room-101
[2026-08-02T10:08:16.244Z] [1908] GET http://localhost:3000/php/api/router.php?action=get_telegram_config&property_slug=room-101
[2026-08-02T10:08:16.330Z]     ↳ Response: 200 OK
[2026-08-02T10:08:16.377Z]     ↳ Response: 200 OK
[2026-08-02T10:08:16.420Z] [1909] GET http://localhost:3000/php/api/router.php?action=get_property_modules&property_slug=room-101
[2026-08-02T10:08:16.478Z] [1910] GET http://localhost:3000/php/api/router.php?action=get_nav_menu&property_slug=room-101
[2026-08-02T10:08:16.549Z] [1911] GET http://localhost:3000/php/api/router.php?action=get_telegram_config&property_slug=room-101
[2026-08-02T10:08:16.642Z]     ↳ Response: 200 OK
[2026-08-02T10:08:16.680Z]     ↳ Response: 200 OK
[2026-08-02T10:08:16.715Z]     ↳ Response: 200 OK
[2026-08-02T10:08:16.829Z] [1912] GET https://images.unsplash.com/photo-1534528741775-53994a69daeb?w=100&auto=format&fit=crop&q=80
[2026-08-02T10:08:16.846Z] [1913] GET http://localhost:3000/php/api/router.php?action=get_property_modules&property_slug=room-101
[2026-08-02T10:08:16.921Z] [1914] GET http://localhost:3000/php/api/router.php?action=get_telegram_config&property_slug=room-101
[2026-08-02T10:08:16.983Z] [1915] GET http://localhost:3000/php/api/router.php?action=get_misc_catalog
[2026-08-02T10:08:17.031Z] [1916] GET http://localhost:3000/php/api/router.php?action=get_system_settings
[2026-08-02T10:08:17.052Z] [1917] GET http://localhost:3000/php/api/router.php?action=get_theme_settings
[2026-08-02T10:08:17.065Z] [1918] GET http://localhost:3000/php/api/router.php?action=get_guests&property_slug=room-101
[2026-08-02T10:08:17.115Z] [1919] GET http://localhost:3000/php/api/router.php?action=get_users&property_slug=room-101
[2026-08-02T10:08:17.133Z] [1920] GET http://localhost:3000/php/api/router.php?action=get_attendance&property_slug=room-101
[2026-08-02T10:08:17.161Z] [1921] GET http://localhost:3000/php/api/router.php?action=get_audit_logs&property_slug=room-101
[2026-08-02T10:08:17.180Z] [1922] GET http://localhost:3000/php/api/router.php?action=get_receipts&property_slug=room-101
[2026-08-02T10:08:17.205Z] [1923] GET http://localhost:3000/php/api/router.php?action=get_users&property_slug=room-101
[2026-08-02T10:08:17.312Z] [1924] GET http://localhost:3000/php/api/router.php?action=get_nav_menu&property_slug=room-101
[2026-08-02T10:08:17.404Z] [1925] GET http://localhost:3000/php/api/router.php?action=get_guests&property_slug=room-101
[2026-08-02T10:08:17.479Z] [1926] GET http://localhost:3000/php/api/router.php?action=get_attendance&property_slug=room-101
[2026-08-02T10:08:17.537Z] [1927] GET http://localhost:3000/php/api/router.php?action=get_audit_logs&property_slug=room-101
[2026-08-02T10:08:17.573Z] [1928] GET http://localhost:3000/php/api/router.php?action=get_receipts&property_slug=room-101
[2026-08-02T10:08:17.664Z] [1929] GET http://localhost:3000/php/api/router.php?action=get_misc_catalog&property_slug=room-101
[2026-08-02T10:08:17.685Z] [1930] GET http://localhost:3000/php/api/router.php?action=get_petty_cash&property_slug=room-101
[2026-08-02T10:08:17.721Z] [1931] GET http://localhost:3000/php/api/router.php?action=get_users&property_slug=room-101
[2026-08-02T10:08:17.764Z] [1932] GET http://localhost:3000/php/api/router.php?action=get_attendance&property_slug=room-101
[2026-08-02T10:08:17.786Z] [1933] GET http://localhost:3000/php/api/router.php?action=get_property_modules&property_slug=room-101
[2026-08-02T10:08:17.864Z] [1934] GET http://localhost:3000/php/api/router.php?action=get_telegram_config&property_slug=room-101
[2026-08-02T10:08:17.940Z] [1935] GET http://localhost:3000/php/api/router.php?action=get_misc_catalog
[2026-08-02T10:08:17.999Z] [1936] GET http://localhost:3000/php/api/router.php?action=get_system_settings
[2026-08-02T10:08:18.083Z] [1937] GET http://localhost:3000/php/api/router.php?action=get_theme_settings
[2026-08-02T10:08:18.131Z] [1938] GET http://localhost:3000/php/api/router.php?action=get_guests&property_slug=room-101
[2026-08-02T10:08:18.179Z] [1939] GET http://localhost:3000/php/api/router.php?action=get_users&property_slug=room-101
[2026-08-02T10:08:18.213Z] [1940] GET http://localhost:3000/php/api/router.php?action=get_attendance&property_slug=room-101
[2026-08-02T10:08:18.231Z] [1941] GET http://localhost:3000/php/api/router.php?action=get_audit_logs&property_slug=room-101
[2026-08-02T10:08:18.259Z] [1942] GET http://localhost:3000/php/api/router.php?action=get_receipts&property_slug=room-101
[2026-08-02T10:08:18.293Z] [1943] GET http://localhost:3000/php/api/router.php?action=get_users&property_slug=room-101
[2026-08-02T10:08:18.317Z] [1944] GET http://localhost:3000/php/api/router.php?action=get_nav_menu&property_slug=room-101
[2026-08-02T10:08:18.346Z] [1945] GET http://localhost:3000/php/api/router.php?action=get_guests&property_slug=room-101
[2026-08-02T10:08:18.358Z] [1946] GET http://localhost:3000/php/api/router.php?action=get_attendance&property_slug=room-101
[2026-08-02T10:08:18.388Z] [1947] GET http://localhost:3000/php/api/router.php?action=get_audit_logs&property_slug=room-101
[2026-08-02T10:08:18.432Z] [1948] GET http://localhost:3000/php/api/router.php?action=get_receipts&property_slug=room-101
[2026-08-02T10:08:18.487Z] [1949] GET http://localhost:3000/php/api/router.php?action=get_misc_catalog&property_slug=room-101
[2026-08-02T10:08:18.510Z] [1950] GET http://localhost:3000/php/api/router.php?action=get_petty_cash&property_slug=room-101
[2026-08-02T10:08:18.523Z] [1951] GET http://localhost:3000/php/api/router.php?action=get_users&property_slug=room-101
[2026-08-02T10:08:18.563Z] [1952] GET http://localhost:3000/php/api/router.php?action=get_attendance&property_slug=room-101
[2026-08-02T10:08:18.596Z]     ↳ Response: 200 
[2026-08-02T10:08:18.646Z]     ↳ Response: 200 OK
[2026-08-02T10:08:18.712Z]     ↳ Response: 200 OK
[2026-08-02T10:08:18.738Z]     ↳ Response: 200 OK
[2026-08-02T10:08:19.072Z]     ↳ Response: 200 OK
[2026-08-02T10:08:19.128Z]     ↳ Response: 200 OK
[2026-08-02T10:08:19.175Z]     ↳ Response: 200 OK
[2026-08-02T10:08:19.213Z]     ↳ Response: 200 OK
[2026-08-02T10:08:19.269Z]     ↳ Response: 200 OK
[2026-08-02T10:08:19.516Z]     ↳ Response: 200 OK
[2026-08-02T10:08:19.895Z]     ↳ Response: 200 OK
[2026-08-02T10:08:19.914Z]     ↳ Response: 200 OK
[2026-08-02T10:08:20.459Z]     ↳ Response: 200 OK
[2026-08-02T10:08:20.815Z]     ↳ Response: 200 OK
[2026-08-02T10:08:21.347Z]     ↳ Response: 200 OK
[2026-08-02T10:08:21.498Z]     ↳ Response: 200 OK
[2026-08-02T10:08:21.516Z]     ↳ Response: 200 OK
[2026-08-02T10:08:21.526Z]     ↳ Response: 200 OK
[2026-08-02T10:08:21.535Z]     ↳ Response: 200 OK
[2026-08-02T10:08:21.545Z]     ↳ Response: 200 OK
[2026-08-02T10:08:21.555Z]     ↳ Response: 200 OK
[2026-08-02T10:08:21.614Z]     ↳ Response: 200 OK
[2026-08-02T10:08:21.626Z]     ↳ Response: 200 OK
[2026-08-02T10:08:21.639Z]     ↳ Response: 200 OK
[2026-08-02T10:08:21.648Z]     ↳ Response: 200 OK
[2026-08-02T10:08:21.915Z]     ↳ Response: 200 OK
[2026-08-02T10:08:21.930Z]     ↳ Response: 200 OK
[2026-08-02T10:08:22.059Z]     ↳ Response: 200 OK
[2026-08-02T10:08:22.072Z]     ↳ Response: 200 OK
[2026-08-02T10:08:22.078Z]     ↳ Response: 200 OK
[2026-08-02T10:08:22.126Z]     ↳ Response: 200 OK
[2026-08-02T10:08:22.132Z]     ↳ Response: 200 OK
[2026-08-02T10:08:22.141Z]     ↳ Response: 200 OK
[2026-08-02T10:08:22.148Z]     ↳ Response: 200 OK
[2026-08-02T10:08:22.157Z]     ↳ Response: 200 OK
[2026-08-02T10:08:22.241Z]     ↳ Response: 200 OK
[2026-08-02T10:08:22.244Z]     ↳ Response: 200 OK
[2026-08-02T10:08:22.311Z]     ↳ Response: 200 OK
[2026-08-02T10:08:22.326Z]     ↳ Response: 200 OK
[2026-08-02T10:08:22.688Z]     ↳ Response: 200 OK
[2026-08-02T10:08:22.696Z]     ↳ Response: 200 OK
[2026-08-02T10:08:22.777Z]     ↳ Response: 200 OK
[2026-08-02T10:08:22.856Z]     ↳ Response: 200 OK
[2026-08-02T10:08:22.862Z]     ↳ Response: 200 OK
[2026-08-02T10:08:23.047Z] [1953] GET http://localhost:3000/artists_farm/php/api/ical_sync.php?action=get_blocked_dates
[2026-08-02T10:08:23.048Z] [1954] GET http://localhost:3000/artists_farm/php/api/ical_sync.php?action=get_blocked_dates
[2026-08-02T10:08:23.395Z]     ↳ Response: 200 OK
[2026-08-02T10:08:23.645Z]     ↳ Response: 200 OK
[2026-08-02T10:08:24.447Z] [1955] GET http://localhost:3000/artists_farm/php/api/ical_sync.php?action=get_blocked_dates
[2026-08-02T10:08:24.449Z] [1956] GET http://localhost:3000/artists_farm/php/api/ical_sync.php?action=get_blocked_dates
[2026-08-02T10:08:24.564Z]     ↳ Response: 200 OK
[2026-08-02T10:08:24.849Z]     ↳ Response: 200 OK
[2026-08-02T10:08:29.156Z] [1957] GET http://localhost:3000/artists_farm/php/api/ical_sync.php?action=get_blocked_dates
[2026-08-02T10:08:29.196Z] [1958] GET http://localhost:3000/artists_farm/php/api/ical_sync.php?action=get_blocked_dates
[2026-08-02T10:08:29.375Z]     ↳ Response: 200 OK
[2026-08-02T10:08:29.673Z]     ↳ Response: 200 OK
[2026-08-02T10:09:11.932Z] [1959] POST http://localhost:3000/php/api/demo_data.php
[2026-08-02T10:09:11.966Z]     ↳ Response: 200 OK
[2026-08-02T10:09:13.477Z] [1960] GET http://localhost:3000/artists_farm/vrikshawan/room-101/
[2026-08-02T10:09:13.782Z]     ↳ Response: 200 OK
[2026-08-02T10:09:13.806Z] [1961] GET http://localhost:3000/@vite/client
[2026-08-02T10:09:13.821Z] [1962] GET http://localhost:3000/src/main.tsx?t=1785665011521
[2026-08-02T10:09:13.862Z] [1963] GET http://localhost:3000/@react-refresh
[2026-08-02T10:09:13.925Z]     ↳ Response: 200 OK
[2026-08-02T10:09:13.990Z] [1964] GET http://localhost:3000/node_modules/.vite/deps/react.js?v=647194ca
[2026-08-02T10:09:14.050Z] [1965] GET http://localhost:3000/node_modules/.vite/deps/react-dom_client.js?v=40766d9c
[2026-08-02T10:09:14.076Z] [1966] GET http://localhost:3000/src/App.tsx?t=1785664444565
[2026-08-02T10:09:14.142Z] [1967] GET http://localhost:3000/src/index.css?t=1785665011521
[2026-08-02T10:09:14.166Z] [1968] GET http://localhost:3000/src/utils/telescopeLogger.ts
[2026-08-02T10:09:14.181Z] [1969] GET http://localhost:3000/node_modules/.vite/deps/react_jsx-dev-runtime.js?v=647194ca
[2026-08-02T10:09:14.188Z]     ↳ Response: 200 OK
[2026-08-02T10:09:14.192Z]     ↳ Response: 200 OK
[2026-08-02T10:09:14.223Z] [1970] GET http://localhost:3000/node_modules/vite/dist/client/env.mjs
[2026-08-02T10:09:14.234Z]     ↳ Response: 200 OK
[2026-08-02T10:09:14.263Z] [1971] GET http://localhost:3000/node_modules/.vite/deps/rolldown-runtime-B-1-B7_t.js?v=9329134a
[2026-08-02T10:09:14.278Z]     ↳ Response: 200 OK
[2026-08-02T10:09:14.314Z]     ↳ Response: 200 OK
[2026-08-02T10:09:14.331Z]     ↳ Response: 200 OK
[2026-08-02T10:09:14.343Z]     ↳ Response: 200 OK
[2026-08-02T10:09:14.372Z]     ↳ Response: 200 OK
[2026-08-02T10:09:14.389Z]     ↳ Response: 200 OK
[2026-08-02T10:09:14.400Z] [1972] GET http://localhost:3000/src/components/Header.tsx?t=1785664315451
[2026-08-02T10:09:14.408Z] [1973] GET http://localhost:3000/src/components/Navigation.tsx?t=1785663588215
[2026-08-02T10:09:14.414Z] [1974] GET http://localhost:3000/src/components/OperationalDashboard.tsx?t=1785654087699
[2026-08-02T10:09:14.421Z] [1975] GET http://localhost:3000/src/components/GuestManagement.tsx?t=1785654087699
[2026-08-02T10:09:14.425Z] [1976] GET http://localhost:3000/src/components/KitchenManagement.tsx?t=1785654087699
[2026-08-02T10:09:14.430Z] [1977] GET http://localhost:3000/src/components/InventoryManagement.tsx?t=1785654087699
[2026-08-02T10:09:14.434Z] [1978] GET http://localhost:3000/src/components/PettyCashManagement.tsx?t=1785654087699
[2026-08-02T10:09:14.443Z] [1979] GET http://localhost:3000/src/components/CashDrawerManager.tsx?t=1785654087699
[2026-08-02T10:09:14.457Z] [1980] GET http://localhost:3000/src/components/ExpenseItemsManagement.tsx?t=1785612846419
[2026-08-02T10:09:14.471Z] [1981] GET http://localhost:3000/src/components/StaffManagement.tsx?t=1785654087699
[2026-08-02T10:09:14.479Z] [1982] GET http://localhost:3000/src/components/AnalyticsDashboard.tsx?t=1785654087699
[2026-08-02T10:09:14.489Z] [1983] GET http://localhost:3000/src/components/AuditLogsView.tsx
[2026-08-02T10:09:14.499Z] [1984] GET http://localhost:3000/src/components/DataExportCenter.tsx?t=1785654087699
[2026-08-02T10:09:14.520Z] [1985] GET http://localhost:3000/src/components/MenuManager.tsx?t=1785654087699
[2026-08-02T10:09:14.564Z] [1986] GET http://localhost:3000/src/components/MiscChargesManagement.tsx?t=1785654087699
[2026-08-02T10:09:14.616Z] [1987] GET http://localhost:3000/src/components/ICalSyncManager.tsx?t=1785654087699
[2026-08-02T10:09:14.715Z] [1988] GET http://localhost:3000/src/components/TelegramNotificationModal.tsx?t=1785654087699
[2026-08-02T10:09:14.767Z] [1989] GET http://localhost:3000/src/components/DemoDataModal.tsx
[2026-08-02T10:09:14.783Z] [1990] GET http://localhost:3000/src/components/GlobalModal.tsx
[2026-08-02T10:09:14.813Z] [1991] GET http://localhost:3000/src/components/ToastContext.tsx
[2026-08-02T10:09:14.841Z] [1992] GET http://localhost:3000/src/components/LoginModal.tsx?t=1785654087699
[2026-08-02T10:09:14.872Z] [1993] GET http://localhost:3000/src/contexts/StaffContext.tsx?t=1785654087699
[2026-08-02T10:09:14.881Z] [1994] GET http://localhost:3000/src/contexts/AuthContext.tsx?t=1785654087699
[2026-08-02T10:09:14.991Z] [1995] GET http://localhost:3000/src/contexts/FinanceContext.tsx?t=1785654087699
[2026-08-02T10:09:15.093Z] [1996] GET http://localhost:3000/src/contexts/InventoryContext.tsx?t=1785654087699
[2026-08-02T10:09:15.118Z] [1997] GET http://localhost:3000/src/contexts/KitchenContext.tsx?t=1785654087699
[2026-08-02T10:09:15.239Z] [1998] GET http://localhost:3000/src/utils/clientInfo.ts
[2026-08-02T10:09:15.314Z] [1999] GET http://localhost:3000/src/data/appConfig.ts
[2026-08-02T10:09:15.331Z] [2000] GET http://localhost:3000/src/services/themeService.ts
[2026-08-02T10:09:15.347Z] [2001] GET http://localhost:3000/src/services/api.ts?t=1785654087699
[2026-08-02T10:09:15.378Z] [2002] GET http://localhost:3000/src/contexts/ConfigurationDataContext.tsx?t=1785654087699
[2026-08-02T10:09:15.397Z] [2003] GET http://localhost:3000/src/contexts/ModulesContext.tsx?t=1785654087699
[2026-08-02T10:09:15.417Z] [2004] GET http://localhost:3000/src/components/DataLoader.tsx?t=1785654087699
[2026-08-02T10:09:15.433Z] [2005] GET http://localhost:3000/src/components/LoadingScreen.tsx
[2026-08-02T10:09:15.447Z] [2006] GET http://localhost:3000/src/components/LoginPage.tsx
[2026-08-02T10:09:15.458Z] [2007] GET http://localhost:3000/src/components/PlatformPropertyManagement.tsx?t=1785658778613
[2026-08-02T10:09:15.462Z] [2008] GET http://localhost:3000/src/components/TenantDashboard.tsx
[2026-08-02T10:09:15.470Z] [2009] GET http://localhost:3000/src/components/RootAdminDashboard.tsx?t=1785660212018
[2026-08-02T10:09:15.473Z] [2010] GET http://localhost:3000/src/components/MultiKeyPropertyOverview.tsx?t=1785654087699
[2026-08-02T10:09:15.489Z]     ↳ Response: 200 OK
[2026-08-02T10:09:15.496Z] [2011] GET http://localhost:3000/node_modules/.vite/deps/react-dom.js?v=647194ca
[2026-08-02T10:09:15.501Z]     ↳ Response: 200 OK
[2026-08-02T10:09:15.515Z] [2012] GET http://localhost:3000/src/utils/iconResolver.tsx
[2026-08-02T10:09:15.550Z] [2013] GET http://localhost:3000/node_modules/.vite/deps/lucide-react.js?v=907c0d96
[2026-08-02T10:09:15.583Z] [2014] GET http://localhost:3000/src/components/MultiKeyRoomDrawer.tsx?t=1785581097901
[2026-08-02T10:09:15.625Z]     ↳ Response: 200 OK
[2026-08-02T10:09:15.651Z]     ↳ Response: 200 OK
[2026-08-02T10:09:15.679Z]     ↳ Response: 200 OK
[2026-08-02T10:09:15.743Z]     ↳ Response: 200 OK
[2026-08-02T10:09:15.924Z]     ↳ Response: 200 OK
[2026-08-02T10:09:15.973Z] [2015] GET http://localhost:3000/node_modules/.vite/deps/react-data-table-component.js?v=de6c4fcd
[2026-08-02T10:09:16.023Z]     ↳ Response: 200 OK
[2026-08-02T10:09:16.111Z]     ↳ Response: 200 OK
[2026-08-02T10:09:16.153Z] [2016] GET http://localhost:3000/node_modules/.vite/deps/html-to-image.js?v=8ba12c37
[2026-08-02T10:09:16.197Z] [2017] GET http://localhost:3000/src/components/DateRangePicker.tsx?t=1785538574357
[2026-08-02T10:09:16.212Z] [2018] GET http://localhost:3000/src/components/BillingCheckout.tsx?t=1785584077754
[2026-08-02T10:09:16.259Z]     ↳ Response: 200 OK
[2026-08-02T10:09:16.279Z]     ↳ Response: 200 OK
[2026-08-02T10:09:16.299Z] [2019] GET http://localhost:3000/node_modules/.vite/deps/react-apexcharts.js?v=a1c1290a
[2026-08-02T10:09:16.316Z]     ↳ Response: 200 OK
[2026-08-02T10:09:16.367Z]     ↳ Response: 200 OK
[2026-08-02T10:09:16.412Z]     ↳ Response: 200 OK
[2026-08-02T10:09:16.461Z]     ↳ Response: 200 OK
[2026-08-02T10:09:16.509Z]     ↳ Response: 200 OK
[2026-08-02T10:09:16.581Z] [2020] GET http://localhost:3000/src/components/SearchableSelect.tsx
[2026-08-02T10:09:16.618Z] [2021] GET http://localhost:3000/src/components/NavMenuEditor.tsx?t=1785654087699
[2026-08-02T10:09:16.665Z]     ↳ Response: 200 OK
[2026-08-02T10:09:16.691Z]     ↳ Response: 200 OK
[2026-08-02T10:09:16.741Z]     ↳ Response: 200 OK
[2026-08-02T10:09:16.759Z]     ↳ Response: 200 OK
[2026-08-02T10:09:16.790Z]     ↳ Response: 200 OK
[2026-08-02T10:09:16.813Z]     ↳ Response: 200 OK
[2026-08-02T10:09:16.832Z]     ↳ Response: 200 OK
[2026-08-02T10:09:16.884Z]     ↳ Response: 200 OK
[2026-08-02T10:09:16.931Z]     ↳ Response: 200 OK
[2026-08-02T10:09:16.949Z]     ↳ Response: 200 OK
[2026-08-02T10:09:16.995Z]     ↳ Response: 200 OK
[2026-08-02T10:09:17.017Z] [2022] GET http://localhost:3000/src/components/TelegramConnectionSettings.tsx
[2026-08-02T10:09:17.031Z]     ↳ Response: 200 OK
[2026-08-02T10:09:17.048Z]     ↳ Response: 200 OK
[2026-08-02T10:09:17.062Z]     ↳ Response: 200 OK
[2026-08-02T10:09:17.074Z]     ↳ Response: 200 OK
[2026-08-02T10:09:17.102Z]     ↳ Response: 200 OK
[2026-08-02T10:09:17.184Z]     ↳ Response: 200 OK
[2026-08-02T10:09:17.239Z]     ↳ Response: 200 OK
[2026-08-02T10:09:17.283Z]     ↳ Response: 200 OK
[2026-08-02T10:09:17.311Z]     ↳ Response: 200 OK
[2026-08-02T10:09:17.328Z] [2023] GET http://localhost:3000/src/components/InvalidPropertyPage.tsx
[2026-08-02T10:09:17.342Z]     ↳ Response: 200 OK
[2026-08-02T10:09:17.348Z]     ↳ Response: 200 OK
[2026-08-02T10:09:17.359Z]     ↳ Response: 200 OK
[2026-08-02T10:09:17.405Z]     ↳ Response: 200 OK
[2026-08-02T10:09:17.496Z]     ↳ Response: 200 OK
[2026-08-02T10:09:17.603Z] [2024] GET http://localhost:3000/src/components/ToggleSwitch.tsx
[2026-08-02T10:09:17.787Z]     ↳ Response: 200 OK
[2026-08-02T10:09:17.939Z]     ↳ Response: 200 OK
[2026-08-02T10:09:17.979Z]     ↳ Response: 200 OK
[2026-08-02T10:09:18.032Z]     ↳ Response: 200 OK
[2026-08-02T10:09:18.047Z]     ↳ Response: 200 OK
[2026-08-02T10:09:18.071Z]     ↳ Response: 200 OK
[2026-08-02T10:09:18.091Z]     ↳ Response: 200 OK
[2026-08-02T10:09:18.111Z] [2025] GET http://localhost:3000/src/components/AppearanceSettings.tsx?t=1785660212018
[2026-08-02T10:09:18.147Z] [2026] GET http://localhost:3000/src/components/DefaultExpensesManager.tsx?t=1785590582041
[2026-08-02T10:09:18.196Z]     ↳ Response: 200 OK
[2026-08-02T10:09:18.217Z]     ↳ Response: 200 OK
[2026-08-02T10:09:18.241Z]     ↳ Response: 200 OK
[2026-08-02T10:09:18.251Z] [2027] GET http://localhost:3000/node_modules/.vite/deps/sortablejs.js?v=bff2b989
[2026-08-02T10:09:18.281Z]     ↳ Response: 200 OK
[2026-08-02T10:09:18.291Z]     ↳ Response: 200 OK
[2026-08-02T10:09:18.299Z] [2028] GET http://localhost:3000/src/components/ThemeManagement.tsx
[2026-08-02T10:09:18.313Z] [2029] GET http://localhost:3000/src/components/CustomCSSOverride.tsx
[2026-08-02T10:09:18.319Z]     ↳ Response: 200 OK
[2026-08-02T10:09:18.347Z]     ↳ Response: 200 OK
[2026-08-02T10:09:18.355Z]     ↳ Response: 200 OK
[2026-08-02T10:09:18.358Z]     ↳ Response: 200 OK
[2026-08-02T10:09:18.361Z]     ↳ Response: 200 OK
[2026-08-02T10:09:18.369Z]     ↳ Response: 200 OK
[2026-08-02T10:09:18.477Z] [2030] GET http://localhost:3000/php/api/router.php?action=get_current_property&property_slug=room-101
[2026-08-02T10:09:18.480Z] [2031] GET http://localhost:3000/php/api/router.php?action=get_current_property&property_slug=room-101
[2026-08-02T10:09:18.497Z] [2032] GET http://localhost:3000/icons/favicon-32x32.png
[2026-08-02T10:09:18.501Z]     ↳ Response: 200 OK
[2026-08-02T10:09:18.511Z]     ↳ Response: 200 OK
[2026-08-02T10:09:18.529Z] [2033] GET http://localhost:3000/php/api/router.php?action=get_property_modules&property_slug=room-101
[2026-08-02T10:09:18.535Z] [2034] GET http://localhost:3000/php/api/router.php?action=get_nav_menu&property_slug=room-101
[2026-08-02T10:09:18.547Z] [2035] GET http://localhost:3000/php/api/router.php?action=get_telegram_config&property_slug=room-101
[2026-08-02T10:09:18.561Z]     ↳ Response: 200 OK
[2026-08-02T10:09:18.564Z]     ↳ Response: 200 OK
[2026-08-02T10:09:18.566Z]     ↳ Response: 200 OK
[2026-08-02T10:09:18.586Z] [2036] GET http://localhost:3000/php/api/router.php?action=get_property_modules&property_slug=room-101
[2026-08-02T10:09:18.597Z] [2037] GET http://localhost:3000/php/api/router.php?action=get_nav_menu&property_slug=room-101
[2026-08-02T10:09:18.605Z] [2038] GET http://localhost:3000/php/api/router.php?action=get_telegram_config&property_slug=room-101
[2026-08-02T10:09:18.607Z]     ↳ Response: 200 OK
[2026-08-02T10:09:18.649Z] [2039] GET https://images.unsplash.com/photo-1534528741775-53994a69daeb?w=100&auto=format&fit=crop&q=80
[2026-08-02T10:09:18.656Z]     ↳ Response: 200 
[2026-08-02T10:09:18.666Z] [2040] GET http://localhost:3000/php/api/router.php?action=get_property_modules&property_slug=room-101
[2026-08-02T10:09:18.674Z] [2041] GET http://localhost:3000/php/api/router.php?action=get_telegram_config&property_slug=room-101
[2026-08-02T10:09:18.686Z] [2042] GET http://localhost:3000/artists_farm/php/api/ical_sync.php?action=get_blocked_dates
[2026-08-02T10:09:18.690Z] [2043] GET http://localhost:3000/php/api/router.php?action=get_system_settings
[2026-08-02T10:09:18.693Z] [2044] GET http://localhost:3000/php/api/router.php?action=get_theme_settings
[2026-08-02T10:09:18.738Z] [2045] GET http://localhost:3000/php/api/router.php?action=get_guests&property_slug=room-101
[2026-08-02T10:09:18.760Z] [2046] GET http://localhost:3000/php/api/router.php?action=get_users&property_slug=room-101
[2026-08-02T10:09:18.779Z] [2047] GET http://localhost:3000/php/api/router.php?action=get_attendance&property_slug=room-101
[2026-08-02T10:09:18.816Z] [2048] GET http://localhost:3000/php/api/router.php?action=get_audit_logs&property_slug=room-101
[2026-08-02T10:09:18.833Z] [2049] GET http://localhost:3000/php/api/router.php?action=get_receipts&property_slug=room-101
[2026-08-02T10:09:18.859Z] [2050] GET http://localhost:3000/php/api/router.php?action=get_users&property_slug=room-101
[2026-08-02T10:09:18.904Z] [2051] GET http://localhost:3000/php/api/router.php?action=get_nav_menu&property_slug=room-101
[2026-08-02T10:09:18.930Z] [2052] GET http://localhost:3000/php/api/router.php?action=get_guests&property_slug=room-101
[2026-08-02T10:09:18.952Z] [2053] GET http://localhost:3000/php/api/router.php?action=get_attendance&property_slug=room-101
[2026-08-02T10:09:18.964Z] [2054] GET http://localhost:3000/php/api/router.php?action=get_audit_logs&property_slug=room-101
[2026-08-02T10:09:19.003Z] [2055] GET http://localhost:3000/php/api/router.php?action=get_receipts&property_slug=room-101
[2026-08-02T10:09:19.030Z] [2056] GET http://localhost:3000/php/api/router.php?action=get_misc_catalog&property_slug=room-101
[2026-08-02T10:09:19.050Z] [2057] GET http://localhost:3000/php/api/router.php?action=get_petty_cash&property_slug=room-101
[2026-08-02T10:09:19.086Z] [2058] GET http://localhost:3000/php/api/router.php?action=get_users&property_slug=room-101
[2026-08-02T10:09:19.164Z] [2059] GET http://localhost:3000/php/api/router.php?action=get_attendance&property_slug=room-101
[2026-08-02T10:09:19.242Z] [2060] GET http://localhost:3000/php/api/router.php?action=get_property_modules&property_slug=room-101
[2026-08-02T10:09:19.302Z] [2061] GET http://localhost:3000/php/api/router.php?action=get_telegram_config&property_slug=room-101
[2026-08-02T10:09:19.360Z] [2062] GET http://localhost:3000/artists_farm/php/api/ical_sync.php?action=get_blocked_dates
[2026-08-02T10:09:19.421Z] [2063] GET http://localhost:3000/php/api/router.php?action=get_system_settings
[2026-08-02T10:09:19.462Z] [2064] GET http://localhost:3000/php/api/router.php?action=get_theme_settings
[2026-08-02T10:09:19.511Z] [2065] GET http://localhost:3000/php/api/router.php?action=get_guests&property_slug=room-101
[2026-08-02T10:09:19.524Z] [2066] GET http://localhost:3000/php/api/router.php?action=get_users&property_slug=room-101
[2026-08-02T10:09:19.538Z] [2067] GET http://localhost:3000/php/api/router.php?action=get_attendance&property_slug=room-101
[2026-08-02T10:09:19.553Z] [2068] GET http://localhost:3000/php/api/router.php?action=get_audit_logs&property_slug=room-101
[2026-08-02T10:09:19.565Z] [2069] GET http://localhost:3000/php/api/router.php?action=get_receipts&property_slug=room-101
[2026-08-02T10:09:19.576Z] [2070] GET http://localhost:3000/php/api/router.php?action=get_users&property_slug=room-101
[2026-08-02T10:09:19.582Z] [2071] GET http://localhost:3000/php/api/router.php?action=get_nav_menu&property_slug=room-101
[2026-08-02T10:09:19.588Z] [2072] GET http://localhost:3000/php/api/router.php?action=get_guests&property_slug=room-101
[2026-08-02T10:09:19.597Z] [2073] GET http://localhost:3000/php/api/router.php?action=get_attendance&property_slug=room-101
[2026-08-02T10:09:19.603Z] [2074] GET http://localhost:3000/php/api/router.php?action=get_audit_logs&property_slug=room-101
[2026-08-02T10:09:19.613Z] [2075] GET http://localhost:3000/php/api/router.php?action=get_receipts&property_slug=room-101
[2026-08-02T10:09:19.620Z] [2076] GET http://localhost:3000/php/api/router.php?action=get_misc_catalog&property_slug=room-101
[2026-08-02T10:09:19.637Z] [2077] GET http://localhost:3000/php/api/router.php?action=get_petty_cash&property_slug=room-101
[2026-08-02T10:09:19.645Z] [2078] GET http://localhost:3000/php/api/router.php?action=get_users&property_slug=room-101
[2026-08-02T10:09:19.656Z] [2079] GET http://localhost:3000/php/api/router.php?action=get_attendance&property_slug=room-101
[2026-08-02T10:09:19.669Z]     ↳ Response: 200 OK
[2026-08-02T10:09:19.682Z]     ↳ Response: 200 OK
[2026-08-02T10:09:19.689Z]     ↳ Response: 200 OK
[2026-08-02T10:09:19.747Z]     ↳ Response: 200 OK
[2026-08-02T10:09:19.780Z]     ↳ Response: 200 OK
[2026-08-02T10:09:19.797Z]     ↳ Response: 200 OK
[2026-08-02T10:09:19.912Z]     ↳ Response: 200 OK
[2026-08-02T10:09:20.074Z]     ↳ Response: 200 OK
[2026-08-02T10:09:20.097Z]     ↳ Response: 200 OK
[2026-08-02T10:09:20.152Z]     ↳ Response: 200 OK
[2026-08-02T10:09:20.197Z]     ↳ Response: 200 OK
[2026-08-02T10:09:20.203Z]     ↳ Response: 200 OK
[2026-08-02T10:09:20.317Z]     ↳ Response: 200 OK
[2026-08-02T10:09:20.326Z]     ↳ Response: 200 OK
[2026-08-02T10:09:20.347Z]     ↳ Response: 200 OK
[2026-08-02T10:09:20.587Z]     ↳ Response: 200 OK
[2026-08-02T10:09:20.604Z]     ↳ Response: 200 OK
[2026-08-02T10:09:20.684Z]     ↳ Response: 200 OK
[2026-08-02T10:09:20.751Z]     ↳ Response: 200 OK
[2026-08-02T10:09:20.842Z]     ↳ Response: 200 OK
[2026-08-02T10:09:20.856Z]     ↳ Response: 200 OK
[2026-08-02T10:09:20.967Z]     ↳ Response: 200 OK
[2026-08-02T10:09:20.971Z]     ↳ Response: 200 OK
[2026-08-02T10:09:20.978Z]     ↳ Response: 200 OK
[2026-08-02T10:09:20.989Z]     ↳ Response: 200 OK
[2026-08-02T10:09:21.119Z]     ↳ Response: 200 OK
[2026-08-02T10:09:21.124Z]     ↳ Response: 200 OK
[2026-08-02T10:09:21.133Z]     ↳ Response: 200 OK
[2026-08-02T10:09:21.249Z]     ↳ Response: 200 OK
[2026-08-02T10:09:21.264Z]     ↳ Response: 200 OK
[2026-08-02T10:09:21.424Z]     ↳ Response: 200 OK
[2026-08-02T10:09:21.461Z]     ↳ Response: 200 OK
[2026-08-02T10:09:21.546Z]     ↳ Response: 200 OK
[2026-08-02T10:09:21.610Z]     ↳ Response: 200 OK
[2026-08-02T10:09:21.617Z]     ↳ Response: 200 OK
[2026-08-02T10:09:21.659Z]     ↳ Response: 200 OK
[2026-08-02T10:09:21.663Z]     ↳ Response: 200 OK
[2026-08-02T10:09:21.702Z]     ↳ Response: 200 OK
[2026-08-02T10:09:21.710Z]     ↳ Response: 200 OK
[2026-08-02T10:09:21.716Z]     ↳ Response: 200 OK
[2026-08-02T10:09:21.724Z]     ↳ Response: 200 OK
[2026-08-02T10:09:21.763Z]     ↳ Response: 200 OK
[2026-08-02T10:09:21.770Z]     ↳ Response: 200 OK
[2026-08-02T10:10:55.716Z] [2080] GET http://localhost:3000/src/components/Navigation.tsx?t=1785665455491
[2026-08-02T10:10:55.717Z] [2081] GET http://localhost:3000/src/index.css?t=1785665455491
[2026-08-02T10:10:56.406Z]     ↳ Response: 200 OK
[2026-08-02T10:10:59.470Z]     ↳ Response: 200 OK
[2026-08-02T10:11:40.676Z] [2082] GET http://localhost:3000/artists_farm/vrikshawan/room-101/
[2026-08-02T10:11:40.981Z]     ↳ Response: 200 OK
[2026-08-02T10:11:41.008Z] [2083] GET http://localhost:3000/@vite/client
[2026-08-02T10:11:41.016Z] [2084] GET http://localhost:3000/src/main.tsx?t=1785665455491
[2026-08-02T10:11:41.023Z] [2085] GET http://localhost:3000/@react-refresh
[2026-08-02T10:11:41.047Z]     ↳ Response: 200 OK
[2026-08-02T10:11:41.052Z] [2086] GET http://localhost:3000/node_modules/.vite/deps/react.js?v=647194ca
[2026-08-02T10:11:41.060Z] [2087] GET http://localhost:3000/node_modules/.vite/deps/react-dom_client.js?v=40766d9c
[2026-08-02T10:11:41.066Z] [2088] GET http://localhost:3000/src/App.tsx?t=1785665455491
[2026-08-02T10:11:41.079Z] [2089] GET http://localhost:3000/src/index.css?t=1785665455491
[2026-08-02T10:11:41.094Z] [2090] GET http://localhost:3000/src/utils/telescopeLogger.ts
[2026-08-02T10:11:41.100Z] [2091] GET http://localhost:3000/node_modules/.vite/deps/react_jsx-dev-runtime.js?v=647194ca
[2026-08-02T10:11:41.123Z]     ↳ Response: 200 OK
[2026-08-02T10:11:41.125Z]     ↳ Response: 200 OK
[2026-08-02T10:11:41.143Z] [2092] GET http://localhost:3000/node_modules/vite/dist/client/env.mjs
[2026-08-02T10:11:41.155Z]     ↳ Response: 304 Not Modified
[2026-08-02T10:11:41.163Z]     ↳ Response: 200 OK
[2026-08-02T10:11:41.224Z] [2093] GET http://localhost:3000/node_modules/.vite/deps/rolldown-runtime-B-1-B7_t.js?v=9329134a
[2026-08-02T10:11:41.313Z]     ↳ Response: 200 OK
[2026-08-02T10:11:41.344Z]     ↳ Response: 200 OK
[2026-08-02T10:11:41.371Z]     ↳ Response: 200 OK
[2026-08-02T10:11:41.404Z] [2094] GET http://localhost:3000/src/components/Header.tsx?t=1785664315451
[2026-08-02T10:11:41.444Z] [2095] GET http://localhost:3000/src/components/Navigation.tsx?t=1785665455491
[2026-08-02T10:11:41.467Z] [2096] GET http://localhost:3000/src/components/OperationalDashboard.tsx?t=1785654087699
[2026-08-02T10:11:41.507Z] [2097] GET http://localhost:3000/src/components/GuestManagement.tsx?t=1785654087699
[2026-08-02T10:11:41.559Z] [2098] GET http://localhost:3000/src/components/KitchenManagement.tsx?t=1785654087699
[2026-08-02T10:11:41.631Z] [2099] GET http://localhost:3000/src/components/InventoryManagement.tsx?t=1785654087699
[2026-08-02T10:11:41.646Z] [2100] GET http://localhost:3000/src/components/PettyCashManagement.tsx?t=1785654087699
[2026-08-02T10:11:41.671Z] [2101] GET http://localhost:3000/src/components/CashDrawerManager.tsx?t=1785654087699
[2026-08-02T10:11:41.706Z] [2102] GET http://localhost:3000/src/components/ExpenseItemsManagement.tsx?t=1785612846419
[2026-08-02T10:11:41.763Z] [2103] GET http://localhost:3000/src/components/StaffManagement.tsx?t=1785654087699
[2026-08-02T10:11:41.894Z] [2104] GET http://localhost:3000/src/components/AnalyticsDashboard.tsx?t=1785654087699
[2026-08-02T10:11:41.968Z] [2105] GET http://localhost:3000/src/components/AuditLogsView.tsx
[2026-08-02T10:11:41.996Z] [2106] GET http://localhost:3000/src/components/DataExportCenter.tsx?t=1785654087699
[2026-08-02T10:11:42.008Z] [2107] GET http://localhost:3000/src/components/MenuManager.tsx?t=1785654087699
[2026-08-02T10:11:42.041Z] [2108] GET http://localhost:3000/src/components/MiscChargesManagement.tsx?t=1785654087699
[2026-08-02T10:11:42.065Z] [2109] GET http://localhost:3000/src/components/ICalSyncManager.tsx?t=1785654087699
[2026-08-02T10:11:42.091Z] [2110] GET http://localhost:3000/src/components/TelegramNotificationModal.tsx?t=1785654087699
[2026-08-02T10:11:42.106Z] [2111] GET http://localhost:3000/src/components/DemoDataModal.tsx
[2026-08-02T10:11:42.117Z] [2112] GET http://localhost:3000/src/components/GlobalModal.tsx
[2026-08-02T10:11:42.147Z] [2113] GET http://localhost:3000/src/components/ToastContext.tsx
[2026-08-02T10:11:42.166Z] [2114] GET http://localhost:3000/src/components/LoginModal.tsx?t=1785654087699
[2026-08-02T10:11:42.194Z] [2115] GET http://localhost:3000/src/contexts/StaffContext.tsx?t=1785654087699
[2026-08-02T10:11:42.211Z] [2116] GET http://localhost:3000/src/contexts/AuthContext.tsx?t=1785654087699
[2026-08-02T10:11:42.224Z] [2117] GET http://localhost:3000/src/contexts/FinanceContext.tsx?t=1785654087699
[2026-08-02T10:11:42.233Z] [2118] GET http://localhost:3000/src/contexts/InventoryContext.tsx?t=1785654087699
[2026-08-02T10:11:42.247Z] [2119] GET http://localhost:3000/src/contexts/KitchenContext.tsx?t=1785654087699
[2026-08-02T10:11:42.271Z] [2120] GET http://localhost:3000/src/utils/clientInfo.ts
[2026-08-02T10:11:42.290Z] [2121] GET http://localhost:3000/src/data/appConfig.ts
[2026-08-02T10:11:42.299Z] [2122] GET http://localhost:3000/src/services/themeService.ts
[2026-08-02T10:11:42.306Z] [2123] GET http://localhost:3000/src/services/api.ts?t=1785654087699
[2026-08-02T10:11:42.313Z] [2124] GET http://localhost:3000/src/contexts/ConfigurationDataContext.tsx?t=1785654087699
[2026-08-02T10:11:42.320Z] [2125] GET http://localhost:3000/src/contexts/ModulesContext.tsx?t=1785654087699
[2026-08-02T10:11:42.358Z] [2126] GET http://localhost:3000/src/components/DataLoader.tsx?t=1785654087699
[2026-08-02T10:11:42.451Z] [2127] GET http://localhost:3000/src/components/LoadingScreen.tsx
[2026-08-02T10:11:42.476Z] [2128] GET http://localhost:3000/src/components/LoginPage.tsx
[2026-08-02T10:11:42.527Z] [2129] GET http://localhost:3000/src/components/PlatformPropertyManagement.tsx?t=1785658778613
[2026-08-02T10:11:42.569Z] [2130] GET http://localhost:3000/src/components/TenantDashboard.tsx
[2026-08-02T10:11:42.583Z] [2131] GET http://localhost:3000/src/components/RootAdminDashboard.tsx?t=1785660212018
[2026-08-02T10:11:42.594Z] [2132] GET http://localhost:3000/src/components/MultiKeyPropertyOverview.tsx?t=1785654087699
[2026-08-02T10:11:42.612Z]     ↳ Response: 200 OK
[2026-08-02T10:11:42.631Z]     ↳ Response: 200 OK
[2026-08-02T10:11:42.677Z]     ↳ Response: 304 Not Modified
[2026-08-02T10:11:42.696Z] [2133] GET http://localhost:3000/src/utils/iconResolver.tsx
[2026-08-02T10:11:42.709Z] [2134] GET http://localhost:3000/node_modules/.vite/deps/lucide-react.js?v=907c0d96
[2026-08-02T10:11:42.714Z]     ↳ Response: 200 OK
[2026-08-02T10:11:42.747Z]     ↳ Response: 200 OK
[2026-08-02T10:11:42.793Z]     ↳ Response: 200 OK
[2026-08-02T10:11:42.808Z] [2135] GET http://localhost:3000/node_modules/.vite/deps/react-data-table-component.js?v=de6c4fcd
[2026-08-02T10:11:42.841Z]     ↳ Response: 200 OK
[2026-08-02T10:11:42.869Z]     ↳ Response: 200 OK
[2026-08-02T10:11:42.925Z]     ↳ Response: 200 OK
[2026-08-02T10:11:42.949Z]     ↳ Response: 200 OK
[2026-08-02T10:11:43.011Z] [2136] GET http://localhost:3000/node_modules/.vite/deps/html-to-image.js?v=8ba12c37
[2026-08-02T10:11:43.053Z] [2137] GET http://localhost:3000/src/components/DateRangePicker.tsx?t=1785538574357
[2026-08-02T10:11:43.078Z] [2138] GET http://localhost:3000/src/components/BillingCheckout.tsx?t=1785584077754
[2026-08-02T10:11:43.098Z] [2139] GET http://localhost:3000/node_modules/.vite/deps/react-apexcharts.js?v=a1c1290a
[2026-08-02T10:11:43.134Z]     ↳ Response: 200 OK
[2026-08-02T10:11:43.172Z]     ↳ Response: 200 OK
[2026-08-02T10:11:43.210Z]     ↳ Response: 200 OK
[2026-08-02T10:11:43.281Z]     ↳ Response: 200 OK
[2026-08-02T10:11:43.303Z]     ↳ Response: 200 OK
[2026-08-02T10:11:43.388Z]     ↳ Response: 200 OK
[2026-08-02T10:11:43.430Z]     ↳ Response: 200 OK
[2026-08-02T10:11:43.491Z] [2140] GET http://localhost:3000/src/components/NavMenuEditor.tsx?t=1785654087699
[2026-08-02T10:11:43.530Z]     ↳ Response: 200 OK
[2026-08-02T10:11:43.547Z] [2141] GET http://localhost:3000/src/components/SearchableSelect.tsx
[2026-08-02T10:11:43.576Z]     ↳ Response: 200 OK
[2026-08-02T10:11:43.615Z]     ↳ Response: 200 OK
[2026-08-02T10:11:43.646Z]     ↳ Response: 200 OK
[2026-08-02T10:11:43.691Z]     ↳ Response: 200 OK
[2026-08-02T10:11:43.715Z] [2142] GET http://localhost:3000/src/components/TelegramConnectionSettings.tsx
[2026-08-02T10:11:43.809Z]     ↳ Response: 200 OK
[2026-08-02T10:11:43.856Z]     ↳ Response: 200 OK
[2026-08-02T10:11:43.904Z]     ↳ Response: 200 OK
[2026-08-02T10:11:43.925Z]     ↳ Response: 200 OK
[2026-08-02T10:11:43.945Z]     ↳ Response: 200 OK
[2026-08-02T10:11:43.962Z]     ↳ Response: 200 OK
[2026-08-02T10:11:43.970Z]     ↳ Response: 200 OK
[2026-08-02T10:11:44.020Z]     ↳ Response: 200 OK
[2026-08-02T10:11:44.059Z]     ↳ Response: 200 OK
[2026-08-02T10:11:44.075Z]     ↳ Response: 200 OK
[2026-08-02T10:11:44.097Z]     ↳ Response: 200 OK
[2026-08-02T10:11:44.112Z]     ↳ Response: 200 OK
[2026-08-02T10:11:44.126Z]     ↳ Response: 200 OK
[2026-08-02T10:11:44.144Z]     ↳ Response: 200 OK
[2026-08-02T10:11:44.176Z]     ↳ Response: 200 OK
[2026-08-02T10:11:44.242Z]     ↳ Response: 200 OK
[2026-08-02T10:11:44.299Z] [2143] GET http://localhost:3000/src/components/InvalidPropertyPage.tsx
[2026-08-02T10:11:44.338Z]     ↳ Response: 200 OK
[2026-08-02T10:11:44.347Z]     ↳ Response: 200 OK
[2026-08-02T10:11:44.377Z]     ↳ Response: 200 OK
[2026-08-02T10:11:44.400Z]     ↳ Response: 200 OK
[2026-08-02T10:11:44.431Z]     ↳ Response: 200 OK
[2026-08-02T10:11:44.481Z] [2144] GET http://localhost:3000/src/components/AppearanceSettings.tsx?t=1785660212018
[2026-08-02T10:11:44.534Z] [2145] GET http://localhost:3000/src/components/DefaultExpensesManager.tsx?t=1785590582041
[2026-08-02T10:11:44.572Z]     ↳ Response: 200 OK
[2026-08-02T10:11:44.631Z]     ↳ Response: 200 OK
[2026-08-02T10:11:44.690Z] [2146] GET http://localhost:3000/src/components/ToggleSwitch.tsx
[2026-08-02T10:11:44.791Z]     ↳ Response: 200 OK
[2026-08-02T10:11:44.873Z]     ↳ Response: 200 OK
[2026-08-02T10:11:44.909Z]     ↳ Response: 200 OK
[2026-08-02T10:11:45.008Z]     ↳ Response: 200 OK
[2026-08-02T10:11:45.055Z] [2147] GET http://localhost:3000/node_modules/.vite/deps/sortablejs.js?v=bff2b989
[2026-08-02T10:11:45.133Z]     ↳ Response: 200 OK
[2026-08-02T10:11:45.217Z]     ↳ Response: 200 OK
[2026-08-02T10:11:45.264Z] [2148] GET http://localhost:3000/src/components/ThemeManagement.tsx
[2026-08-02T10:11:45.345Z] [2149] GET http://localhost:3000/src/components/CustomCSSOverride.tsx
[2026-08-02T10:11:45.409Z]     ↳ Response: 200 OK
[2026-08-02T10:11:45.428Z]     ↳ Response: 200 OK
[2026-08-02T10:11:45.445Z]     ↳ Response: 200 OK
[2026-08-02T10:11:45.463Z]     ↳ Response: 200 OK
[2026-08-02T10:11:45.476Z]     ↳ Response: 200 OK
[2026-08-02T10:11:45.490Z] [2150] GET http://localhost:3000/node_modules/.vite/deps/react-dom.js?v=647194ca
[2026-08-02T10:11:45.498Z]     ↳ Response: 200 OK
[2026-08-02T10:11:45.514Z]     ↳ Response: 200 OK
[2026-08-02T10:11:45.590Z]     ↳ Response: 200 OK
[2026-08-02T10:11:45.603Z]     ↳ Response: 200 OK
[2026-08-02T10:11:45.822Z] [2151] GET http://localhost:3000/php/api/router.php?action=get_current_property&property_slug=room-101
[2026-08-02T10:11:45.825Z] [2152] GET http://localhost:3000/php/api/router.php?action=get_current_property&property_slug=room-101
[2026-08-02T10:11:45.837Z] [2153] GET http://localhost:3000/icons/favicon-32x32.png
[2026-08-02T10:11:45.842Z]     ↳ Response: 200 OK
[2026-08-02T10:11:45.860Z]     ↳ Response: 200 OK
[2026-08-02T10:11:45.865Z] [2154] GET http://localhost:3000/php/api/router.php?action=get_property_modules&property_slug=room-101
[2026-08-02T10:11:45.899Z] [2155] GET http://localhost:3000/php/api/router.php?action=get_nav_menu&property_slug=room-101
[2026-08-02T10:11:45.910Z] [2156] GET http://localhost:3000/php/api/router.php?action=get_telegram_config&property_slug=room-101
[2026-08-02T10:11:45.922Z]     ↳ Response: 200 OK
[2026-08-02T10:11:45.932Z] [2157] GET http://localhost:3000/php/api/router.php?action=get_property_modules&property_slug=room-101
[2026-08-02T10:11:45.940Z] [2158] GET http://localhost:3000/php/api/router.php?action=get_nav_menu&property_slug=room-101
[2026-08-02T10:11:45.943Z] [2159] GET http://localhost:3000/php/api/router.php?action=get_telegram_config&property_slug=room-101
[2026-08-02T10:11:45.946Z]     ↳ Response: 200 OK
[2026-08-02T10:11:45.951Z]     ↳ Response: 200 OK
[2026-08-02T10:11:45.962Z]     ↳ Response: 200 OK
[2026-08-02T10:11:46.015Z] [2160] GET https://images.unsplash.com/photo-1534528741775-53994a69daeb?w=100&auto=format&fit=crop&q=80
[2026-08-02T10:11:46.026Z] [2161] GET http://localhost:3000/php/api/router.php?action=get_property_modules&property_slug=room-101
[2026-08-02T10:11:46.036Z] [2162] GET http://localhost:3000/php/api/router.php?action=get_telegram_config&property_slug=room-101
[2026-08-02T10:11:46.040Z] [2163] GET http://localhost:3000/artists_farm/php/api/ical_sync.php?action=get_blocked_dates
[2026-08-02T10:11:46.048Z] [2164] GET http://localhost:3000/php/api/router.php?action=get_system_settings
[2026-08-02T10:11:46.063Z] [2165] GET http://localhost:3000/php/api/router.php?action=get_theme_settings
[2026-08-02T10:11:46.071Z] [2166] GET http://localhost:3000/php/api/router.php?action=get_guests&property_slug=room-101
[2026-08-02T10:11:46.087Z] [2167] GET http://localhost:3000/php/api/router.php?action=get_users&property_slug=room-101
[2026-08-02T10:11:46.100Z] [2168] GET http://localhost:3000/php/api/router.php?action=get_attendance&property_slug=room-101
[2026-08-02T10:11:46.103Z] [2169] GET http://localhost:3000/php/api/router.php?action=get_audit_logs&property_slug=room-101
[2026-08-02T10:11:46.218Z] [2170] GET http://localhost:3000/php/api/router.php?action=get_receipts&property_slug=room-101
[2026-08-02T10:11:46.297Z] [2171] GET http://localhost:3000/php/api/router.php?action=get_users&property_slug=room-101
[2026-08-02T10:11:46.373Z] [2172] GET http://localhost:3000/php/api/router.php?action=get_nav_menu&property_slug=room-101
[2026-08-02T10:11:46.441Z] [2173] GET http://localhost:3000/php/api/router.php?action=get_guests&property_slug=room-101
[2026-08-02T10:11:46.478Z] [2174] GET http://localhost:3000/php/api/router.php?action=get_attendance&property_slug=room-101
[2026-08-02T10:11:46.505Z] [2175] GET http://localhost:3000/php/api/router.php?action=get_audit_logs&property_slug=room-101
[2026-08-02T10:11:46.517Z] [2176] GET http://localhost:3000/php/api/router.php?action=get_receipts&property_slug=room-101
[2026-08-02T10:11:46.526Z] [2177] GET http://localhost:3000/php/api/router.php?action=get_misc_catalog&property_slug=room-101
[2026-08-02T10:11:46.530Z] [2178] GET http://localhost:3000/php/api/router.php?action=get_petty_cash&property_slug=room-101
[2026-08-02T10:11:46.539Z] [2179] GET http://localhost:3000/php/api/router.php?action=get_users&property_slug=room-101
[2026-08-02T10:11:46.551Z] [2180] GET http://localhost:3000/php/api/router.php?action=get_attendance&property_slug=room-101
[2026-08-02T10:11:46.556Z] [2181] GET http://localhost:3000/php/api/router.php?action=get_property_modules&property_slug=room-101
[2026-08-02T10:11:46.558Z] [2182] GET http://localhost:3000/php/api/router.php?action=get_telegram_config&property_slug=room-101
[2026-08-02T10:11:46.572Z] [2183] GET http://localhost:3000/artists_farm/php/api/ical_sync.php?action=get_blocked_dates
[2026-08-02T10:11:46.615Z] [2184] GET http://localhost:3000/php/api/router.php?action=get_system_settings
[2026-08-02T10:11:46.624Z] [2185] GET http://localhost:3000/php/api/router.php?action=get_theme_settings
[2026-08-02T10:11:46.677Z] [2186] GET http://localhost:3000/php/api/router.php?action=get_guests&property_slug=room-101
[2026-08-02T10:11:46.689Z] [2187] GET http://localhost:3000/php/api/router.php?action=get_users&property_slug=room-101
[2026-08-02T10:11:46.706Z] [2188] GET http://localhost:3000/php/api/router.php?action=get_attendance&property_slug=room-101
[2026-08-02T10:11:46.746Z] [2189] GET http://localhost:3000/php/api/router.php?action=get_audit_logs&property_slug=room-101
[2026-08-02T10:11:46.759Z] [2190] GET http://localhost:3000/php/api/router.php?action=get_receipts&property_slug=room-101
[2026-08-02T10:11:46.776Z] [2191] GET http://localhost:3000/php/api/router.php?action=get_users&property_slug=room-101
[2026-08-02T10:11:46.808Z] [2192] GET http://localhost:3000/php/api/router.php?action=get_nav_menu&property_slug=room-101
[2026-08-02T10:11:46.838Z] [2193] GET http://localhost:3000/php/api/router.php?action=get_guests&property_slug=room-101
[2026-08-02T10:11:46.886Z] [2194] GET http://localhost:3000/php/api/router.php?action=get_attendance&property_slug=room-101
[2026-08-02T10:11:46.962Z] [2195] GET http://localhost:3000/php/api/router.php?action=get_audit_logs&property_slug=room-101
[2026-08-02T10:11:46.975Z] [2196] GET http://localhost:3000/php/api/router.php?action=get_receipts&property_slug=room-101
[2026-08-02T10:11:46.998Z] [2197] GET http://localhost:3000/php/api/router.php?action=get_misc_catalog&property_slug=room-101
[2026-08-02T10:11:47.034Z] [2198] GET http://localhost:3000/php/api/router.php?action=get_petty_cash&property_slug=room-101
[2026-08-02T10:11:47.057Z] [2199] GET http://localhost:3000/php/api/router.php?action=get_users&property_slug=room-101
[2026-08-02T10:11:47.096Z] [2200] GET http://localhost:3000/php/api/router.php?action=get_attendance&property_slug=room-101
[2026-08-02T10:11:47.229Z]     ↳ Response: 200 
[2026-08-02T10:11:47.355Z]     ↳ Response: 200 OK
[2026-08-02T10:11:47.412Z]     ↳ Response: 200 OK
[2026-08-02T10:11:47.429Z]     ↳ Response: 200 OK
[2026-08-02T10:11:47.741Z]     ↳ Response: 200 OK
[2026-08-02T10:11:47.778Z]     ↳ Response: 200 OK
[2026-08-02T10:11:47.842Z]     ↳ Response: 200 OK
[2026-08-02T10:11:48.057Z]     ↳ Response: 200 OK
[2026-08-02T10:11:48.141Z]     ↳ Response: 200 OK
[2026-08-02T10:11:48.212Z]     ↳ Response: 200 OK
[2026-08-02T10:11:48.397Z]     ↳ Response: 200 OK
[2026-08-02T10:11:48.670Z]     ↳ Response: 200 OK
[2026-08-02T10:11:48.680Z]     ↳ Response: 200 OK
[2026-08-02T10:11:49.087Z]     ↳ Response: 200 OK
[2026-08-02T10:11:49.158Z]     ↳ Response: 200 OK
[2026-08-02T10:11:49.193Z]     ↳ Response: 200 OK
[2026-08-02T10:11:49.219Z]     ↳ Response: 200 OK
[2026-08-02T10:11:49.617Z]     ↳ Response: 200 OK
[2026-08-02T10:11:49.739Z]     ↳ Response: 200 OK
[2026-08-02T10:11:49.780Z]     ↳ Response: 200 OK
[2026-08-02T10:11:49.939Z]     ↳ Response: 200 OK
[2026-08-02T10:11:49.956Z]     ↳ Response: 200 OK
[2026-08-02T10:11:50.052Z]     ↳ Response: 200 OK
[2026-08-02T10:11:50.061Z]     ↳ Response: 200 OK
[2026-08-02T10:11:50.065Z]     ↳ Response: 200 OK
[2026-08-02T10:11:50.073Z]     ↳ Response: 200 OK
[2026-08-02T10:11:50.095Z]     ↳ Response: 200 OK
[2026-08-02T10:11:50.141Z]     ↳ Response: 200 OK
[2026-08-02T10:11:50.146Z]     ↳ Response: 200 OK
[2026-08-02T10:11:50.152Z]     ↳ Response: 200 OK
[2026-08-02T10:11:50.185Z]     ↳ Response: 200 OK
[2026-08-02T10:11:50.220Z]     ↳ Response: 200 OK
[2026-08-02T10:11:50.227Z]     ↳ Response: 200 OK
[2026-08-02T10:11:50.287Z]     ↳ Response: 200 OK
[2026-08-02T10:11:50.579Z]     ↳ Response: 200 OK
[2026-08-02T10:11:50.704Z]     ↳ Response: 200 OK
[2026-08-02T10:11:50.736Z]     ↳ Response: 200 OK
[2026-08-02T10:11:50.742Z]     ↳ Response: 200 OK
[2026-08-02T10:11:51.204Z]     ↳ Response: 200 OK
[2026-08-02T10:11:51.210Z]     ↳ Response: 200 OK
[2026-08-02T10:11:51.229Z]     ↳ Response: 200 OK
[2026-08-02T10:11:51.238Z]     ↳ Response: 200 OK
[2026-08-02T10:11:51.245Z]     ↳ Response: 200 OK
[2026-08-02T10:11:51.257Z]     ↳ Response: 200 OK
[2026-08-02T10:12:49.301Z] [2201] GET http://localhost:3000/artists_farm/php/api/ical_sync.php?action=get_blocked_dates
[2026-08-02T10:12:49.323Z] [2202] GET http://localhost:3000/artists_farm/php/api/ical_sync.php?action=get_blocked_dates
[2026-08-02T10:12:49.717Z]     ↳ Response: 200 OK
[2026-08-02T10:12:49.896Z]     ↳ Response: 200 OK
[2026-08-02T10:12:53.086Z] [2203] GET http://localhost:3000/artists_farm/vrikshawan/r
[2026-08-02T10:12:53.135Z]     ↳ Response: 200 OK
[2026-08-02T10:12:53.168Z] [2204] GET http://localhost:3000/@vite/client
[2026-08-02T10:12:53.182Z] [2205] GET http://localhost:3000/src/main.tsx?t=1785665455491
[2026-08-02T10:12:53.195Z] [2206] GET http://localhost:3000/@react-refresh
[2026-08-02T10:12:53.209Z]     ↳ Response: 200 OK
[2026-08-02T10:12:53.237Z] [2207] GET http://localhost:3000/node_modules/.vite/deps/react.js?v=647194ca
[2026-08-02T10:12:53.249Z] [2208] GET http://localhost:3000/node_modules/.vite/deps/react-dom_client.js?v=40766d9c
[2026-08-02T10:12:53.296Z] [2209] GET http://localhost:3000/src/App.tsx?t=1785665455491
[2026-08-02T10:12:53.308Z] [2210] GET http://localhost:3000/src/index.css?t=1785665455491
[2026-08-02T10:12:53.330Z] [2211] GET http://localhost:3000/src/utils/telescopeLogger.ts
[2026-08-02T10:12:53.350Z] [2212] GET http://localhost:3000/node_modules/.vite/deps/react_jsx-dev-runtime.js?v=647194ca
[2026-08-02T10:12:53.369Z]     ↳ Response: 200 OK
[2026-08-02T10:12:53.377Z]     ↳ Response: 200 OK
[2026-08-02T10:12:53.416Z] [2213] GET http://localhost:3000/node_modules/vite/dist/client/env.mjs
[2026-08-02T10:12:53.507Z]     ↳ Response: 200 OK
[2026-08-02T10:12:53.592Z]     ↳ Response: 200 OK
[2026-08-02T10:12:53.626Z] [2214] GET http://localhost:3000/node_modules/.vite/deps/rolldown-runtime-B-1-B7_t.js?v=9329134a
[2026-08-02T10:12:53.673Z]     ↳ Response: 200 OK
[2026-08-02T10:12:53.699Z]     ↳ Response: 200 OK
[2026-08-02T10:12:53.769Z]     ↳ Response: 200 OK
[2026-08-02T10:12:53.860Z]     ↳ Response: 200 OK
[2026-08-02T10:12:53.982Z]     ↳ Response: 200 OK
[2026-08-02T10:12:54.022Z] [2215] GET http://localhost:3000/src/components/Header.tsx?t=1785664315451
[2026-08-02T10:12:54.078Z] [2216] GET http://localhost:3000/src/components/Navigation.tsx?t=1785665455491
[2026-08-02T10:12:54.100Z] [2217] GET http://localhost:3000/src/components/OperationalDashboard.tsx?t=1785654087699
[2026-08-02T10:12:54.141Z] [2218] GET http://localhost:3000/src/components/GuestManagement.tsx?t=1785654087699
[2026-08-02T10:12:54.213Z] [2219] GET http://localhost:3000/src/components/KitchenManagement.tsx?t=1785654087699
[2026-08-02T10:12:54.240Z] [2220] GET http://localhost:3000/src/components/InventoryManagement.tsx?t=1785654087699
[2026-08-02T10:12:54.262Z] [2221] GET http://localhost:3000/src/components/PettyCashManagement.tsx?t=1785654087699
[2026-08-02T10:12:54.282Z] [2222] GET http://localhost:3000/src/components/CashDrawerManager.tsx?t=1785654087699
[2026-08-02T10:12:54.307Z] [2223] GET http://localhost:3000/src/components/ExpenseItemsManagement.tsx?t=1785612846419
[2026-08-02T10:12:54.367Z] [2224] GET http://localhost:3000/src/components/StaffManagement.tsx?t=1785654087699
[2026-08-02T10:12:54.545Z] [2225] GET http://localhost:3000/src/components/AnalyticsDashboard.tsx?t=1785654087699
[2026-08-02T10:12:54.682Z] [2226] GET http://localhost:3000/src/components/AuditLogsView.tsx
[2026-08-02T10:12:54.712Z] [2227] GET http://localhost:3000/src/components/DataExportCenter.tsx?t=1785654087699
[2026-08-02T10:12:54.749Z] [2228] GET http://localhost:3000/src/components/MenuManager.tsx?t=1785654087699
[2026-08-02T10:12:54.808Z] [2229] GET http://localhost:3000/src/components/MiscChargesManagement.tsx?t=1785654087699
[2026-08-02T10:12:54.862Z] [2230] GET http://localhost:3000/src/components/ICalSyncManager.tsx?t=1785654087699
[2026-08-02T10:12:54.933Z] [2231] GET http://localhost:3000/src/components/TelegramNotificationModal.tsx?t=1785654087699
[2026-08-02T10:12:55.000Z] [2232] GET http://localhost:3000/src/components/DemoDataModal.tsx
[2026-08-02T10:12:55.048Z] [2233] GET http://localhost:3000/src/components/GlobalModal.tsx
[2026-08-02T10:12:55.090Z] [2234] GET http://localhost:3000/src/components/ToastContext.tsx
[2026-08-02T10:12:55.097Z] [2235] GET http://localhost:3000/src/components/LoginModal.tsx?t=1785654087699
[2026-08-02T10:12:55.106Z] [2236] GET http://localhost:3000/src/contexts/StaffContext.tsx?t=1785654087699
[2026-08-02T10:12:55.128Z] [2237] GET http://localhost:3000/src/contexts/AuthContext.tsx?t=1785654087699
[2026-08-02T10:12:55.164Z] [2238] GET http://localhost:3000/src/contexts/FinanceContext.tsx?t=1785654087699
[2026-08-02T10:12:55.181Z] [2239] GET http://localhost:3000/src/contexts/InventoryContext.tsx?t=1785654087699
[2026-08-02T10:12:55.209Z] [2240] GET http://localhost:3000/src/contexts/KitchenContext.tsx?t=1785654087699
[2026-08-02T10:12:55.227Z] [2241] GET http://localhost:3000/src/utils/clientInfo.ts
[2026-08-02T10:12:55.326Z] [2242] GET http://localhost:3000/src/data/appConfig.ts
[2026-08-02T10:12:55.459Z] [2243] GET http://localhost:3000/src/services/themeService.ts
[2026-08-02T10:12:55.539Z] [2244] GET http://localhost:3000/src/services/api.ts?t=1785654087699
[2026-08-02T10:12:55.574Z] [2245] GET http://localhost:3000/src/contexts/ConfigurationDataContext.tsx?t=1785654087699
[2026-08-02T10:12:55.695Z] [2246] GET http://localhost:3000/src/contexts/ModulesContext.tsx?t=1785654087699
[2026-08-02T10:12:55.750Z] [2247] GET http://localhost:3000/src/components/DataLoader.tsx?t=1785654087699
[2026-08-02T10:12:55.798Z] [2248] GET http://localhost:3000/src/components/LoadingScreen.tsx
[2026-08-02T10:12:55.842Z] [2249] GET http://localhost:3000/src/components/LoginPage.tsx
[2026-08-02T10:12:55.889Z] [2250] GET http://localhost:3000/src/components/PlatformPropertyManagement.tsx?t=1785658778613
[2026-08-02T10:12:55.961Z] [2251] GET http://localhost:3000/src/components/TenantDashboard.tsx
[2026-08-02T10:12:55.995Z] [2252] GET http://localhost:3000/src/components/RootAdminDashboard.tsx?t=1785660212018
[2026-08-02T10:12:56.015Z] [2253] GET http://localhost:3000/src/components/MultiKeyPropertyOverview.tsx?t=1785654087699
[2026-08-02T10:12:56.174Z]     ↳ Response: 200 OK
[2026-08-02T10:12:56.212Z] [2254] GET http://localhost:3000/node_modules/.vite/deps/lucide-react.js?v=907c0d96
[2026-08-02T10:12:56.249Z]     ↳ Response: 200 OK
[2026-08-02T10:12:56.260Z] [2255] GET http://localhost:3000/src/utils/iconResolver.tsx
[2026-08-02T10:12:56.277Z]     ↳ Response: 200 OK
[2026-08-02T10:12:56.290Z]     ↳ Response: 200 OK
[2026-08-02T10:12:56.312Z] [2256] GET http://localhost:3000/node_modules/.vite/deps/html-to-image.js?v=8ba12c37
[2026-08-02T10:12:56.347Z] [2257] GET http://localhost:3000/src/components/DateRangePicker.tsx?t=1785538574357
[2026-08-02T10:12:56.362Z] [2258] GET http://localhost:3000/src/components/BillingCheckout.tsx?t=1785584077754
[2026-08-02T10:12:56.372Z]     ↳ Response: 200 OK
[2026-08-02T10:12:56.383Z] [2259] GET http://localhost:3000/node_modules/.vite/deps/react-data-table-component.js?v=de6c4fcd
[2026-08-02T10:12:56.409Z]     ↳ Response: 200 OK
[2026-08-02T10:12:56.456Z]     ↳ Response: 200 OK
[2026-08-02T10:12:56.531Z]     ↳ Response: 200 OK
[2026-08-02T10:12:56.566Z]     ↳ Response: 200 OK
[2026-08-02T10:12:56.573Z] [2260] GET http://localhost:3000/src/components/SearchableSelect.tsx
[2026-08-02T10:12:56.583Z]     ↳ Response: 200 OK
[2026-08-02T10:12:56.606Z]     ↳ Response: 200 OK
[2026-08-02T10:12:56.622Z] [2261] GET http://localhost:3000/node_modules/.vite/deps/react-apexcharts.js?v=a1c1290a
[2026-08-02T10:12:56.649Z]     ↳ Response: 200 OK
[2026-08-02T10:12:56.661Z]     ↳ Response: 200 OK
[2026-08-02T10:12:56.673Z]     ↳ Response: 200 OK
[2026-08-02T10:12:56.686Z]     ↳ Response: 200 OK
[2026-08-02T10:12:56.704Z]     ↳ Response: 200 OK
[2026-08-02T10:12:56.714Z]     ↳ Response: 200 OK
[2026-08-02T10:12:56.734Z]     ↳ Response: 200 OK
[2026-08-02T10:12:56.772Z]     ↳ Response: 200 OK
[2026-08-02T10:12:56.811Z]     ↳ Response: 200 OK
[2026-08-02T10:12:56.832Z]     ↳ Response: 200 OK
[2026-08-02T10:12:56.859Z]     ↳ Response: 200 OK
[2026-08-02T10:12:56.890Z]     ↳ Response: 200 OK
[2026-08-02T10:12:56.960Z]     ↳ Response: 200 OK
[2026-08-02T10:12:57.012Z]     ↳ Response: 200 OK
[2026-08-02T10:12:57.049Z]     ↳ Response: 200 OK
[2026-08-02T10:12:57.065Z]     ↳ Response: 200 OK
[2026-08-02T10:12:57.104Z]     ↳ Response: 200 OK
[2026-08-02T10:12:57.127Z]     ↳ Response: 200 OK
[2026-08-02T10:12:57.143Z]     ↳ Response: 200 OK
[2026-08-02T10:12:57.161Z]     ↳ Response: 200 OK
[2026-08-02T10:12:57.171Z]     ↳ Response: 200 OK
[2026-08-02T10:12:57.190Z]     ↳ Response: 200 OK
[2026-08-02T10:12:57.202Z] [2262] GET http://localhost:3000/src/components/NavMenuEditor.tsx?t=1785654087699
[2026-08-02T10:12:57.261Z] [2263] GET http://localhost:3000/src/components/TelegramConnectionSettings.tsx
[2026-08-02T10:12:57.313Z] [2264] GET http://localhost:3000/src/components/InvalidPropertyPage.tsx
[2026-08-02T10:12:57.357Z]     ↳ Response: 200 OK
[2026-08-02T10:12:57.394Z]     ↳ Response: 200 OK
[2026-08-02T10:12:57.474Z]     ↳ Response: 200 OK
[2026-08-02T10:12:57.491Z]     ↳ Response: 200 OK
[2026-08-02T10:12:57.520Z]     ↳ Response: 200 OK
[2026-08-02T10:12:57.534Z]     ↳ Response: 200 OK
[2026-08-02T10:12:57.581Z]     ↳ Response: 200 OK
[2026-08-02T10:12:57.597Z]     ↳ Response: 200 OK
[2026-08-02T10:12:57.608Z]     ↳ Response: 200 OK
[2026-08-02T10:12:57.626Z]     ↳ Response: 200 OK
[2026-08-02T10:12:57.632Z] [2265] GET http://localhost:3000/node_modules/.vite/deps/react-dom.js?v=647194ca
[2026-08-02T10:12:57.645Z] [2266] GET http://localhost:3000/src/components/ToggleSwitch.tsx
[2026-08-02T10:12:57.650Z] [2267] GET http://localhost:3000/src/components/AppearanceSettings.tsx?t=1785660212018
[2026-08-02T10:12:57.663Z] [2268] GET http://localhost:3000/src/components/DefaultExpensesManager.tsx?t=1785590582041
[2026-08-02T10:12:57.667Z]     ↳ Response: 200 OK
[2026-08-02T10:12:57.674Z]     ↳ Response: 200 OK
[2026-08-02T10:12:57.683Z]     ↳ Response: 200 OK
[2026-08-02T10:12:57.689Z]     ↳ Response: 200 OK
[2026-08-02T10:12:57.700Z]     ↳ Response: 200 OK
[2026-08-02T10:12:57.707Z]     ↳ Response: 200 OK
[2026-08-02T10:12:57.712Z]     ↳ Response: 200 OK
[2026-08-02T10:12:57.738Z] [2269] GET http://localhost:3000/node_modules/.vite/deps/sortablejs.js?v=bff2b989
[2026-08-02T10:12:57.751Z]     ↳ Response: 200 OK
[2026-08-02T10:12:57.761Z]     ↳ Response: 200 OK
[2026-08-02T10:12:57.790Z]     ↳ Response: 200 OK
[2026-08-02T10:12:57.806Z]     ↳ Response: 200 OK
[2026-08-02T10:12:57.812Z] [2270] GET http://localhost:3000/src/components/ThemeManagement.tsx
[2026-08-02T10:12:57.817Z] [2271] GET http://localhost:3000/src/components/CustomCSSOverride.tsx
[2026-08-02T10:12:57.823Z]     ↳ Response: 200 OK
[2026-08-02T10:12:57.825Z]     ↳ Response: 200 OK
[2026-08-02T10:12:57.833Z]     ↳ Response: 200 OK
[2026-08-02T10:12:57.972Z]     ↳ Response: 200 OK
[2026-08-02T10:12:58.573Z] [2272] GET http://localhost:3000/php/api/router.php?action=get_current_property&property_slug=r
[2026-08-02T10:12:58.708Z] [2273] GET http://localhost:3000/php/api/router.php?action=get_current_property&property_slug=r
[2026-08-02T10:12:58.808Z]     ↳ Response: 404 Not Found
[2026-08-02T10:12:58.939Z] [2274] GET http://localhost:3000/php/api/router.php?action=get_property_modules&property_slug=r
[2026-08-02T10:12:58.986Z] [2275] GET http://localhost:3000/php/api/router.php?action=get_nav_menu&property_slug=r
[2026-08-02T10:12:59.013Z] [2276] GET http://localhost:3000/php/api/router.php?action=get_telegram_config&property_slug=r
[2026-08-02T10:12:59.046Z]     ↳ Response: 404 Not Found
[2026-08-02T10:12:59.092Z] [2277] GET http://localhost:3000/php/api/router.php?action=get_property_modules&property_slug=r
[2026-08-02T10:12:59.133Z] [2278] GET http://localhost:3000/php/api/router.php?action=get_nav_menu&property_slug=r
[2026-08-02T10:12:59.157Z] [2279] GET http://localhost:3000/php/api/router.php?action=get_telegram_config&property_slug=r
[2026-08-02T10:12:59.192Z]     ↳ Response: 200 OK
[2026-08-02T10:12:59.245Z]     ↳ Response: 200 OK
[2026-08-02T10:12:59.279Z]     ↳ Response: 200 OK
[2026-08-02T10:12:59.341Z]     ↳ Response: 200 OK
[2026-08-02T10:12:59.380Z]     ↳ Response: 200 OK
[2026-08-02T10:12:59.399Z]     ↳ Response: 200 OK
[2026-08-02T10:12:59.617Z] [2280] GET http://localhost:3000/artists_farm/vrikshawan/
[2026-08-02T10:12:59.628Z]     ↳ Response: 200 OK
[2026-08-02T10:12:59.722Z] [2281] GET http://localhost:3000/@vite/client
[2026-08-02T10:12:59.861Z] [2282] GET http://localhost:3000/src/main.tsx?t=1785665455491
[2026-08-02T10:12:59.944Z] [2283] GET http://localhost:3000/@react-refresh
[2026-08-02T10:13:00.111Z]     ↳ Response: 304 Not Modified
[2026-08-02T10:13:00.265Z]     ↳ Response: 304 Not Modified
[2026-08-02T10:13:00.378Z]     ↳ Response: 304 Not Modified
[2026-08-02T10:13:00.430Z] [2284] GET http://localhost:3000/node_modules/vite/dist/client/env.mjs
[2026-08-02T10:13:00.484Z] [2285] GET http://localhost:3000/node_modules/.vite/deps/react.js?v=647194ca
[2026-08-02T10:13:00.598Z]     ↳ Response: 200 OK
[2026-08-02T10:13:00.687Z] [2286] GET http://localhost:3000/node_modules/.vite/deps/react-dom_client.js?v=40766d9c
[2026-08-02T10:13:00.760Z]     ↳ Response: 200 OK
[2026-08-02T10:13:00.832Z] [2287] GET http://localhost:3000/src/App.tsx?t=1785665455491
[2026-08-02T10:13:00.877Z] [2288] GET http://localhost:3000/src/index.css?t=1785665455491
[2026-08-02T10:13:00.913Z] [2289] GET http://localhost:3000/src/utils/telescopeLogger.ts
[2026-08-02T10:13:01.041Z] [2290] GET http://localhost:3000/node_modules/.vite/deps/react_jsx-dev-runtime.js?v=647194ca
[2026-08-02T10:13:01.098Z]     ↳ Response: 200 OK
[2026-08-02T10:13:01.147Z] [2291] GET http://localhost:3000/node_modules/.vite/deps/rolldown-runtime-B-1-B7_t.js?v=9329134a
[2026-08-02T10:13:01.213Z]     ↳ Response: 200 OK
[2026-08-02T10:13:01.250Z]     ↳ Response: 304 Not Modified
[2026-08-02T10:13:01.367Z] [2292] GET http://localhost:3000/node_modules/.vite/deps/react-dom.js?v=647194ca
[2026-08-02T10:13:01.412Z]     ↳ Response: 200 OK
[2026-08-02T10:13:01.481Z]     ↳ Response: 304 Not Modified
[2026-08-02T10:13:01.504Z]     ↳ Response: 304 Not Modified
[2026-08-02T10:13:01.554Z]     ↳ Response: 304 Not Modified
[2026-08-02T10:13:01.591Z] [2293] GET http://localhost:3000/src/components/Header.tsx?t=1785664315451
[2026-08-02T10:13:01.621Z] [2294] GET http://localhost:3000/src/components/Navigation.tsx?t=1785665455491
[2026-08-02T10:13:01.645Z] [2295] GET http://localhost:3000/src/components/OperationalDashboard.tsx?t=1785654087699
[2026-08-02T10:13:01.675Z] [2296] GET http://localhost:3000/src/components/GuestManagement.tsx?t=1785654087699
[2026-08-02T10:13:01.705Z] [2297] GET http://localhost:3000/src/components/KitchenManagement.tsx?t=1785654087699
[2026-08-02T10:13:01.737Z] [2298] GET http://localhost:3000/src/components/InventoryManagement.tsx?t=1785654087699
[2026-08-02T10:13:01.846Z] [2299] GET http://localhost:3000/src/components/PettyCashManagement.tsx?t=1785654087699
[2026-08-02T10:13:01.891Z] [2300] GET http://localhost:3000/src/components/CashDrawerManager.tsx?t=1785654087699
[2026-08-02T10:13:01.923Z] [2301] GET http://localhost:3000/src/components/ExpenseItemsManagement.tsx?t=1785612846419
[2026-08-02T10:13:01.939Z] [2302] GET http://localhost:3000/src/components/StaffManagement.tsx?t=1785654087699
[2026-08-02T10:13:01.975Z] [2303] GET http://localhost:3000/src/components/AnalyticsDashboard.tsx?t=1785654087699
[2026-08-02T10:13:01.988Z] [2304] GET http://localhost:3000/src/components/AuditLogsView.tsx
[2026-08-02T10:13:02.013Z] [2305] GET http://localhost:3000/src/components/DataExportCenter.tsx?t=1785654087699
[2026-08-02T10:13:02.041Z] [2306] GET http://localhost:3000/src/components/MenuManager.tsx?t=1785654087699
[2026-08-02T10:13:02.049Z] [2307] GET http://localhost:3000/src/components/MiscChargesManagement.tsx?t=1785654087699
[2026-08-02T10:13:02.058Z] [2308] GET http://localhost:3000/src/components/ICalSyncManager.tsx?t=1785654087699
[2026-08-02T10:13:02.072Z] [2309] GET http://localhost:3000/src/components/TelegramNotificationModal.tsx?t=1785654087699
[2026-08-02T10:13:02.090Z] [2310] GET http://localhost:3000/src/components/DemoDataModal.tsx
[2026-08-02T10:13:02.102Z] [2311] GET http://localhost:3000/src/components/GlobalModal.tsx
[2026-08-02T10:13:02.116Z] [2312] GET http://localhost:3000/src/components/ToastContext.tsx
[2026-08-02T10:13:02.126Z] [2313] GET http://localhost:3000/src/components/LoginModal.tsx?t=1785654087699
[2026-08-02T10:13:02.138Z] [2314] GET http://localhost:3000/src/contexts/StaffContext.tsx?t=1785654087699
[2026-08-02T10:13:02.144Z] [2315] GET http://localhost:3000/src/contexts/AuthContext.tsx?t=1785654087699
[2026-08-02T10:13:02.149Z] [2316] GET http://localhost:3000/src/contexts/FinanceContext.tsx?t=1785654087699
[2026-08-02T10:13:02.162Z] [2317] GET http://localhost:3000/src/contexts/InventoryContext.tsx?t=1785654087699
[2026-08-02T10:13:02.181Z] [2318] GET http://localhost:3000/src/contexts/KitchenContext.tsx?t=1785654087699
[2026-08-02T10:13:02.242Z] [2319] GET http://localhost:3000/src/utils/clientInfo.ts
[2026-08-02T10:13:02.425Z] [2320] GET http://localhost:3000/src/data/appConfig.ts
[2026-08-02T10:13:02.575Z] [2321] GET http://localhost:3000/src/services/themeService.ts
[2026-08-02T10:13:02.643Z] [2322] GET http://localhost:3000/src/services/api.ts?t=1785654087699
[2026-08-02T10:13:02.716Z] [2323] GET http://localhost:3000/src/contexts/ConfigurationDataContext.tsx?t=1785654087699
[2026-08-02T10:13:02.729Z] [2324] GET http://localhost:3000/src/contexts/ModulesContext.tsx?t=1785654087699
[2026-08-02T10:13:02.737Z] [2325] GET http://localhost:3000/src/components/DataLoader.tsx?t=1785654087699
[2026-08-02T10:13:02.745Z] [2326] GET http://localhost:3000/src/components/LoadingScreen.tsx
[2026-08-02T10:13:02.777Z] [2327] GET http://localhost:3000/src/components/LoginPage.tsx
[2026-08-02T10:13:02.795Z] [2328] GET http://localhost:3000/src/components/PlatformPropertyManagement.tsx?t=1785658778613
[2026-08-02T10:13:02.823Z] [2329] GET http://localhost:3000/src/components/TenantDashboard.tsx
[2026-08-02T10:13:02.897Z] [2330] GET http://localhost:3000/src/components/RootAdminDashboard.tsx?t=1785660212018
[2026-08-02T10:13:02.963Z] [2331] GET http://localhost:3000/src/components/MultiKeyPropertyOverview.tsx?t=1785654087699
[2026-08-02T10:13:02.993Z]     ↳ Response: 304 Not Modified
[2026-08-02T10:13:03.053Z] [2332] GET http://localhost:3000/node_modules/.vite/deps/lucide-react.js?v=907c0d96
[2026-08-02T10:13:03.153Z]     ↳ Response: 200 OK
[2026-08-02T10:13:03.239Z]     ↳ Response: 304 Not Modified
[2026-08-02T10:13:03.297Z]     ↳ Response: 304 Not Modified
[2026-08-02T10:13:03.336Z]     ↳ Response: 304 Not Modified
[2026-08-02T10:13:03.371Z] [2333] GET http://localhost:3000/src/utils/iconResolver.tsx
[2026-08-02T10:13:03.380Z] [2334] GET http://localhost:3000/node_modules/.vite/deps/html-to-image.js?v=8ba12c37
[2026-08-02T10:13:03.397Z]     ↳ Response: 200 OK
[2026-08-02T10:13:03.407Z] [2335] GET http://localhost:3000/src/components/DateRangePicker.tsx?t=1785538574357
[2026-08-02T10:13:03.454Z] [2336] GET http://localhost:3000/src/components/BillingCheckout.tsx?t=1785584077754
[2026-08-02T10:13:03.464Z]     ↳ Response: 304 Not Modified
[2026-08-02T10:13:03.474Z]     ↳ Response: 304 Not Modified
[2026-08-02T10:13:03.481Z]     ↳ Response: 304 Not Modified
[2026-08-02T10:13:03.504Z] [2337] GET http://localhost:3000/src/components/SearchableSelect.tsx
[2026-08-02T10:13:03.516Z] [2338] GET http://localhost:3000/node_modules/.vite/deps/react-data-table-component.js?v=de6c4fcd
[2026-08-02T10:13:03.526Z]     ↳ Response: 200 OK
[2026-08-02T10:13:03.556Z]     ↳ Response: 304 Not Modified
[2026-08-02T10:13:03.560Z]     ↳ Response: 304 Not Modified
[2026-08-02T10:13:03.582Z]     ↳ Response: 304 Not Modified
[2026-08-02T10:13:03.588Z]     ↳ Response: 304 Not Modified
[2026-08-02T10:13:03.602Z] [2339] GET http://localhost:3000/node_modules/.vite/deps/react-apexcharts.js?v=a1c1290a
[2026-08-02T10:13:03.618Z]     ↳ Response: 200 OK
[2026-08-02T10:13:03.648Z]     ↳ Response: 304 Not Modified
[2026-08-02T10:13:03.658Z]     ↳ Response: 304 Not Modified
[2026-08-02T10:13:03.685Z]     ↳ Response: 304 Not Modified
[2026-08-02T10:13:03.699Z] [2340] GET http://localhost:3000/src/components/NavMenuEditor.tsx?t=1785654087699
[2026-08-02T10:13:03.713Z]     ↳ Response: 304 Not Modified
[2026-08-02T10:13:03.721Z]     ↳ Response: 304 Not Modified
[2026-08-02T10:13:03.732Z]     ↳ Response: 304 Not Modified
[2026-08-02T10:13:03.741Z]     ↳ Response: 304 Not Modified
[2026-08-02T10:13:03.797Z]     ↳ Response: 304 Not Modified
[2026-08-02T10:13:03.844Z] [2341] GET http://localhost:3000/src/components/TelegramConnectionSettings.tsx
[2026-08-02T10:13:03.857Z]     ↳ Response: 304 Not Modified
[2026-08-02T10:13:03.893Z]     ↳ Response: 304 Not Modified
[2026-08-02T10:13:03.930Z]     ↳ Response: 304 Not Modified
[2026-08-02T10:13:03.976Z]     ↳ Response: 304 Not Modified
[2026-08-02T10:13:04.046Z]     ↳ Response: 304 Not Modified
[2026-08-02T10:13:04.106Z]     ↳ Response: 304 Not Modified
[2026-08-02T10:13:04.152Z]     ↳ Response: 304 Not Modified
[2026-08-02T10:13:04.213Z]     ↳ Response: 304 Not Modified
[2026-08-02T10:13:04.268Z]     ↳ Response: 304 Not Modified
[2026-08-02T10:13:04.289Z]     ↳ Response: 304 Not Modified
[2026-08-02T10:13:04.314Z]     ↳ Response: 304 Not Modified
[2026-08-02T10:13:04.333Z]     ↳ Response: 304 Not Modified
[2026-08-02T10:13:04.371Z]     ↳ Response: 304 Not Modified
[2026-08-02T10:13:04.396Z]     ↳ Response: 304 Not Modified
[2026-08-02T10:13:04.408Z] [2342] GET http://localhost:3000/src/components/InvalidPropertyPage.tsx
[2026-08-02T10:13:04.424Z]     ↳ Response: 304 Not Modified
[2026-08-02T10:13:04.428Z]     ↳ Response: 304 Not Modified
[2026-08-02T10:13:04.454Z]     ↳ Response: 304 Not Modified
[2026-08-02T10:13:04.500Z] [2343] GET http://localhost:3000/src/components/ToggleSwitch.tsx
[2026-08-02T10:13:04.555Z]     ↳ Response: 304 Not Modified
[2026-08-02T10:13:04.606Z]     ↳ Response: 304 Not Modified
[2026-08-02T10:13:04.655Z] [2344] GET http://localhost:3000/src/components/AppearanceSettings.tsx?t=1785660212018
[2026-08-02T10:13:04.665Z] [2345] GET http://localhost:3000/src/components/DefaultExpensesManager.tsx?t=1785590582041
[2026-08-02T10:13:04.689Z]     ↳ Response: 304 Not Modified
[2026-08-02T10:13:04.698Z]     ↳ Response: 304 Not Modified
[2026-08-02T10:13:04.711Z]     ↳ Response: 304 Not Modified
[2026-08-02T10:13:04.721Z]     ↳ Response: 304 Not Modified
[2026-08-02T10:13:04.732Z]     ↳ Response: 304 Not Modified
[2026-08-02T10:13:04.749Z]     ↳ Response: 304 Not Modified
[2026-08-02T10:13:04.762Z] [2346] GET http://localhost:3000/node_modules/.vite/deps/sortablejs.js?v=bff2b989
[2026-08-02T10:13:04.779Z]     ↳ Response: 200 OK
[2026-08-02T10:13:04.790Z]     ↳ Response: 304 Not Modified
[2026-08-02T10:13:04.811Z]     ↳ Response: 304 Not Modified
[2026-08-02T10:13:04.830Z]     ↳ Response: 304 Not Modified
[2026-08-02T10:13:04.850Z]     ↳ Response: 304 Not Modified
[2026-08-02T10:13:04.893Z] [2347] GET http://localhost:3000/src/components/ThemeManagement.tsx
[2026-08-02T10:13:04.913Z] [2348] GET http://localhost:3000/src/components/CustomCSSOverride.tsx
[2026-08-02T10:13:04.924Z]     ↳ Response: 304 Not Modified
[2026-08-02T10:13:04.939Z]     ↳ Response: 304 Not Modified
[2026-08-02T10:13:05.005Z]     ↳ Response: 304 Not Modified
[2026-08-02T10:13:05.245Z] [2349] GET http://localhost:3000/php/api/router.php?action=get_current_property&property_slug=vrikshawan
[2026-08-02T10:13:05.278Z] [2350] GET http://localhost:3000/php/api/router.php?action=get_current_property&property_slug=vrikshawan
[2026-08-02T10:13:05.301Z]     ↳ Response: 404 Not Found
[2026-08-02T10:13:05.384Z] [2351] GET http://localhost:3000/php/api/router.php?action=get_property_modules&property_slug=vrikshawan
[2026-08-02T10:13:05.424Z] [2352] GET http://localhost:3000/php/api/router.php?action=get_nav_menu&property_slug=vrikshawan
[2026-08-02T10:13:05.500Z] [2353] GET http://localhost:3000/php/api/router.php?action=get_telegram_config&property_slug=vrikshawan
[2026-08-02T10:13:05.542Z]     ↳ Response: 404 Not Found
[2026-08-02T10:13:05.584Z] [2354] GET http://localhost:3000/php/api/router.php?action=get_property_modules&property_slug=vrikshawan
[2026-08-02T10:13:05.594Z] [2355] GET http://localhost:3000/php/api/router.php?action=get_nav_menu&property_slug=vrikshawan
[2026-08-02T10:13:05.639Z] [2356] GET http://localhost:3000/php/api/router.php?action=get_telegram_config&property_slug=vrikshawan
[2026-08-02T10:13:05.654Z]     ↳ Response: 200 OK
[2026-08-02T10:13:05.671Z]     ↳ Response: 200 OK
[2026-08-02T10:13:05.681Z]     ↳ Response: 200 OK
[2026-08-02T10:13:05.695Z]     ↳ Response: 200 OK
[2026-08-02T10:13:05.732Z]     ↳ Response: 200 OK
[2026-08-02T10:13:05.749Z]     ↳ Response: 200 OK
[2026-08-02T10:14:08.075Z] [2357] GET http://localhost:3000/artists_farm/vrikshawan/
[2026-08-02T10:14:08.374Z]     ↳ Response: 200 OK
[2026-08-02T10:14:08.394Z] [2358] GET http://localhost:3000/@vite/client
[2026-08-02T10:14:08.396Z] [2359] GET http://localhost:3000/src/main.tsx?t=1785665455491
[2026-08-02T10:14:08.398Z] [2360] GET http://localhost:3000/@react-refresh
[2026-08-02T10:14:08.406Z]     ↳ Response: 200 OK
[2026-08-02T10:14:08.416Z] [2361] GET http://localhost:3000/node_modules/.vite/deps/react.js?v=647194ca
[2026-08-02T10:14:08.424Z] [2362] GET http://localhost:3000/node_modules/.vite/deps/react-dom_client.js?v=40766d9c
[2026-08-02T10:14:08.439Z] [2363] GET http://localhost:3000/src/App.tsx?t=1785665455491
[2026-08-02T10:14:08.445Z] [2364] GET http://localhost:3000/src/index.css?t=1785665455491
[2026-08-02T10:14:08.465Z] [2365] GET http://localhost:3000/src/utils/telescopeLogger.ts
[2026-08-02T10:14:08.573Z] [2366] GET http://localhost:3000/node_modules/.vite/deps/react_jsx-dev-runtime.js?v=647194ca
[2026-08-02T10:14:08.648Z]     ↳ Response: 200 OK
[2026-08-02T10:14:08.700Z] [2367] GET http://localhost:3000/node_modules/vite/dist/client/env.mjs
[2026-08-02T10:14:08.771Z]     ↳ Response: 200 OK
[2026-08-02T10:14:08.782Z]     ↳ Response: 200 OK
[2026-08-02T10:14:08.803Z] [2368] GET http://localhost:3000/node_modules/.vite/deps/rolldown-runtime-B-1-B7_t.js?v=9329134a
[2026-08-02T10:14:08.876Z]     ↳ Response: 200 OK
[2026-08-02T10:14:08.917Z]     ↳ Response: 200 OK
[2026-08-02T10:14:08.967Z]     ↳ Response: 200 OK
[2026-08-02T10:14:09.067Z] [2369] GET http://localhost:3000/src/components/Header.tsx?t=1785664315451
[2026-08-02T10:14:09.113Z] [2370] GET http://localhost:3000/src/components/Navigation.tsx?t=1785665455491
[2026-08-02T10:14:09.182Z] [2371] GET http://localhost:3000/src/components/OperationalDashboard.tsx?t=1785654087699
[2026-08-02T10:14:09.197Z] [2372] GET http://localhost:3000/src/components/GuestManagement.tsx?t=1785654087699
[2026-08-02T10:14:09.209Z] [2373] GET http://localhost:3000/src/components/KitchenManagement.tsx?t=1785654087699
[2026-08-02T10:14:09.220Z] [2374] GET http://localhost:3000/src/components/InventoryManagement.tsx?t=1785654087699
[2026-08-02T10:14:09.239Z] [2375] GET http://localhost:3000/src/components/PettyCashManagement.tsx?t=1785654087699
[2026-08-02T10:14:09.257Z] [2376] GET http://localhost:3000/src/components/CashDrawerManager.tsx?t=1785654087699
[2026-08-02T10:14:09.267Z] [2377] GET http://localhost:3000/src/components/ExpenseItemsManagement.tsx?t=1785612846419
[2026-08-02T10:14:09.281Z] [2378] GET http://localhost:3000/src/components/StaffManagement.tsx?t=1785654087699
[2026-08-02T10:14:09.299Z] [2379] GET http://localhost:3000/src/components/AnalyticsDashboard.tsx?t=1785654087699
[2026-08-02T10:14:09.306Z] [2380] GET http://localhost:3000/src/components/AuditLogsView.tsx
[2026-08-02T10:14:09.316Z] [2381] GET http://localhost:3000/src/components/DataExportCenter.tsx?t=1785654087699
[2026-08-02T10:14:09.328Z] [2382] GET http://localhost:3000/src/components/MenuManager.tsx?t=1785654087699
[2026-08-02T10:14:09.346Z] [2383] GET http://localhost:3000/src/components/MiscChargesManagement.tsx?t=1785654087699
[2026-08-02T10:14:09.363Z] [2384] GET http://localhost:3000/src/components/ICalSyncManager.tsx?t=1785654087699
[2026-08-02T10:14:09.381Z] [2385] GET http://localhost:3000/src/components/TelegramNotificationModal.tsx?t=1785654087699
[2026-08-02T10:14:09.398Z] [2386] GET http://localhost:3000/src/components/DemoDataModal.tsx
[2026-08-02T10:14:09.417Z] [2387] GET http://localhost:3000/src/components/GlobalModal.tsx
[2026-08-02T10:14:09.441Z] [2388] GET http://localhost:3000/src/components/ToastContext.tsx
[2026-08-02T10:14:09.455Z] [2389] GET http://localhost:3000/src/components/LoginModal.tsx?t=1785654087699
[2026-08-02T10:14:09.465Z] [2390] GET http://localhost:3000/src/contexts/StaffContext.tsx?t=1785654087699
[2026-08-02T10:14:09.477Z] [2391] GET http://localhost:3000/src/contexts/AuthContext.tsx?t=1785654087699
[2026-08-02T10:14:09.490Z] [2392] GET http://localhost:3000/src/contexts/FinanceContext.tsx?t=1785654087699
[2026-08-02T10:14:09.516Z] [2393] GET http://localhost:3000/src/contexts/InventoryContext.tsx?t=1785654087699
[2026-08-02T10:14:09.547Z] [2394] GET http://localhost:3000/src/contexts/KitchenContext.tsx?t=1785654087699
[2026-08-02T10:14:09.565Z] [2395] GET http://localhost:3000/src/utils/clientInfo.ts
[2026-08-02T10:14:09.598Z] [2396] GET http://localhost:3000/src/data/appConfig.ts
[2026-08-02T10:14:09.654Z] [2397] GET http://localhost:3000/src/services/themeService.ts
[2026-08-02T10:14:09.698Z] [2398] GET http://localhost:3000/src/services/api.ts?t=1785654087699
[2026-08-02T10:14:09.717Z] [2399] GET http://localhost:3000/src/contexts/ConfigurationDataContext.tsx?t=1785654087699
[2026-08-02T10:14:09.764Z] [2400] GET http://localhost:3000/src/contexts/ModulesContext.tsx?t=1785654087699
[2026-08-02T10:14:09.812Z] [2401] GET http://localhost:3000/src/components/DataLoader.tsx?t=1785654087699
[2026-08-02T10:14:09.824Z] [2402] GET http://localhost:3000/src/components/LoadingScreen.tsx
[2026-08-02T10:14:09.860Z] [2403] GET http://localhost:3000/src/components/LoginPage.tsx
[2026-08-02T10:14:09.882Z] [2404] GET http://localhost:3000/src/components/PlatformPropertyManagement.tsx?t=1785658778613
[2026-08-02T10:14:09.909Z] [2405] GET http://localhost:3000/src/components/TenantDashboard.tsx
[2026-08-02T10:14:09.928Z] [2406] GET http://localhost:3000/src/components/RootAdminDashboard.tsx?t=1785660212018
[2026-08-02T10:14:09.949Z] [2407] GET http://localhost:3000/src/components/MultiKeyPropertyOverview.tsx?t=1785654087699
[2026-08-02T10:14:10.008Z]     ↳ Response: 200 OK
[2026-08-02T10:14:10.045Z]     ↳ Response: 200 OK
[2026-08-02T10:14:10.108Z]     ↳ Response: 200 OK
[2026-08-02T10:14:10.181Z]     ↳ Response: 200 OK
[2026-08-02T10:14:10.196Z]     ↳ Response: 200 OK
[2026-08-02T10:14:10.217Z] [2408] GET http://localhost:3000/node_modules/.vite/deps/lucide-react.js?v=907c0d96
[2026-08-02T10:14:10.238Z] [2409] GET http://localhost:3000/src/utils/iconResolver.tsx
[2026-08-02T10:14:10.251Z]     ↳ Response: 200 OK
[2026-08-02T10:14:10.287Z]     ↳ Response: 200 OK
[2026-08-02T10:14:10.350Z] [2410] GET http://localhost:3000/node_modules/.vite/deps/html-to-image.js?v=8ba12c37
[2026-08-02T10:14:10.361Z] [2411] GET http://localhost:3000/src/components/DateRangePicker.tsx?t=1785538574357
[2026-08-02T10:14:10.372Z] [2412] GET http://localhost:3000/src/components/BillingCheckout.tsx?t=1785584077754
[2026-08-02T10:14:10.384Z]     ↳ Response: 200 OK
[2026-08-02T10:14:10.391Z] [2413] GET http://localhost:3000/src/components/SearchableSelect.tsx
[2026-08-02T10:14:10.401Z] [2414] GET http://localhost:3000/node_modules/.vite/deps/react-data-table-component.js?v=de6c4fcd
[2026-08-02T10:14:10.408Z]     ↳ Response: 200 OK
[2026-08-02T10:14:10.418Z]     ↳ Response: 200 OK
[2026-08-02T10:14:10.426Z]     ↳ Response: 200 OK
[2026-08-02T10:14:10.437Z]     ↳ Response: 200 OK
[2026-08-02T10:14:10.453Z]     ↳ Response: 200 OK
[2026-08-02T10:14:10.464Z]     ↳ Response: 200 OK
[2026-08-02T10:14:10.467Z]     ↳ Response: 200 OK
[2026-08-02T10:14:10.479Z] [2415] GET http://localhost:3000/node_modules/.vite/deps/react-apexcharts.js?v=a1c1290a
[2026-08-02T10:14:10.542Z]     ↳ Response: 200 OK
[2026-08-02T10:14:10.564Z]     ↳ Response: 200 OK
[2026-08-02T10:14:10.580Z]     ↳ Response: 200 OK
[2026-08-02T10:14:10.617Z] [2416] GET http://localhost:3000/src/components/NavMenuEditor.tsx?t=1785654087699
[2026-08-02T10:14:10.671Z]     ↳ Response: 200 OK
[2026-08-02T10:14:10.680Z]     ↳ Response: 200 OK
[2026-08-02T10:14:10.687Z]     ↳ Response: 200 OK
[2026-08-02T10:14:10.694Z]     ↳ Response: 200 OK
[2026-08-02T10:14:10.701Z]     ↳ Response: 200 OK
[2026-08-02T10:14:10.708Z] [2417] GET http://localhost:3000/src/components/TelegramConnectionSettings.tsx
[2026-08-02T10:14:10.717Z]     ↳ Response: 200 OK
[2026-08-02T10:14:10.724Z]     ↳ Response: 200 OK
[2026-08-02T10:14:10.734Z]     ↳ Response: 200 OK
[2026-08-02T10:14:10.744Z]     ↳ Response: 200 OK
[2026-08-02T10:14:10.749Z]     ↳ Response: 200 OK
[2026-08-02T10:14:10.755Z]     ↳ Response: 200 OK
[2026-08-02T10:14:10.764Z]     ↳ Response: 200 OK
[2026-08-02T10:14:10.772Z]     ↳ Response: 200 OK
[2026-08-02T10:14:10.781Z]     ↳ Response: 200 OK
[2026-08-02T10:14:10.793Z]     ↳ Response: 200 OK
[2026-08-02T10:14:10.797Z]     ↳ Response: 200 OK
[2026-08-02T10:14:10.808Z]     ↳ Response: 200 OK
[2026-08-02T10:14:10.810Z]     ↳ Response: 200 OK
[2026-08-02T10:14:10.822Z]     ↳ Response: 200 OK
[2026-08-02T10:14:10.827Z]     ↳ Response: 200 OK
[2026-08-02T10:14:10.839Z]     ↳ Response: 200 OK
[2026-08-02T10:14:10.847Z]     ↳ Response: 200 OK
[2026-08-02T10:14:10.852Z]     ↳ Response: 200 OK
[2026-08-02T10:14:10.857Z]     ↳ Response: 200 OK
[2026-08-02T10:14:10.861Z]     ↳ Response: 200 OK
[2026-08-02T10:14:10.866Z]     ↳ Response: 200 OK
[2026-08-02T10:14:10.875Z]     ↳ Response: 200 OK
[2026-08-02T10:14:10.881Z] [2418] GET http://localhost:3000/node_modules/.vite/deps/react-dom.js?v=647194ca
[2026-08-02T10:14:10.891Z]     ↳ Response: 200 OK
[2026-08-02T10:14:10.913Z] [2419] GET http://localhost:3000/src/components/InvalidPropertyPage.tsx
[2026-08-02T10:14:10.920Z] [2420] GET http://localhost:3000/src/components/AppearanceSettings.tsx?t=1785660212018
[2026-08-02T10:14:10.936Z] [2421] GET http://localhost:3000/src/components/DefaultExpensesManager.tsx?t=1785590582041
[2026-08-02T10:14:10.946Z] [2422] GET http://localhost:3000/src/components/ToggleSwitch.tsx
[2026-08-02T10:14:10.969Z]     ↳ Response: 200 OK
[2026-08-02T10:14:10.988Z]     ↳ Response: 200 OK
[2026-08-02T10:14:11.021Z]     ↳ Response: 200 OK
[2026-08-02T10:14:11.070Z]     ↳ Response: 200 OK
[2026-08-02T10:14:11.108Z]     ↳ Response: 200 OK
[2026-08-02T10:14:11.155Z]     ↳ Response: 200 OK
[2026-08-02T10:14:11.171Z]     ↳ Response: 200 OK
[2026-08-02T10:14:11.183Z] [2423] GET http://localhost:3000/src/components/ThemeManagement.tsx
[2026-08-02T10:14:11.190Z] [2424] GET http://localhost:3000/src/components/CustomCSSOverride.tsx
[2026-08-02T10:14:11.200Z]     ↳ Response: 200 OK
[2026-08-02T10:14:11.212Z]     ↳ Response: 200 OK
[2026-08-02T10:14:11.217Z]     ↳ Response: 200 OK
[2026-08-02T10:14:11.220Z] [2425] GET http://localhost:3000/node_modules/.vite/deps/sortablejs.js?v=bff2b989
[2026-08-02T10:14:11.225Z]     ↳ Response: 200 OK
[2026-08-02T10:14:11.230Z]     ↳ Response: 200 OK
[2026-08-02T10:14:11.237Z]     ↳ Response: 200 OK
[2026-08-02T10:14:11.244Z]     ↳ Response: 200 OK
[2026-08-02T10:14:11.257Z]     ↳ Response: 200 OK
[2026-08-02T10:14:11.428Z] [2426] GET http://localhost:3000/php/api/router.php?action=get_current_property&property_slug=vrikshawan
[2026-08-02T10:14:11.470Z] [2427] GET http://localhost:3000/php/api/router.php?action=get_current_property&property_slug=vrikshawan
[2026-08-02T10:14:11.522Z] [2428] GET http://localhost:3000/icons/favicon-32x32.png
[2026-08-02T10:14:11.536Z]     ↳ Response: 200 OK
[2026-08-02T10:14:11.560Z]     ↳ Response: 404 Not Found
[2026-08-02T10:14:11.606Z] [2429] GET http://localhost:3000/php/api/router.php?action=get_property_modules&property_slug=vrikshawan
[2026-08-02T10:14:11.647Z] [2430] GET http://localhost:3000/php/api/router.php?action=get_nav_menu&property_slug=vrikshawan
[2026-08-02T10:14:11.664Z] [2431] GET http://localhost:3000/php/api/router.php?action=get_telegram_config&property_slug=vrikshawan
[2026-08-02T10:14:11.686Z]     ↳ Response: 404 Not Found
[2026-08-02T10:14:11.706Z] [2432] GET http://localhost:3000/php/api/router.php?action=get_property_modules&property_slug=vrikshawan
[2026-08-02T10:14:11.711Z] [2433] GET http://localhost:3000/php/api/router.php?action=get_nav_menu&property_slug=vrikshawan
[2026-08-02T10:14:11.727Z] [2434] GET http://localhost:3000/php/api/router.php?action=get_telegram_config&property_slug=vrikshawan
[2026-08-02T10:14:11.731Z]     ↳ Response: 200 OK
[2026-08-02T10:14:11.738Z]     ↳ Response: 200 OK
[2026-08-02T10:14:11.743Z]     ↳ Response: 200 OK
[2026-08-02T10:14:11.748Z]     ↳ Response: 200 OK
[2026-08-02T10:14:11.756Z]     ↳ Response: 200 OK
[2026-08-02T10:14:11.764Z]     ↳ Response: 200 OK
[2026-08-02T10:14:40.158Z] [2435] GET http://localhost:3000/artists_farm/vrikshawan/
[2026-08-02T10:14:40.458Z]     ↳ Response: 200 OK
[2026-08-02T10:14:40.476Z] [2436] GET http://localhost:3000/@vite/client
[2026-08-02T10:14:40.488Z] [2437] GET http://localhost:3000/src/main.tsx?t=1785665455491
[2026-08-02T10:14:40.494Z] [2438] GET http://localhost:3000/@react-refresh
[2026-08-02T10:14:40.504Z]     ↳ Response: 200 OK
[2026-08-02T10:14:40.529Z] [2439] GET http://localhost:3000/node_modules/.vite/deps/react.js?v=647194ca
[2026-08-02T10:14:40.595Z] [2440] GET http://localhost:3000/node_modules/.vite/deps/react-dom_client.js?v=40766d9c
[2026-08-02T10:14:40.615Z] [2441] GET http://localhost:3000/src/App.tsx?t=1785665455491
[2026-08-02T10:14:40.632Z] [2442] GET http://localhost:3000/src/index.css?t=1785665455491
[2026-08-02T10:14:40.653Z] [2443] GET http://localhost:3000/src/utils/telescopeLogger.ts
[2026-08-02T10:14:40.674Z] [2444] GET http://localhost:3000/node_modules/.vite/deps/react_jsx-dev-runtime.js?v=647194ca
[2026-08-02T10:14:40.679Z]     ↳ Response: 200 OK
[2026-08-02T10:14:40.716Z]     ↳ Response: 200 OK
[2026-08-02T10:14:40.753Z] [2445] GET http://localhost:3000/node_modules/vite/dist/client/env.mjs
[2026-08-02T10:14:40.765Z]     ↳ Response: 200 OK
[2026-08-02T10:14:40.779Z] [2446] GET http://localhost:3000/node_modules/.vite/deps/rolldown-runtime-B-1-B7_t.js?v=9329134a
[2026-08-02T10:14:40.796Z]     ↳ Response: 200 OK
[2026-08-02T10:14:40.808Z]     ↳ Response: 200 OK
[2026-08-02T10:14:40.818Z]     ↳ Response: 200 OK
[2026-08-02T10:14:40.864Z]     ↳ Response: 200 OK
[2026-08-02T10:14:40.919Z]     ↳ Response: 200 OK
[2026-08-02T10:14:40.977Z]     ↳ Response: 200 OK
[2026-08-02T10:14:40.996Z] [2447] GET http://localhost:3000/src/components/Header.tsx?t=1785664315451
[2026-08-02T10:14:41.006Z] [2448] GET http://localhost:3000/src/components/Navigation.tsx?t=1785665455491
[2026-08-02T10:14:41.013Z] [2449] GET http://localhost:3000/src/components/OperationalDashboard.tsx?t=1785654087699
[2026-08-02T10:14:41.020Z] [2450] GET http://localhost:3000/src/components/GuestManagement.tsx?t=1785654087699
[2026-08-02T10:14:41.030Z] [2451] GET http://localhost:3000/src/components/KitchenManagement.tsx?t=1785654087699
[2026-08-02T10:14:41.034Z] [2452] GET http://localhost:3000/src/components/InventoryManagement.tsx?t=1785654087699
[2026-08-02T10:14:41.060Z] [2453] GET http://localhost:3000/src/components/PettyCashManagement.tsx?t=1785654087699
[2026-08-02T10:14:41.069Z] [2454] GET http://localhost:3000/src/components/CashDrawerManager.tsx?t=1785654087699
[2026-08-02T10:14:41.080Z] [2455] GET http://localhost:3000/src/components/ExpenseItemsManagement.tsx?t=1785612846419
[2026-08-02T10:14:41.088Z] [2456] GET http://localhost:3000/src/components/StaffManagement.tsx?t=1785654087699
[2026-08-02T10:14:41.098Z] [2457] GET http://localhost:3000/src/components/AnalyticsDashboard.tsx?t=1785654087699
[2026-08-02T10:14:41.107Z] [2458] GET http://localhost:3000/src/components/AuditLogsView.tsx
[2026-08-02T10:14:41.117Z] [2459] GET http://localhost:3000/src/components/DataExportCenter.tsx?t=1785654087699
[2026-08-02T10:14:41.130Z] [2460] GET http://localhost:3000/src/components/MenuManager.tsx?t=1785654087699
[2026-08-02T10:14:41.143Z] [2461] GET http://localhost:3000/src/components/MiscChargesManagement.tsx?t=1785654087699
[2026-08-02T10:14:41.149Z] [2462] GET http://localhost:3000/src/components/ICalSyncManager.tsx?t=1785654087699
[2026-08-02T10:14:41.155Z] [2463] GET http://localhost:3000/src/components/TelegramNotificationModal.tsx?t=1785654087699
[2026-08-02T10:14:41.164Z] [2464] GET http://localhost:3000/src/components/DemoDataModal.tsx
[2026-08-02T10:14:41.171Z] [2465] GET http://localhost:3000/src/components/GlobalModal.tsx
[2026-08-02T10:14:41.181Z] [2466] GET http://localhost:3000/src/components/ToastContext.tsx
[2026-08-02T10:14:41.194Z] [2467] GET http://localhost:3000/src/components/LoginModal.tsx?t=1785654087699
[2026-08-02T10:14:41.201Z] [2468] GET http://localhost:3000/src/contexts/StaffContext.tsx?t=1785654087699
[2026-08-02T10:14:41.210Z] [2469] GET http://localhost:3000/src/contexts/AuthContext.tsx?t=1785654087699
[2026-08-02T10:14:41.217Z] [2470] GET http://localhost:3000/src/contexts/FinanceContext.tsx?t=1785654087699
[2026-08-02T10:14:41.223Z] [2471] GET http://localhost:3000/src/contexts/InventoryContext.tsx?t=1785654087699
[2026-08-02T10:14:41.228Z] [2472] GET http://localhost:3000/src/contexts/KitchenContext.tsx?t=1785654087699
[2026-08-02T10:14:41.232Z] [2473] GET http://localhost:3000/src/utils/clientInfo.ts
[2026-08-02T10:14:41.242Z] [2474] GET http://localhost:3000/src/data/appConfig.ts
[2026-08-02T10:14:41.249Z] [2475] GET http://localhost:3000/src/services/themeService.ts
[2026-08-02T10:14:41.255Z] [2476] GET http://localhost:3000/src/services/api.ts?t=1785654087699
[2026-08-02T10:14:41.263Z] [2477] GET http://localhost:3000/src/contexts/ConfigurationDataContext.tsx?t=1785654087699
[2026-08-02T10:14:41.269Z] [2478] GET http://localhost:3000/src/contexts/ModulesContext.tsx?t=1785654087699
[2026-08-02T10:14:41.275Z] [2479] GET http://localhost:3000/src/components/DataLoader.tsx?t=1785654087699
[2026-08-02T10:14:41.280Z] [2480] GET http://localhost:3000/src/components/LoadingScreen.tsx
[2026-08-02T10:14:41.283Z] [2481] GET http://localhost:3000/src/components/LoginPage.tsx
[2026-08-02T10:14:41.292Z] [2482] GET http://localhost:3000/src/components/PlatformPropertyManagement.tsx?t=1785658778613
[2026-08-02T10:14:41.299Z] [2483] GET http://localhost:3000/src/components/TenantDashboard.tsx
[2026-08-02T10:14:41.306Z] [2484] GET http://localhost:3000/src/components/RootAdminDashboard.tsx?t=1785660212018
[2026-08-02T10:14:41.313Z] [2485] GET http://localhost:3000/src/components/MultiKeyPropertyOverview.tsx?t=1785654087699
[2026-08-02T10:14:41.319Z]     ↳ Response: 200 OK
[2026-08-02T10:14:41.323Z] [2486] GET http://localhost:3000/src/utils/iconResolver.tsx
[2026-08-02T10:14:41.329Z] [2487] GET http://localhost:3000/node_modules/.vite/deps/lucide-react.js?v=907c0d96
[2026-08-02T10:14:41.335Z]     ↳ Response: 200 OK
[2026-08-02T10:14:41.342Z]     ↳ Response: 200 OK
[2026-08-02T10:14:41.347Z]     ↳ Response: 200 OK
[2026-08-02T10:14:41.351Z] [2488] GET http://localhost:3000/node_modules/.vite/deps/html-to-image.js?v=8ba12c37
[2026-08-02T10:14:41.362Z] [2489] GET http://localhost:3000/src/components/DateRangePicker.tsx?t=1785538574357
[2026-08-02T10:14:41.366Z] [2490] GET http://localhost:3000/src/components/BillingCheckout.tsx?t=1785584077754
[2026-08-02T10:14:41.371Z]     ↳ Response: 200 OK
[2026-08-02T10:14:41.381Z]     ↳ Response: 200 OK
[2026-08-02T10:14:41.389Z] [2491] GET http://localhost:3000/node_modules/.vite/deps/react-data-table-component.js?v=de6c4fcd
[2026-08-02T10:14:41.395Z]     ↳ Response: 200 OK
[2026-08-02T10:14:41.396Z]     ↳ Response: 200 OK
[2026-08-02T10:14:41.407Z] [2492] GET http://localhost:3000/src/components/SearchableSelect.tsx
[2026-08-02T10:14:41.420Z]     ↳ Response: 200 OK
[2026-08-02T10:14:41.427Z]     ↳ Response: 200 OK
[2026-08-02T10:14:41.431Z]     ↳ Response: 200 OK
[2026-08-02T10:14:41.433Z] [2493] GET http://localhost:3000/node_modules/.vite/deps/react-apexcharts.js?v=a1c1290a
[2026-08-02T10:14:41.434Z]     ↳ Response: 200 OK
[2026-08-02T10:14:41.441Z]     ↳ Response: 200 OK
[2026-08-02T10:14:41.459Z]     ↳ Response: 200 OK
[2026-08-02T10:14:41.466Z]     ↳ Response: 200 OK
[2026-08-02T10:14:41.478Z]     ↳ Response: 200 OK
[2026-08-02T10:14:41.499Z]     ↳ Response: 200 OK
[2026-08-02T10:14:41.526Z] [2494] GET http://localhost:3000/src/components/NavMenuEditor.tsx?t=1785654087699
[2026-08-02T10:14:41.581Z]     ↳ Response: 200 OK
[2026-08-02T10:14:41.641Z]     ↳ Response: 200 OK
[2026-08-02T10:14:41.713Z]     ↳ Response: 200 OK
[2026-08-02T10:14:41.791Z] [2495] GET http://localhost:3000/src/components/TelegramConnectionSettings.tsx
[2026-08-02T10:14:41.858Z]     ↳ Response: 200 OK
[2026-08-02T10:14:41.876Z]     ↳ Response: 200 OK
[2026-08-02T10:14:41.884Z]     ↳ Response: 200 OK
[2026-08-02T10:14:41.908Z]     ↳ Response: 200 OK
[2026-08-02T10:14:41.923Z]     ↳ Response: 200 OK
[2026-08-02T10:14:41.982Z]     ↳ Response: 200 OK
[2026-08-02T10:14:42.003Z]     ↳ Response: 200 OK
[2026-08-02T10:14:42.027Z]     ↳ Response: 200 OK
[2026-08-02T10:14:42.060Z]     ↳ Response: 200 OK
[2026-08-02T10:14:42.092Z]     ↳ Response: 200 OK
[2026-08-02T10:14:42.115Z]     ↳ Response: 200 OK
[2026-08-02T10:14:42.122Z]     ↳ Response: 200 OK
[2026-08-02T10:14:42.134Z]     ↳ Response: 200 OK
[2026-08-02T10:14:42.147Z]     ↳ Response: 200 OK
[2026-08-02T10:14:42.163Z]     ↳ Response: 200 OK
[2026-08-02T10:14:42.183Z] [2496] GET http://localhost:3000/src/components/InvalidPropertyPage.tsx
[2026-08-02T10:14:42.229Z]     ↳ Response: 200 OK
[2026-08-02T10:14:42.237Z]     ↳ Response: 200 OK
[2026-08-02T10:14:42.244Z]     ↳ Response: 200 OK
[2026-08-02T10:14:42.250Z]     ↳ Response: 200 OK
[2026-08-02T10:14:42.263Z] [2497] GET http://localhost:3000/src/components/AppearanceSettings.tsx?t=1785660212018
[2026-08-02T10:14:42.270Z] [2498] GET http://localhost:3000/src/components/DefaultExpensesManager.tsx?t=1785590582041
[2026-08-02T10:14:42.281Z]     ↳ Response: 200 OK
[2026-08-02T10:14:42.283Z]     ↳ Response: 200 OK
[2026-08-02T10:14:42.293Z]     ↳ Response: 200 OK
[2026-08-02T10:14:42.300Z] [2499] GET http://localhost:3000/src/components/ToggleSwitch.tsx
[2026-08-02T10:14:42.311Z]     ↳ Response: 200 OK
[2026-08-02T10:14:42.316Z] [2500] GET http://localhost:3000/node_modules/.vite/deps/react-dom.js?v=647194ca
[2026-08-02T10:14:42.327Z]     ↳ Response: 200 OK
[2026-08-02T10:14:42.332Z]     ↳ Response: 200 OK
[2026-08-02T10:14:42.336Z]     ↳ Response: 200 OK
[2026-08-02T10:14:42.340Z]     ↳ Response: 200 OK
[2026-08-02T10:14:42.351Z]     ↳ Response: 200 OK
[2026-08-02T10:14:42.360Z]     ↳ Response: 200 OK
[2026-08-02T10:14:42.364Z] [2501] GET http://localhost:3000/node_modules/.vite/deps/sortablejs.js?v=bff2b989
[2026-08-02T10:14:42.372Z]     ↳ Response: 200 OK
[2026-08-02T10:14:42.380Z]     ↳ Response: 200 OK
[2026-08-02T10:14:42.381Z]     ↳ Response: 200 OK
[2026-08-02T10:14:42.382Z]     ↳ Response: 200 OK
[2026-08-02T10:14:42.396Z] [2502] GET http://localhost:3000/src/components/ThemeManagement.tsx
[2026-08-02T10:14:42.408Z] [2503] GET http://localhost:3000/src/components/CustomCSSOverride.tsx
[2026-08-02T10:14:42.428Z]     ↳ Response: 200 OK
[2026-08-02T10:14:42.433Z]     ↳ Response: 200 OK
[2026-08-02T10:14:42.439Z]     ↳ Response: 200 OK
[2026-08-02T10:14:42.447Z]     ↳ Response: 200 OK
[2026-08-02T10:14:42.454Z]     ↳ Response: 200 OK
[2026-08-02T10:14:42.649Z] [2504] GET http://localhost:3000/php/api/router.php?action=get_current_property&property_slug=vrikshawan
[2026-08-02T10:14:42.658Z] [2505] GET http://localhost:3000/php/api/router.php?action=get_current_property&property_slug=vrikshawan
[2026-08-02T10:14:42.669Z]     ↳ Response: 404 Not Found
[2026-08-02T10:14:42.687Z] [2506] GET http://localhost:3000/php/api/router.php?action=get_property_modules&property_slug=vrikshawan
[2026-08-02T10:14:42.694Z] [2507] GET http://localhost:3000/php/api/router.php?action=get_nav_menu&property_slug=vrikshawan
[2026-08-02T10:14:42.701Z] [2508] GET http://localhost:3000/php/api/router.php?action=get_telegram_config&property_slug=vrikshawan
[2026-08-02T10:14:42.707Z]     ↳ Response: 200 OK
[2026-08-02T10:14:42.716Z]     ↳ Response: 200 OK
[2026-08-02T10:14:42.723Z]     ↳ Response: 200 OK
[2026-08-02T10:14:42.750Z]     ↳ Response: 404 Not Found
[2026-08-02T10:14:42.784Z] [2509] GET http://localhost:3000/php/api/router.php?action=get_property_modules&property_slug=vrikshawan
[2026-08-02T10:14:42.792Z] [2510] GET http://localhost:3000/php/api/router.php?action=get_nav_menu&property_slug=vrikshawan
[2026-08-02T10:14:42.799Z] [2511] GET http://localhost:3000/php/api/router.php?action=get_telegram_config&property_slug=vrikshawan
[2026-08-02T10:14:42.814Z]     ↳ Response: 200 OK
[2026-08-02T10:14:43.121Z]     ↳ Response: 200 OK
[2026-08-02T10:14:43.175Z]     ↳ Response: 200 OK
[2026-08-02T10:14:48.169Z] [2512] GET http://localhost:3007/artists_farm/vrikshawan/
[2026-08-02T10:14:48.483Z]     ↳ Response: 200 OK
[2026-08-02T10:14:48.509Z] [2513] GET http://localhost:3007/@vite/client
[2026-08-02T10:14:48.517Z] [2514] GET http://localhost:3007/src/main.tsx
[2026-08-02T10:14:48.531Z] [2515] GET http://localhost:3007/@react-refresh
[2026-08-02T10:14:48.557Z]     ↳ Response: 200 OK
[2026-08-02T10:14:48.590Z] [2516] GET http://localhost:3007/node_modules/.vite/deps/react.js?v=3e7169fe
[2026-08-02T10:14:48.609Z] [2517] GET http://localhost:3007/node_modules/.vite/deps/react-dom_client.js?v=3e7169fe
[2026-08-02T10:14:48.640Z] [2518] GET http://localhost:3007/src/App.tsx
[2026-08-02T10:14:48.671Z] [2519] GET http://localhost:3007/src/index.css
[2026-08-02T10:14:48.709Z] [2520] GET http://localhost:3007/src/utils/telescopeLogger.ts
[2026-08-02T10:14:48.732Z] [2521] GET http://localhost:3007/node_modules/.vite/deps/react_jsx-dev-runtime.js?v=3e7169fe
[2026-08-02T10:14:48.749Z]     ↳ Response: 200 OK
[2026-08-02T10:14:48.846Z]     ↳ Response: 200 OK
[2026-08-02T10:14:48.870Z] [2522] GET http://localhost:3007/node_modules/vite/dist/client/env.mjs
[2026-08-02T10:14:48.887Z]     ↳ Response: 200 OK
[2026-08-02T10:14:48.904Z] [2523] GET http://localhost:3007/node_modules/.vite/deps/rolldown-runtime-B-1-B7_t.js?v=3e7169fe
[2026-08-02T10:14:48.931Z]     ↳ Response: 200 OK
[2026-08-02T10:14:48.942Z] [2524] GET http://localhost:3007/src/components/Header.tsx
[2026-08-02T10:14:48.952Z] [2525] GET http://localhost:3007/src/components/Navigation.tsx
[2026-08-02T10:14:48.958Z] [2526] GET http://localhost:3007/src/components/OperationalDashboard.tsx
[2026-08-02T10:14:49.007Z] [2527] GET http://localhost:3007/src/components/GuestManagement.tsx
[2026-08-02T10:14:49.021Z] [2528] GET http://localhost:3007/src/components/KitchenManagement.tsx
[2026-08-02T10:14:49.074Z] [2529] GET http://localhost:3007/src/components/InventoryManagement.tsx
[2026-08-02T10:14:49.171Z] [2530] GET http://localhost:3007/src/components/PettyCashManagement.tsx
[2026-08-02T10:14:49.267Z] [2531] GET http://localhost:3007/src/components/CashDrawerManager.tsx
[2026-08-02T10:14:49.288Z] [2532] GET http://localhost:3007/src/components/ExpenseItemsManagement.tsx
[2026-08-02T10:14:49.370Z] [2533] GET http://localhost:3007/src/components/StaffManagement.tsx
[2026-08-02T10:14:49.443Z] [2534] GET http://localhost:3007/src/components/AnalyticsDashboard.tsx
[2026-08-02T10:14:49.458Z] [2535] GET http://localhost:3007/src/components/AuditLogsView.tsx
[2026-08-02T10:14:49.474Z] [2536] GET http://localhost:3007/src/components/DataExportCenter.tsx
[2026-08-02T10:14:49.500Z] [2537] GET http://localhost:3007/src/components/MenuManager.tsx
[2026-08-02T10:14:49.525Z] [2538] GET http://localhost:3007/src/components/MiscChargesManagement.tsx
[2026-08-02T10:14:49.578Z] [2539] GET http://localhost:3007/src/components/ICalSyncManager.tsx
[2026-08-02T10:14:49.662Z] [2540] GET http://localhost:3007/src/components/TelegramNotificationModal.tsx
[2026-08-02T10:14:49.688Z] [2541] GET http://localhost:3007/src/components/DemoDataModal.tsx
[2026-08-02T10:14:49.725Z] [2542] GET http://localhost:3007/src/components/GlobalModal.tsx
[2026-08-02T10:14:49.747Z] [2543] GET http://localhost:3007/src/components/ToastContext.tsx
[2026-08-02T10:14:49.794Z] [2544] GET http://localhost:3007/src/components/LoginModal.tsx
[2026-08-02T10:14:49.808Z] [2545] GET http://localhost:3007/src/contexts/StaffContext.tsx
[2026-08-02T10:14:49.843Z] [2546] GET http://localhost:3007/src/contexts/AuthContext.tsx
[2026-08-02T10:14:49.875Z] [2547] GET http://localhost:3007/src/contexts/FinanceContext.tsx
[2026-08-02T10:14:49.930Z] [2548] GET http://localhost:3007/src/contexts/InventoryContext.tsx
[2026-08-02T10:14:49.976Z] [2549] GET http://localhost:3007/src/contexts/KitchenContext.tsx
[2026-08-02T10:14:50.003Z] [2550] GET http://localhost:3007/src/utils/clientInfo.ts
[2026-08-02T10:14:50.043Z] [2551] GET http://localhost:3007/src/data/appConfig.ts
[2026-08-02T10:14:50.074Z] [2552] GET http://localhost:3007/src/services/themeService.ts
[2026-08-02T10:14:50.093Z] [2553] GET http://localhost:3007/src/services/api.ts
[2026-08-02T10:14:50.117Z] [2554] GET http://localhost:3007/src/contexts/ConfigurationDataContext.tsx
[2026-08-02T10:14:50.134Z] [2555] GET http://localhost:3007/src/contexts/ModulesContext.tsx
[2026-08-02T10:14:50.151Z] [2556] GET http://localhost:3007/src/components/DataLoader.tsx
[2026-08-02T10:14:50.169Z] [2557] GET http://localhost:3007/src/components/LoadingScreen.tsx
[2026-08-02T10:14:50.268Z] [2558] GET http://localhost:3007/src/components/LoginPage.tsx
[2026-08-02T10:14:50.408Z] [2559] GET http://localhost:3007/src/components/PlatformPropertyManagement.tsx
[2026-08-02T10:14:50.445Z] [2560] GET http://localhost:3007/src/components/TenantDashboard.tsx
[2026-08-02T10:14:50.473Z] [2561] GET http://localhost:3007/src/components/RootAdminDashboard.tsx
[2026-08-02T10:14:50.497Z] [2562] GET http://localhost:3007/src/components/MultiKeyPropertyOverview.tsx
[2026-08-02T10:14:50.578Z]     ↳ Response: 200 OK
[2026-08-02T10:14:50.627Z]     ↳ Response: 200 OK
[2026-08-02T10:14:50.671Z]     ↳ Response: 200 OK
[2026-08-02T10:14:50.709Z]     ↳ Response: 200 OK
[2026-08-02T10:14:50.735Z]     ↳ Response: 200 OK
[2026-08-02T10:14:50.764Z]     ↳ Response: 200 OK
[2026-08-02T10:14:50.781Z]     ↳ Response: 200 OK
[2026-08-02T10:14:50.794Z]     ↳ Response: 200 OK
[2026-08-02T10:14:50.821Z]     ↳ Response: 200 OK
[2026-08-02T10:14:50.831Z]     ↳ Response: 200 OK
[2026-08-02T10:14:50.870Z] [2563] GET http://localhost:3007/node_modules/.vite/deps/lucide-react.js?v=3e7169fe
[2026-08-02T10:14:50.898Z] [2564] GET http://localhost:3007/src/utils/iconResolver.tsx
[2026-08-02T10:14:50.922Z] [2565] GET http://localhost:3007/node_modules/.vite/deps/html-to-image.js?v=3e7169fe
[2026-08-02T10:14:50.938Z] [2566] GET http://localhost:3007/src/components/DateRangePicker.tsx
[2026-08-02T10:14:50.947Z] [2567] GET http://localhost:3007/src/components/BillingCheckout.tsx
[2026-08-02T10:14:50.972Z] [2568] GET http://localhost:3007/src/components/SearchableSelect.tsx
[2026-08-02T10:14:50.992Z] [2569] GET http://localhost:3007/node_modules/.vite/deps/react-data-table-component.js?v=3e7169fe
[2026-08-02T10:14:51.022Z]     ↳ Response: 200 OK
[2026-08-02T10:14:51.031Z]     ↳ Response: 200 OK
[2026-08-02T10:14:51.047Z]     ↳ Response: 200 OK
[2026-08-02T10:14:51.060Z]     ↳ Response: 200 OK
[2026-08-02T10:14:51.083Z] [2570] GET http://localhost:3007/node_modules/.vite/deps/react-dom.js?v=3e7169fe
[2026-08-02T10:14:51.105Z]     ↳ Response: 200 OK
[2026-08-02T10:14:51.126Z]     ↳ Response: 200 OK
[2026-08-02T10:14:51.133Z]     ↳ Response: 200 OK
[2026-08-02T10:14:51.141Z] [2571] GET http://localhost:3007/node_modules/.vite/deps/react-apexcharts.js?v=3e7169fe
[2026-08-02T10:14:51.147Z]     ↳ Response: 200 OK
[2026-08-02T10:14:51.155Z]     ↳ Response: 200 OK
[2026-08-02T10:14:51.161Z]     ↳ Response: 200 OK
[2026-08-02T10:14:51.171Z]     ↳ Response: 200 OK
[2026-08-02T10:14:51.181Z] [2572] GET http://localhost:3007/src/components/NavMenuEditor.tsx
[2026-08-02T10:14:51.195Z]     ↳ Response: 200 OK
[2026-08-02T10:14:51.214Z]     ↳ Response: 200 OK
[2026-08-02T10:14:51.225Z]     ↳ Response: 200 OK
[2026-08-02T10:14:51.242Z]     ↳ Response: 200 OK
[2026-08-02T10:14:51.252Z]     ↳ Response: 200 OK
[2026-08-02T10:14:51.267Z]     ↳ Response: 200 OK
[2026-08-02T10:14:51.276Z]     ↳ Response: 200 OK
[2026-08-02T10:14:51.280Z]     ↳ Response: 200 OK
[2026-08-02T10:14:51.292Z]     ↳ Response: 200 OK
[2026-08-02T10:14:51.308Z]     ↳ Response: 200 OK
[2026-08-02T10:14:51.316Z]     ↳ Response: 200 OK
[2026-08-02T10:14:51.322Z]     ↳ Response: 200 OK
[2026-08-02T10:14:51.330Z] [2573] GET http://localhost:3007/src/components/TelegramConnectionSettings.tsx
[2026-08-02T10:14:51.335Z]     ↳ Response: 200 OK
[2026-08-02T10:14:51.349Z]     ↳ Response: 200 OK
[2026-08-02T10:14:51.355Z]     ↳ Response: 200 OK
[2026-08-02T10:14:51.366Z]     ↳ Response: 200 OK
[2026-08-02T10:14:51.381Z]     ↳ Response: 200 OK
[2026-08-02T10:14:51.389Z]     ↳ Response: 200 OK
[2026-08-02T10:14:51.395Z] [2574] GET http://localhost:3007/src/components/InvalidPropertyPage.tsx
[2026-08-02T10:14:51.403Z]     ↳ Response: 200 OK
[2026-08-02T10:14:51.412Z]     ↳ Response: 200 OK
[2026-08-02T10:14:51.415Z]     ↳ Response: 200 OK
[2026-08-02T10:14:51.417Z]     ↳ Response: 200 OK
[2026-08-02T10:14:51.424Z]     ↳ Response: 200 OK
[2026-08-02T10:14:51.428Z]     ↳ Response: 200 OK
[2026-08-02T10:14:51.438Z] [2575] GET http://localhost:3007/src/components/AppearanceSettings.tsx
[2026-08-02T10:14:51.447Z] [2576] GET http://localhost:3007/src/components/DefaultExpensesManager.tsx
[2026-08-02T10:14:51.462Z] [2577] GET http://localhost:3007/src/components/ToggleSwitch.tsx
[2026-08-02T10:14:51.478Z]     ↳ Response: 200 OK
[2026-08-02T10:14:51.488Z]     ↳ Response: 200 OK
[2026-08-02T10:14:51.497Z]     ↳ Response: 200 OK
[2026-08-02T10:14:51.501Z]     ↳ Response: 200 OK
[2026-08-02T10:14:51.513Z]     ↳ Response: 200 OK
[2026-08-02T10:14:51.530Z]     ↳ Response: 200 OK
[2026-08-02T10:14:51.541Z]     ↳ Response: 200 OK
[2026-08-02T10:14:51.557Z]     ↳ Response: 200 OK
[2026-08-02T10:14:51.582Z]     ↳ Response: 200 OK
[2026-08-02T10:14:51.586Z] [2578] GET http://localhost:3007/node_modules/.vite/deps/sortablejs.js?v=3e7169fe
[2026-08-02T10:14:51.594Z]     ↳ Response: 200 OK
[2026-08-02T10:14:51.605Z]     ↳ Response: 200 OK
[2026-08-02T10:14:51.624Z]     ↳ Response: 200 OK
[2026-08-02T10:14:51.632Z] [2579] GET http://localhost:3007/src/components/ThemeManagement.tsx
[2026-08-02T10:14:51.641Z] [2580] GET http://localhost:3007/src/components/CustomCSSOverride.tsx
[2026-08-02T10:14:51.657Z]     ↳ Response: 200 OK
[2026-08-02T10:14:51.664Z]     ↳ Response: 200 OK
[2026-08-02T10:14:51.682Z]     ↳ Response: 200 OK
[2026-08-02T10:14:51.693Z]     ↳ Response: 200 OK
[2026-08-02T10:14:51.704Z]     ↳ Response: 200 OK
[2026-08-02T10:14:51.714Z]     ↳ Response: 200 OK
[2026-08-02T10:14:51.884Z] [2581] GET http://localhost:3007/artists_farm/php/api/router.php?action=get_current_property&property_slug=vrikshawan
[2026-08-02T10:14:51.896Z] [2582] GET http://localhost:3007/artists_farm/php/api/router.php?action=get_current_property&property_slug=vrikshawan
[2026-08-02T10:14:51.913Z] [2583] GET http://localhost:3007/icons/favicon-32x32.png
[2026-08-02T10:14:51.939Z]     ↳ Response: 200 OK
[2026-08-02T10:14:51.957Z]     ↳ Response: 404 Not Found
[2026-08-02T10:14:51.995Z] [2584] GET http://localhost:3007/artists_farm/php/api/router.php?action=get_property_modules&property_slug=vrikshawan
[2026-08-02T10:14:52.030Z] [2585] GET http://localhost:3007/artists_farm/php/api/router.php?action=get_nav_menu&property_slug=vrikshawan
[2026-08-02T10:14:52.039Z] [2586] GET http://localhost:3007/artists_farm/php/api/router.php?action=get_telegram_config&property_slug=vrikshawan
[2026-08-02T10:14:52.046Z]     ↳ Response: 404 Not Found
[2026-08-02T10:14:52.063Z] [2587] GET http://localhost:3007/artists_farm/php/api/router.php?action=get_property_modules&property_slug=vrikshawan
[2026-08-02T10:14:52.069Z] [2588] GET http://localhost:3007/artists_farm/php/api/router.php?action=get_nav_menu&property_slug=vrikshawan
[2026-08-02T10:14:52.075Z] [2589] GET http://localhost:3007/artists_farm/php/api/router.php?action=get_telegram_config&property_slug=vrikshawan
[2026-08-02T10:14:52.082Z]     ↳ Response: 200 OK
[2026-08-02T10:14:52.088Z]     ↳ Response: 200 OK
[2026-08-02T10:14:52.093Z]     ↳ Response: 200 OK
[2026-08-02T10:14:52.100Z]     ↳ Response: 200 OK
[2026-08-02T10:14:52.104Z]     ↳ Response: 200 OK
[2026-08-02T10:14:52.109Z]     ↳ Response: 200 OK
[2026-08-02T10:16:54.259Z] [2590] GET http://localhost:3007/artists_farm/vrikshawan/
[2026-08-02T10:16:54.560Z]     ↳ Response: 200 OK
[2026-08-02T10:16:54.582Z] [2591] GET http://localhost:3007/@vite/client
[2026-08-02T10:16:54.586Z] [2592] GET http://localhost:3007/src/main.tsx
[2026-08-02T10:16:54.591Z] [2593] GET http://localhost:3007/@react-refresh
[2026-08-02T10:16:54.595Z]     ↳ Response: 200 OK
[2026-08-02T10:16:54.598Z] [2594] GET http://localhost:3007/node_modules/.vite/deps/react.js?v=3e7169fe
[2026-08-02T10:16:54.611Z] [2595] GET http://localhost:3007/node_modules/.vite/deps/react-dom_client.js?v=3e7169fe
[2026-08-02T10:16:54.625Z] [2596] GET http://localhost:3007/src/App.tsx
[2026-08-02T10:16:54.702Z] [2597] GET http://localhost:3007/src/index.css
[2026-08-02T10:16:54.777Z] [2598] GET http://localhost:3007/src/utils/telescopeLogger.ts
[2026-08-02T10:16:54.864Z] [2599] GET http://localhost:3007/node_modules/.vite/deps/react_jsx-dev-runtime.js?v=3e7169fe
[2026-08-02T10:16:54.913Z]     ↳ Response: 200 OK
[2026-08-02T10:16:54.977Z]     ↳ Response: 200 OK
[2026-08-02T10:16:54.998Z] [2600] GET http://localhost:3007/node_modules/vite/dist/client/env.mjs
[2026-08-02T10:16:55.010Z] [2601] GET http://localhost:3007/node_modules/.vite/deps/rolldown-runtime-B-1-B7_t.js?v=3e7169fe
[2026-08-02T10:16:55.022Z]     ↳ Response: 200 OK
[2026-08-02T10:16:55.031Z]     ↳ Response: 200 OK
[2026-08-02T10:16:55.040Z]     ↳ Response: 200 OK
[2026-08-02T10:16:55.046Z] [2602] GET http://localhost:3007/src/components/Header.tsx
[2026-08-02T10:16:55.054Z] [2603] GET http://localhost:3007/src/components/Navigation.tsx
[2026-08-02T10:16:55.060Z] [2604] GET http://localhost:3007/src/components/OperationalDashboard.tsx
[2026-08-02T10:16:55.065Z] [2605] GET http://localhost:3007/src/components/GuestManagement.tsx
[2026-08-02T10:16:55.074Z] [2606] GET http://localhost:3007/src/components/KitchenManagement.tsx
[2026-08-02T10:16:55.078Z] [2607] GET http://localhost:3007/src/components/InventoryManagement.tsx
[2026-08-02T10:16:55.083Z] [2608] GET http://localhost:3007/src/components/PettyCashManagement.tsx
[2026-08-02T10:16:55.091Z] [2609] GET http://localhost:3007/src/components/CashDrawerManager.tsx
[2026-08-02T10:16:55.098Z] [2610] GET http://localhost:3007/src/components/ExpenseItemsManagement.tsx
[2026-08-02T10:16:55.102Z] [2611] GET http://localhost:3007/src/components/StaffManagement.tsx
[2026-08-02T10:16:55.109Z] [2612] GET http://localhost:3007/src/components/AnalyticsDashboard.tsx
[2026-08-02T10:16:55.113Z] [2613] GET http://localhost:3007/src/components/AuditLogsView.tsx
[2026-08-02T10:16:55.124Z] [2614] GET http://localhost:3007/src/components/DataExportCenter.tsx
[2026-08-02T10:16:55.130Z] [2615] GET http://localhost:3007/src/components/MenuManager.tsx
[2026-08-02T10:16:55.134Z] [2616] GET http://localhost:3007/src/components/MiscChargesManagement.tsx
[2026-08-02T10:16:55.142Z] [2617] GET http://localhost:3007/src/components/ICalSyncManager.tsx
[2026-08-02T10:16:55.147Z] [2618] GET http://localhost:3007/src/components/TelegramNotificationModal.tsx
[2026-08-02T10:16:55.153Z] [2619] GET http://localhost:3007/src/components/DemoDataModal.tsx
[2026-08-02T10:16:55.157Z] [2620] GET http://localhost:3007/src/components/GlobalModal.tsx
[2026-08-02T10:16:55.164Z] [2621] GET http://localhost:3007/src/components/ToastContext.tsx
[2026-08-02T10:16:55.169Z] [2622] GET http://localhost:3007/src/components/LoginModal.tsx
[2026-08-02T10:16:55.176Z] [2623] GET http://localhost:3007/src/contexts/StaffContext.tsx
[2026-08-02T10:16:55.241Z] [2624] GET http://localhost:3007/src/contexts/AuthContext.tsx
[2026-08-02T10:16:55.257Z] [2625] GET http://localhost:3007/src/contexts/FinanceContext.tsx
[2026-08-02T10:16:55.271Z] [2626] GET http://localhost:3007/src/contexts/InventoryContext.tsx
[2026-08-02T10:16:55.279Z] [2627] GET http://localhost:3007/src/contexts/KitchenContext.tsx
[2026-08-02T10:16:55.302Z] [2628] GET http://localhost:3007/src/utils/clientInfo.ts
[2026-08-02T10:16:55.320Z] [2629] GET http://localhost:3007/src/data/appConfig.ts
[2026-08-02T10:16:55.327Z] [2630] GET http://localhost:3007/src/services/themeService.ts
[2026-08-02T10:16:55.331Z] [2631] GET http://localhost:3007/src/services/api.ts
[2026-08-02T10:16:55.335Z] [2632] GET http://localhost:3007/src/contexts/ConfigurationDataContext.tsx
[2026-08-02T10:16:55.346Z] [2633] GET http://localhost:3007/src/contexts/ModulesContext.tsx
[2026-08-02T10:16:55.349Z] [2634] GET http://localhost:3007/src/components/DataLoader.tsx
[2026-08-02T10:16:55.357Z] [2635] GET http://localhost:3007/src/components/LoadingScreen.tsx
[2026-08-02T10:16:55.360Z] [2636] GET http://localhost:3007/src/components/LoginPage.tsx
[2026-08-02T10:16:55.366Z] [2637] GET http://localhost:3007/src/components/PlatformPropertyManagement.tsx
[2026-08-02T10:16:55.467Z] [2638] GET http://localhost:3007/src/components/TenantDashboard.tsx
[2026-08-02T10:16:55.595Z] [2639] GET http://localhost:3007/src/components/RootAdminDashboard.tsx
[2026-08-02T10:16:55.810Z] [2640] GET http://localhost:3007/src/components/MultiKeyPropertyOverview.tsx
[2026-08-02T10:16:55.895Z]     ↳ Response: 200 OK
[2026-08-02T10:16:55.964Z]     ↳ Response: 200 OK
[2026-08-02T10:16:56.005Z]     ↳ Response: 200 OK
[2026-08-02T10:16:56.045Z]     ↳ Response: 200 OK
[2026-08-02T10:16:56.122Z]     ↳ Response: 200 OK
[2026-08-02T10:16:56.170Z]     ↳ Response: 200 OK
[2026-08-02T10:16:56.222Z]     ↳ Response: 200 OK
[2026-08-02T10:16:56.257Z]     ↳ Response: 200 OK
[2026-08-02T10:16:56.308Z]     ↳ Response: 200 OK
[2026-08-02T10:16:56.331Z]     ↳ Response: 200 OK
[2026-08-02T10:16:56.345Z]     ↳ Response: 200 OK
[2026-08-02T10:16:56.360Z]     ↳ Response: 200 OK
[2026-08-02T10:16:56.393Z] [2641] GET http://localhost:3007/node_modules/.vite/deps/lucide-react.js?v=3e7169fe
[2026-08-02T10:16:56.410Z] [2642] GET http://localhost:3007/src/utils/iconResolver.tsx
[2026-08-02T10:16:56.426Z] [2643] GET http://localhost:3007/node_modules/.vite/deps/html-to-image.js?v=3e7169fe
[2026-08-02T10:16:56.444Z] [2644] GET http://localhost:3007/src/components/DateRangePicker.tsx
[2026-08-02T10:16:56.461Z] [2645] GET http://localhost:3007/src/components/BillingCheckout.tsx
[2026-08-02T10:16:56.474Z] [2646] GET http://localhost:3007/node_modules/.vite/deps/react-data-table-component.js?v=3e7169fe
[2026-08-02T10:16:56.498Z] [2647] GET http://localhost:3007/src/components/SearchableSelect.tsx
[2026-08-02T10:16:56.515Z]     ↳ Response: 200 OK
[2026-08-02T10:16:56.526Z]     ↳ Response: 200 OK
[2026-08-02T10:16:56.543Z] [2648] GET http://localhost:3007/node_modules/.vite/deps/react-apexcharts.js?v=3e7169fe
[2026-08-02T10:16:56.554Z]     ↳ Response: 200 OK
[2026-08-02T10:16:56.579Z]     ↳ Response: 200 OK
[2026-08-02T10:16:56.599Z]     ↳ Response: 200 OK
[2026-08-02T10:16:56.613Z]     ↳ Response: 200 OK
[2026-08-02T10:16:56.627Z]     ↳ Response: 200 OK
[2026-08-02T10:16:56.703Z]     ↳ Response: 200 OK
[2026-08-02T10:16:56.716Z] [2649] GET http://localhost:3007/src/components/NavMenuEditor.tsx
[2026-08-02T10:16:56.730Z]     ↳ Response: 200 OK
[2026-08-02T10:16:56.741Z]     ↳ Response: 200 OK
[2026-08-02T10:16:56.750Z]     ↳ Response: 200 OK
[2026-08-02T10:16:56.766Z]     ↳ Response: 200 OK
[2026-08-02T10:16:56.782Z]     ↳ Response: 200 OK
[2026-08-02T10:16:56.799Z] [2650] GET http://localhost:3007/src/components/TelegramConnectionSettings.tsx
[2026-08-02T10:16:56.822Z]     ↳ Response: 200 OK
[2026-08-02T10:16:56.830Z]     ↳ Response: 200 OK
[2026-08-02T10:16:56.840Z]     ↳ Response: 200 OK
[2026-08-02T10:16:56.846Z]     ↳ Response: 200 OK
[2026-08-02T10:16:56.854Z]     ↳ Response: 200 OK
[2026-08-02T10:16:56.865Z]     ↳ Response: 200 OK
[2026-08-02T10:16:56.871Z]     ↳ Response: 200 OK
[2026-08-02T10:16:56.879Z]     ↳ Response: 200 OK
[2026-08-02T10:16:56.887Z]     ↳ Response: 200 OK
[2026-08-02T10:16:56.893Z]     ↳ Response: 200 OK
[2026-08-02T10:16:56.903Z]     ↳ Response: 200 OK
[2026-08-02T10:16:56.915Z]     ↳ Response: 200 OK
[2026-08-02T10:16:56.920Z]     ↳ Response: 200 OK
[2026-08-02T10:16:56.923Z] [2651] GET http://localhost:3007/src/components/InvalidPropertyPage.tsx
[2026-08-02T10:16:56.929Z]     ↳ Response: 200 OK
[2026-08-02T10:16:56.934Z]     ↳ Response: 200 OK
[2026-08-02T10:16:56.940Z]     ↳ Response: 200 OK
[2026-08-02T10:16:56.943Z]     ↳ Response: 200 OK
[2026-08-02T10:16:56.948Z] [2652] GET http://localhost:3007/src/components/AppearanceSettings.tsx
[2026-08-02T10:16:56.955Z] [2653] GET http://localhost:3007/src/components/DefaultExpensesManager.tsx
[2026-08-02T10:16:56.962Z]     ↳ Response: 200 OK
[2026-08-02T10:16:56.966Z]     ↳ Response: 200 OK
[2026-08-02T10:16:56.972Z]     ↳ Response: 200 OK
[2026-08-02T10:16:56.976Z]     ↳ Response: 200 OK
[2026-08-02T10:16:56.980Z]     ↳ Response: 200 OK
[2026-08-02T10:16:56.983Z] [2654] GET http://localhost:3007/node_modules/.vite/deps/react-dom.js?v=3e7169fe
[2026-08-02T10:16:56.990Z] [2655] GET http://localhost:3007/src/components/ToggleSwitch.tsx
[2026-08-02T10:16:56.998Z]     ↳ Response: 200 OK
[2026-08-02T10:16:57.001Z]     ↳ Response: 200 OK
[2026-08-02T10:16:57.004Z]     ↳ Response: 200 OK
[2026-08-02T10:16:57.008Z]     ↳ Response: 200 OK
[2026-08-02T10:16:57.012Z]     ↳ Response: 200 OK
[2026-08-02T10:16:57.012Z] [2656] GET http://localhost:3007/node_modules/.vite/deps/sortablejs.js?v=3e7169fe
[2026-08-02T10:16:57.014Z]     ↳ Response: 200 OK
[2026-08-02T10:16:57.019Z]     ↳ Response: 200 OK
[2026-08-02T10:16:57.021Z]     ↳ Response: 200 OK
[2026-08-02T10:16:57.033Z] [2657] GET http://localhost:3007/src/components/ThemeManagement.tsx
[2026-08-02T10:16:57.036Z] [2658] GET http://localhost:3007/src/components/CustomCSSOverride.tsx
[2026-08-02T10:16:57.037Z]     ↳ Response: 200 OK
[2026-08-02T10:16:57.039Z]     ↳ Response: 200 OK
[2026-08-02T10:16:57.048Z]     ↳ Response: 200 OK
[2026-08-02T10:16:57.055Z]     ↳ Response: 200 OK
[2026-08-02T10:16:57.060Z]     ↳ Response: 200 OK
[2026-08-02T10:16:57.073Z]     ↳ Response: 200 OK
[2026-08-02T10:16:57.096Z]     ↳ Response: 200 OK
[2026-08-02T10:16:57.278Z] [2659] GET http://localhost:3007/artists_farm/php/api/router.php?action=get_current_property&property_slug=vrikshawan
[2026-08-02T10:16:57.321Z] [2660] GET http://localhost:3007/artists_farm/php/api/router.php?action=get_current_property&property_slug=vrikshawan
[2026-08-02T10:16:57.349Z] [2661] GET http://localhost:3007/icons/favicon-32x32.png
[2026-08-02T10:16:57.366Z]     ↳ Response: 200 OK
[2026-08-02T10:16:57.381Z]     ↳ Response: 404 Not Found
[2026-08-02T10:16:57.416Z] [2662] GET http://localhost:3007/artists_farm/php/api/router.php?action=get_property_modules&property_slug=vrikshawan
[2026-08-02T10:16:57.444Z] [2663] GET http://localhost:3007/artists_farm/php/api/router.php?action=get_nav_menu&property_slug=vrikshawan
[2026-08-02T10:16:57.455Z] [2664] GET http://localhost:3007/artists_farm/php/api/router.php?action=get_telegram_config&property_slug=vrikshawan
[2026-08-02T10:16:57.466Z]     ↳ Response: 404 Not Found
[2026-08-02T10:16:57.486Z] [2665] GET http://localhost:3007/artists_farm/php/api/router.php?action=get_property_modules&property_slug=vrikshawan
[2026-08-02T10:16:57.491Z] [2666] GET http://localhost:3007/artists_farm/php/api/router.php?action=get_nav_menu&property_slug=vrikshawan
[2026-08-02T10:16:57.497Z] [2667] GET http://localhost:3007/artists_farm/php/api/router.php?action=get_telegram_config&property_slug=vrikshawan
[2026-08-02T10:16:57.508Z]     ↳ Response: 200 OK
[2026-08-02T10:16:57.516Z]     ↳ Response: 200 OK
[2026-08-02T10:16:57.530Z]     ↳ Response: 200 OK
[2026-08-02T10:16:57.539Z]     ↳ Response: 200 OK
[2026-08-02T10:16:57.548Z]     ↳ Response: 200 OK
[2026-08-02T10:16:57.555Z]     ↳ Response: 200 OK
[2026-08-02T10:17:05.165Z] [2668] GET http://localhost:3007/artists_farm/vrikshawan/goa-homes/
[2026-08-02T10:17:05.476Z]     ↳ Response: 200 OK
[2026-08-02T10:17:05.494Z] [2669] GET http://localhost:3007/@vite/client
[2026-08-02T10:17:05.505Z] [2670] GET http://localhost:3007/src/main.tsx
[2026-08-02T10:17:05.512Z] [2671] GET http://localhost:3007/@react-refresh
[2026-08-02T10:17:05.526Z]     ↳ Response: 304 Not Modified
[2026-08-02T10:17:05.535Z]     ↳ Response: 304 Not Modified
[2026-08-02T10:17:05.537Z] [2672] GET http://localhost:3007/node_modules/vite/dist/client/env.mjs
[2026-08-02T10:17:05.543Z] [2673] GET http://localhost:3007/node_modules/.vite/deps/react.js?v=3e7169fe
[2026-08-02T10:17:05.549Z]     ↳ Response: 200 OK
[2026-08-02T10:17:05.578Z] [2674] GET http://localhost:3007/node_modules/.vite/deps/react-dom_client.js?v=3e7169fe
[2026-08-02T10:17:05.607Z]     ↳ Response: 200 OK
[2026-08-02T10:17:05.633Z] [2675] GET http://localhost:3007/src/App.tsx
[2026-08-02T10:17:05.648Z] [2676] GET http://localhost:3007/src/index.css
[2026-08-02T10:17:05.670Z] [2677] GET http://localhost:3007/src/utils/telescopeLogger.ts
[2026-08-02T10:17:05.682Z] [2678] GET http://localhost:3007/node_modules/.vite/deps/react_jsx-dev-runtime.js?v=3e7169fe
[2026-08-02T10:17:05.700Z]     ↳ Response: 200 OK
[2026-08-02T10:17:05.729Z] [2679] GET http://localhost:3007/node_modules/.vite/deps/rolldown-runtime-B-1-B7_t.js?v=3e7169fe
[2026-08-02T10:17:05.774Z]     ↳ Response: 200 OK
[2026-08-02T10:17:05.792Z] [2680] GET http://localhost:3007/node_modules/.vite/deps/react-dom.js?v=3e7169fe
[2026-08-02T10:17:05.806Z]     ↳ Response: 200 OK
[2026-08-02T10:17:05.822Z]     ↳ Response: 304 Not Modified
[2026-08-02T10:17:05.829Z]     ↳ Response: 304 Not Modified
[2026-08-02T10:17:05.856Z]     ↳ Response: 304 Not Modified
[2026-08-02T10:17:05.867Z] [2681] GET http://localhost:3007/src/components/Header.tsx
[2026-08-02T10:17:05.879Z] [2682] GET http://localhost:3007/src/components/Navigation.tsx
[2026-08-02T10:17:05.883Z] [2683] GET http://localhost:3007/src/components/OperationalDashboard.tsx
[2026-08-02T10:17:05.898Z] [2684] GET http://localhost:3007/src/components/GuestManagement.tsx
[2026-08-02T10:17:05.908Z] [2685] GET http://localhost:3007/src/components/KitchenManagement.tsx
[2026-08-02T10:17:05.916Z] [2686] GET http://localhost:3007/src/components/InventoryManagement.tsx
[2026-08-02T10:17:05.927Z] [2687] GET http://localhost:3007/src/components/PettyCashManagement.tsx
[2026-08-02T10:17:05.933Z] [2688] GET http://localhost:3007/src/components/CashDrawerManager.tsx
[2026-08-02T10:17:05.943Z] [2689] GET http://localhost:3007/src/components/ExpenseItemsManagement.tsx
[2026-08-02T10:17:05.950Z] [2690] GET http://localhost:3007/src/components/StaffManagement.tsx
[2026-08-02T10:17:05.959Z] [2691] GET http://localhost:3007/src/components/AnalyticsDashboard.tsx
[2026-08-02T10:17:05.966Z] [2692] GET http://localhost:3007/src/components/AuditLogsView.tsx
[2026-08-02T10:17:05.979Z] [2693] GET http://localhost:3007/src/components/DataExportCenter.tsx
[2026-08-02T10:17:06.097Z] [2694] GET http://localhost:3007/src/components/MenuManager.tsx
[2026-08-02T10:17:06.146Z] [2695] GET http://localhost:3007/src/components/MiscChargesManagement.tsx
[2026-08-02T10:17:06.165Z] [2696] GET http://localhost:3007/src/components/ICalSyncManager.tsx
[2026-08-02T10:17:06.190Z] [2697] GET http://localhost:3007/src/components/TelegramNotificationModal.tsx
[2026-08-02T10:17:06.238Z] [2698] GET http://localhost:3007/src/components/DemoDataModal.tsx
[2026-08-02T10:17:06.300Z] [2699] GET http://localhost:3007/src/components/GlobalModal.tsx
[2026-08-02T10:17:06.379Z] [2700] GET http://localhost:3007/src/components/ToastContext.tsx
[2026-08-02T10:17:06.418Z] [2701] GET http://localhost:3007/src/components/LoginModal.tsx
[2026-08-02T10:17:06.441Z] [2702] GET http://localhost:3007/src/contexts/StaffContext.tsx
[2026-08-02T10:17:06.466Z] [2703] GET http://localhost:3007/src/contexts/AuthContext.tsx
[2026-08-02T10:17:06.476Z] [2704] GET http://localhost:3007/src/contexts/FinanceContext.tsx
[2026-08-02T10:17:06.515Z] [2705] GET http://localhost:3007/src/contexts/InventoryContext.tsx
[2026-08-02T10:17:06.523Z] [2706] GET http://localhost:3007/src/contexts/KitchenContext.tsx
[2026-08-02T10:17:06.540Z] [2707] GET http://localhost:3007/src/utils/clientInfo.ts
[2026-08-02T10:17:06.571Z] [2708] GET http://localhost:3007/src/data/appConfig.ts
[2026-08-02T10:17:06.582Z] [2709] GET http://localhost:3007/src/services/themeService.ts
[2026-08-02T10:17:06.598Z] [2710] GET http://localhost:3007/src/services/api.ts
[2026-08-02T10:17:06.611Z] [2711] GET http://localhost:3007/src/contexts/ConfigurationDataContext.tsx
[2026-08-02T10:17:06.648Z] [2712] GET http://localhost:3007/src/contexts/ModulesContext.tsx
[2026-08-02T10:17:06.663Z] [2713] GET http://localhost:3007/src/components/DataLoader.tsx
[2026-08-02T10:17:06.673Z] [2714] GET http://localhost:3007/src/components/LoadingScreen.tsx
[2026-08-02T10:17:06.689Z] [2715] GET http://localhost:3007/src/components/LoginPage.tsx
[2026-08-02T10:17:06.697Z] [2716] GET http://localhost:3007/src/components/PlatformPropertyManagement.tsx
[2026-08-02T10:17:06.715Z] [2717] GET http://localhost:3007/src/components/TenantDashboard.tsx
[2026-08-02T10:17:06.724Z] [2718] GET http://localhost:3007/src/components/RootAdminDashboard.tsx
[2026-08-02T10:17:06.729Z] [2719] GET http://localhost:3007/src/components/MultiKeyPropertyOverview.tsx
[2026-08-02T10:17:06.733Z]     ↳ Response: 304 Not Modified
[2026-08-02T10:17:06.743Z]     ↳ Response: 304 Not Modified
[2026-08-02T10:17:06.749Z]     ↳ Response: 304 Not Modified
[2026-08-02T10:17:06.753Z] [2720] GET http://localhost:3007/node_modules/.vite/deps/lucide-react.js?v=3e7169fe
[2026-08-02T10:17:06.760Z]     ↳ Response: 200 OK
[2026-08-02T10:17:06.767Z]     ↳ Response: 304 Not Modified
[2026-08-02T10:17:06.776Z]     ↳ Response: 304 Not Modified
[2026-08-02T10:17:06.789Z]     ↳ Response: 304 Not Modified
[2026-08-02T10:17:06.810Z] [2721] GET http://localhost:3007/src/utils/iconResolver.tsx
[2026-08-02T10:17:06.839Z] [2722] GET http://localhost:3007/node_modules/.vite/deps/html-to-image.js?v=3e7169fe
[2026-08-02T10:17:06.849Z]     ↳ Response: 200 OK
[2026-08-02T10:17:06.864Z] [2723] GET http://localhost:3007/src/components/DateRangePicker.tsx
[2026-08-02T10:17:06.878Z] [2724] GET http://localhost:3007/src/components/BillingCheckout.tsx
[2026-08-02T10:17:06.886Z]     ↳ Response: 304 Not Modified
[2026-08-02T10:17:06.896Z]     ↳ Response: 304 Not Modified
[2026-08-02T10:17:06.955Z] [2725] GET http://localhost:3007/src/components/SearchableSelect.tsx
[2026-08-02T10:17:06.981Z] [2726] GET http://localhost:3007/node_modules/.vite/deps/react-data-table-component.js?v=3e7169fe
[2026-08-02T10:17:07.029Z]     ↳ Response: 200 OK
[2026-08-02T10:17:07.045Z]     ↳ Response: 304 Not Modified
[2026-08-02T10:17:07.051Z]     ↳ Response: 304 Not Modified
[2026-08-02T10:17:07.093Z]     ↳ Response: 304 Not Modified
[2026-08-02T10:17:07.131Z]     ↳ Response: 304 Not Modified
[2026-08-02T10:17:07.177Z]     ↳ Response: 304 Not Modified
[2026-08-02T10:17:07.214Z]     ↳ Response: 304 Not Modified
[2026-08-02T10:17:07.226Z] [2727] GET http://localhost:3007/node_modules/.vite/deps/react-apexcharts.js?v=3e7169fe
[2026-08-02T10:17:07.237Z]     ↳ Response: 200 OK
[2026-08-02T10:17:07.248Z]     ↳ Response: 304 Not Modified
[2026-08-02T10:17:07.255Z]     ↳ Response: 304 Not Modified
[2026-08-02T10:17:07.280Z]     ↳ Response: 304 Not Modified
[2026-08-02T10:17:07.305Z] [2728] GET http://localhost:3007/src/components/NavMenuEditor.tsx
[2026-08-02T10:17:07.313Z]     ↳ Response: 304 Not Modified
[2026-08-02T10:17:07.326Z]     ↳ Response: 304 Not Modified
[2026-08-02T10:17:07.331Z] [2729] GET http://localhost:3007/src/components/TelegramConnectionSettings.tsx
[2026-08-02T10:17:07.336Z]     ↳ Response: 304 Not Modified
[2026-08-02T10:17:07.353Z]     ↳ Response: 304 Not Modified
[2026-08-02T10:17:07.360Z]     ↳ Response: 304 Not Modified
[2026-08-02T10:17:07.370Z]     ↳ Response: 304 Not Modified
[2026-08-02T10:17:07.379Z]     ↳ Response: 304 Not Modified
[2026-08-02T10:17:07.396Z]     ↳ Response: 304 Not Modified
[2026-08-02T10:17:07.455Z]     ↳ Response: 304 Not Modified
[2026-08-02T10:17:07.497Z]     ↳ Response: 304 Not Modified
[2026-08-02T10:17:07.518Z]     ↳ Response: 304 Not Modified
[2026-08-02T10:17:07.533Z]     ↳ Response: 304 Not Modified
[2026-08-02T10:17:07.559Z]     ↳ Response: 304 Not Modified
[2026-08-02T10:17:07.571Z]     ↳ Response: 304 Not Modified
[2026-08-02T10:17:07.599Z]     ↳ Response: 304 Not Modified
[2026-08-02T10:17:07.615Z]     ↳ Response: 304 Not Modified
[2026-08-02T10:17:07.654Z]     ↳ Response: 304 Not Modified
[2026-08-02T10:17:07.679Z]     ↳ Response: 304 Not Modified
[2026-08-02T10:17:07.739Z] [2730] GET http://localhost:3007/src/components/InvalidPropertyPage.tsx
[2026-08-02T10:17:07.761Z]     ↳ Response: 304 Not Modified
[2026-08-02T10:17:07.803Z]     ↳ Response: 304 Not Modified
[2026-08-02T10:17:07.831Z]     ↳ Response: 304 Not Modified
[2026-08-02T10:17:07.843Z]     ↳ Response: 304 Not Modified
[2026-08-02T10:17:07.852Z] [2731] GET http://localhost:3007/src/components/ToggleSwitch.tsx
[2026-08-02T10:17:07.860Z]     ↳ Response: 304 Not Modified
[2026-08-02T10:17:07.869Z] [2732] GET http://localhost:3007/src/components/AppearanceSettings.tsx
[2026-08-02T10:17:07.872Z] [2733] GET http://localhost:3007/src/components/DefaultExpensesManager.tsx
[2026-08-02T10:17:07.875Z]     ↳ Response: 304 Not Modified
[2026-08-02T10:17:07.883Z]     ↳ Response: 304 Not Modified
[2026-08-02T10:17:07.894Z]     ↳ Response: 304 Not Modified
[2026-08-02T10:17:07.910Z]     ↳ Response: 304 Not Modified
[2026-08-02T10:17:07.921Z]     ↳ Response: 304 Not Modified
[2026-08-02T10:17:07.930Z]     ↳ Response: 304 Not Modified
[2026-08-02T10:17:07.956Z]     ↳ Response: 304 Not Modified
[2026-08-02T10:17:07.995Z] [2734] GET http://localhost:3007/node_modules/.vite/deps/sortablejs.js?v=3e7169fe
[2026-08-02T10:17:08.014Z]     ↳ Response: 200 OK
[2026-08-02T10:17:08.032Z]     ↳ Response: 304 Not Modified
[2026-08-02T10:17:08.090Z]     ↳ Response: 304 Not Modified
[2026-08-02T10:17:08.158Z]     ↳ Response: 304 Not Modified
[2026-08-02T10:17:08.282Z] [2735] GET http://localhost:3007/src/components/ThemeManagement.tsx
[2026-08-02T10:17:08.359Z] [2736] GET http://localhost:3007/src/components/CustomCSSOverride.tsx
[2026-08-02T10:17:08.407Z]     ↳ Response: 304 Not Modified
[2026-08-02T10:17:08.458Z]     ↳ Response: 304 Not Modified
[2026-08-02T10:17:08.497Z]     ↳ Response: 304 Not Modified
[2026-08-02T10:17:08.636Z] [2737] GET http://localhost:3007/artists_farm/php/api/router.php?action=get_current_property&property_slug=goa-homes
[2026-08-02T10:17:08.666Z] [2738] GET http://localhost:3007/artists_farm/php/api/router.php?action=get_current_property&property_slug=goa-homes
[2026-08-02T10:17:08.723Z]     ↳ Response: 200 OK
[2026-08-02T10:17:08.785Z] [2739] GET http://localhost:3007/php/api/router.php?action=get_multikey_property&property_id=56763
[2026-08-02T10:17:08.793Z]     ↳ Response: 200 OK
[2026-08-02T10:17:08.805Z] [2740] GET http://localhost:3007/php/api/router.php?action=get_multikey_property&property_id=56763
[2026-08-02T10:17:08.821Z]     ↳ Response: 200 OK
[2026-08-02T10:17:08.833Z] [2741] GET http://localhost:3007/artists_farm/php/api/router.php?action=get_property_modules&property_slug=goa-homes
[2026-08-02T10:17:08.843Z] [2742] GET http://localhost:3007/artists_farm/php/api/router.php?action=get_nav_menu&property_slug=goa-homes
[2026-08-02T10:17:08.853Z] [2743] GET http://localhost:3007/artists_farm/php/api/router.php?action=get_telegram_config&property_slug=goa-homes
[2026-08-02T10:17:08.867Z]     ↳ Response: 200 OK
[2026-08-02T10:17:08.877Z]     ↳ Response: 200 OK
[2026-08-02T10:17:08.891Z] [2744] GET http://localhost:3007/artists_farm/php/api/router.php?action=get_property_modules&property_slug=goa-homes
[2026-08-02T10:17:08.920Z] [2745] GET http://localhost:3007/artists_farm/php/api/router.php?action=get_nav_menu&property_slug=goa-homes
[2026-08-02T10:17:08.943Z] [2746] GET http://localhost:3007/artists_farm/php/api/router.php?action=get_telegram_config&property_slug=goa-homes
[2026-08-02T10:17:08.962Z]     ↳ Response: 200 OK
[2026-08-02T10:17:08.982Z]     ↳ Response: 200 OK
[2026-08-02T10:17:08.996Z] [2747] GET http://localhost:3007/php/api/router.php?action=get_property_modules&property_slug=goa-homes
[2026-08-02T10:17:09.015Z] [2748] GET http://localhost:3007/artists_farm/php/api/router.php?action=get_telegram_config&property_slug=goa-homes
[2026-08-02T10:17:09.023Z] [2749] GET http://localhost:3007/php/api/router.php?action=get_system_settings
[2026-08-02T10:17:09.037Z] [2750] GET http://localhost:3007/php/api/router.php?action=get_theme_settings
[2026-08-02T10:17:09.117Z] [2751] GET http://localhost:3007/artists_farm/php/api/router.php?action=get_guests&property_slug=goa-homes
[2026-08-02T10:17:09.180Z] [2752] GET http://localhost:3007/artists_farm/php/api/router.php?action=get_users&property_slug=goa-homes
[2026-08-02T10:17:09.200Z] [2753] GET http://localhost:3007/artists_farm/php/api/router.php?action=get_attendance&property_slug=goa-homes
[2026-08-02T10:17:09.230Z] [2754] GET http://localhost:3007/artists_farm/php/api/router.php?action=get_audit_logs&property_slug=goa-homes
[2026-08-02T10:17:09.233Z] [2755] GET http://localhost:3007/artists_farm/php/api/router.php?action=get_receipts&property_slug=goa-homes
[2026-08-02T10:17:09.240Z] [2756] GET http://localhost:3007/artists_farm/php/api/router.php?action=get_users&property_slug=goa-homes
[2026-08-02T10:17:09.253Z] [2757] GET http://localhost:3007/artists_farm/php/api/router.php?action=get_nav_menu&property_slug=goa-homes
[2026-08-02T10:17:09.257Z] [2758] GET http://localhost:3007/artists_farm/php/api/router.php?action=get_guests&property_slug=goa-homes
[2026-08-02T10:17:09.259Z] [2759] GET http://localhost:3007/artists_farm/php/api/router.php?action=get_attendance&property_slug=goa-homes
[2026-08-02T10:17:09.268Z] [2760] GET http://localhost:3007/artists_farm/php/api/router.php?action=get_audit_logs&property_slug=goa-homes
[2026-08-02T10:17:09.279Z] [2761] GET http://localhost:3007/artists_farm/php/api/router.php?action=get_receipts&property_slug=goa-homes
[2026-08-02T10:17:09.289Z] [2762] GET http://localhost:3007/artists_farm/php/api/router.php?action=get_misc_catalog&property_slug=goa-homes
[2026-08-02T10:17:09.296Z] [2763] GET http://localhost:3007/php/api/router.php?action=get_property_modules&property_slug=goa-homes
[2026-08-02T10:17:09.335Z] [2764] GET http://localhost:3007/artists_farm/php/api/router.php?action=get_telegram_config&property_slug=goa-homes
[2026-08-02T10:17:09.365Z] [2765] GET http://localhost:3007/php/api/router.php?action=get_system_settings
[2026-08-02T10:17:09.386Z] [2766] GET http://localhost:3007/php/api/router.php?action=get_theme_settings
[2026-08-02T10:17:09.408Z] [2767] GET http://localhost:3007/artists_farm/php/api/router.php?action=get_guests&property_slug=goa-homes
[2026-08-02T10:17:09.426Z] [2768] GET http://localhost:3007/artists_farm/php/api/router.php?action=get_users&property_slug=goa-homes
[2026-08-02T10:17:09.447Z] [2769] GET http://localhost:3007/artists_farm/php/api/router.php?action=get_attendance&property_slug=goa-homes
[2026-08-02T10:17:09.463Z] [2770] GET http://localhost:3007/artists_farm/php/api/router.php?action=get_audit_logs&property_slug=goa-homes
[2026-08-02T10:17:09.474Z] [2771] GET http://localhost:3007/artists_farm/php/api/router.php?action=get_receipts&property_slug=goa-homes
[2026-08-02T10:17:09.509Z] [2772] GET http://localhost:3007/artists_farm/php/api/router.php?action=get_users&property_slug=goa-homes
[2026-08-02T10:17:09.540Z] [2773] GET http://localhost:3007/artists_farm/php/api/router.php?action=get_nav_menu&property_slug=goa-homes
[2026-08-02T10:17:09.547Z] [2774] GET http://localhost:3007/artists_farm/php/api/router.php?action=get_guests&property_slug=goa-homes
[2026-08-02T10:17:09.574Z] [2775] GET http://localhost:3007/artists_farm/php/api/router.php?action=get_attendance&property_slug=goa-homes
[2026-08-02T10:17:09.584Z] [2776] GET http://localhost:3007/artists_farm/php/api/router.php?action=get_audit_logs&property_slug=goa-homes
[2026-08-02T10:17:09.592Z] [2777] GET http://localhost:3007/artists_farm/php/api/router.php?action=get_receipts&property_slug=goa-homes
[2026-08-02T10:17:09.602Z] [2778] GET http://localhost:3007/artists_farm/php/api/router.php?action=get_misc_catalog&property_slug=goa-homes
[2026-08-02T10:17:09.605Z]     ↳ Response: 200 OK
[2026-08-02T10:17:09.610Z]     ↳ Response: 200 OK
[2026-08-02T10:17:09.618Z]     ↳ Response: 200 OK
[2026-08-02T10:17:09.623Z]     ↳ Response: 200 OK
[2026-08-02T10:17:09.625Z]     ↳ Response: 200 OK
[2026-08-02T10:17:09.629Z]     ↳ Response: 200 OK
[2026-08-02T10:17:09.632Z]     ↳ Response: 200 OK
[2026-08-02T10:17:09.643Z]     ↳ Response: 200 OK
[2026-08-02T10:17:09.700Z]     ↳ Response: 200 OK
[2026-08-02T10:17:09.711Z]     ↳ Response: 200 OK
[2026-08-02T10:17:09.716Z]     ↳ Response: 200 OK
[2026-08-02T10:17:09.725Z]     ↳ Response: 200 OK
[2026-08-02T10:17:09.732Z]     ↳ Response: 200 OK
[2026-08-02T10:17:09.738Z]     ↳ Response: 200 OK
[2026-08-02T10:17:09.747Z]     ↳ Response: 200 OK
[2026-08-02T10:17:09.752Z]     ↳ Response: 200 OK
[2026-08-02T10:17:09.756Z]     ↳ Response: 200 OK
[2026-08-02T10:17:09.759Z]     ↳ Response: 200 OK
[2026-08-02T10:17:09.765Z]     ↳ Response: 200 OK
[2026-08-02T10:17:09.784Z]     ↳ Response: 200 OK
[2026-08-02T10:17:09.798Z]     ↳ Response: 200 OK
[2026-08-02T10:17:09.941Z]     ↳ Response: 200 OK
[2026-08-02T10:17:10.017Z]     ↳ Response: 200 OK
[2026-08-02T10:17:10.070Z]     ↳ Response: 200 OK
[2026-08-02T10:17:10.141Z]     ↳ Response: 200 OK
[2026-08-02T10:17:10.204Z]     ↳ Response: 200 OK
[2026-08-02T10:17:10.261Z]     ↳ Response: 200 OK
[2026-08-02T10:17:10.334Z]     ↳ Response: 200 OK
[2026-08-02T10:17:10.396Z]     ↳ Response: 200 OK
[2026-08-02T10:17:10.646Z]     ↳ Response: 200 OK
[2026-08-02T10:17:10.725Z]     ↳ Response: 200 OK
[2026-08-02T10:17:10.787Z]     ↳ Response: 200 OK
[2026-08-02T10:17:10.916Z]     ↳ Response: 200 OK
[2026-08-02T10:17:10.930Z]     ↳ Response: 200 OK
[2026-08-02T10:17:11.138Z]     ↳ Response: 200 OK
[2026-08-02T10:17:16.614Z] [2779] POST http://localhost:3007/artists_farm/php/api/authenticate.php
[2026-08-02T10:17:16.963Z]     ↳ Response: 200 OK
[2026-08-02T10:17:16.985Z] [2780] POST http://localhost:3007/artists_farm/php/api/router.php?action=add_audit_log&property_slug=goa-homes
[2026-08-02T10:17:17.234Z]     ↳ Response: 200 OK
[2026-08-02T10:18:16.660Z] [2781] POST http://localhost:3007/artists_farm/php/api/authenticate.php
[2026-08-02T10:18:16.687Z]     ↳ Response: 200 OK
[2026-08-02T10:18:16.698Z] [2782] POST http://localhost:3007/artists_farm/php/api/router.php?action=add_audit_log&property_slug=goa-homes
[2026-08-02T10:18:17.054Z]     ↳ Response: 200 OK
[2026-08-02T10:19:15.723Z] [2783] POST http://localhost:3007/artists_farm/php/api/authenticate.php
[2026-08-02T10:19:15.738Z]     ↳ Response: 200 OK
[2026-08-02T10:19:15.747Z] [2784] POST http://localhost:3007/artists_farm/php/api/router.php?action=add_audit_log&property_slug=goa-homes
[2026-08-02T10:19:16.100Z]     ↳ Response: 200 OK
[2026-08-02T10:19:23.073Z] [2785] POST http://localhost:3007/artists_farm/php/api/authenticate.php
[2026-08-02T10:19:23.079Z]     ↳ Response: 200 OK
[2026-08-02T10:19:23.093Z] [2786] POST http://localhost:3007/artists_farm/php/api/router.php?action=add_audit_log&property_slug=goa-homes
[2026-08-02T10:19:23.448Z]     ↳ Response: 200 OK
[2026-08-02T10:19:26.714Z] [2787] POST http://localhost:3007/artists_farm/php/api/authenticate.php
[2026-08-02T10:19:26.763Z]     ↳ Response: 200 OK
[2026-08-02T10:19:26.783Z] [2788] POST http://localhost:3007/artists_farm/php/api/router.php?action=add_audit_log&property_slug=goa-homes
[2026-08-02T10:19:27.113Z]     ↳ Response: 200 OK
[2026-08-02T10:19:51.776Z] [2789] GET http://localhost:3007/artists_farm/tenant_login.php
[2026-08-02T10:19:51.900Z]     ↳ Response: 200 OK
[2026-08-02T10:19:51.926Z] [2790] GET http://localhost:3007/@vite/client
[2026-08-02T10:19:51.940Z] [2791] GET http://localhost:3007/src/main.tsx
[2026-08-02T10:19:51.945Z] [2792] GET http://localhost:3007/@react-refresh
[2026-08-02T10:19:51.957Z]     ↳ Response: 200 OK
[2026-08-02T10:19:51.974Z] [2793] GET http://localhost:3007/node_modules/.vite/deps/react.js?v=3e7169fe
[2026-08-02T10:19:51.983Z] [2794] GET http://localhost:3007/node_modules/.vite/deps/react-dom_client.js?v=3e7169fe
[2026-08-02T10:19:52.020Z] [2795] GET http://localhost:3007/src/App.tsx
[2026-08-02T10:19:52.027Z] [2796] GET http://localhost:3007/src/index.css
[2026-08-02T10:19:52.055Z] [2797] GET http://localhost:3007/src/utils/telescopeLogger.ts
[2026-08-02T10:19:52.069Z] [2798] GET http://localhost:3007/node_modules/.vite/deps/react_jsx-dev-runtime.js?v=3e7169fe
[2026-08-02T10:19:52.130Z]     ↳ Response: 200 OK
[2026-08-02T10:19:52.166Z] [2799] GET http://localhost:3007/node_modules/vite/dist/client/env.mjs
[2026-08-02T10:19:52.239Z]     ↳ Response: 200 OK
[2026-08-02T10:19:52.306Z]     ↳ Response: 200 OK
[2026-08-02T10:19:52.356Z] [2800] GET http://localhost:3007/node_modules/.vite/deps/rolldown-runtime-B-1-B7_t.js?v=3e7169fe
[2026-08-02T10:19:52.377Z]     ↳ Response: 200 OK
[2026-08-02T10:19:52.414Z]     ↳ Response: 200 OK
[2026-08-02T10:19:52.428Z]     ↳ Response: 200 OK
[2026-08-02T10:19:52.449Z]     ↳ Response: 200 OK
[2026-08-02T10:19:52.460Z] [2801] GET http://localhost:3007/src/components/Header.tsx
[2026-08-02T10:19:52.467Z] [2802] GET http://localhost:3007/src/components/Navigation.tsx
[2026-08-02T10:19:52.472Z] [2803] GET http://localhost:3007/src/components/OperationalDashboard.tsx
[2026-08-02T10:19:52.477Z] [2804] GET http://localhost:3007/src/components/GuestManagement.tsx
[2026-08-02T10:19:52.480Z] [2805] GET http://localhost:3007/src/components/KitchenManagement.tsx
[2026-08-02T10:19:52.488Z] [2806] GET http://localhost:3007/src/components/InventoryManagement.tsx
[2026-08-02T10:19:52.493Z] [2807] GET http://localhost:3007/src/components/PettyCashManagement.tsx
[2026-08-02T10:19:52.498Z] [2808] GET http://localhost:3007/src/components/CashDrawerManager.tsx
[2026-08-02T10:19:52.504Z] [2809] GET http://localhost:3007/src/components/ExpenseItemsManagement.tsx
[2026-08-02T10:19:52.507Z] [2810] GET http://localhost:3007/src/components/StaffManagement.tsx
[2026-08-02T10:19:52.514Z] [2811] GET http://localhost:3007/src/components/AnalyticsDashboard.tsx
[2026-08-02T10:19:52.522Z] [2812] GET http://localhost:3007/src/components/AuditLogsView.tsx
[2026-08-02T10:19:52.527Z] [2813] GET http://localhost:3007/src/components/DataExportCenter.tsx
[2026-08-02T10:19:52.532Z] [2814] GET http://localhost:3007/src/components/MenuManager.tsx
[2026-08-02T10:19:52.541Z] [2815] GET http://localhost:3007/src/components/MiscChargesManagement.tsx
[2026-08-02T10:19:52.546Z] [2816] GET http://localhost:3007/src/components/ICalSyncManager.tsx
[2026-08-02T10:19:52.551Z] [2817] GET http://localhost:3007/src/components/TelegramNotificationModal.tsx
[2026-08-02T10:19:52.555Z] [2818] GET http://localhost:3007/src/components/DemoDataModal.tsx
[2026-08-02T10:19:52.561Z] [2819] GET http://localhost:3007/src/components/GlobalModal.tsx
[2026-08-02T10:19:52.564Z] [2820] GET http://localhost:3007/src/components/ToastContext.tsx
[2026-08-02T10:19:52.573Z] [2821] GET http://localhost:3007/src/components/LoginModal.tsx
[2026-08-02T10:19:52.579Z] [2822] GET http://localhost:3007/src/contexts/StaffContext.tsx
[2026-08-02T10:19:52.581Z] [2823] GET http://localhost:3007/src/contexts/AuthContext.tsx
[2026-08-02T10:19:52.584Z] [2824] GET http://localhost:3007/src/contexts/FinanceContext.tsx
[2026-08-02T10:19:52.594Z] [2825] GET http://localhost:3007/src/contexts/InventoryContext.tsx
[2026-08-02T10:19:52.598Z] [2826] GET http://localhost:3007/src/contexts/KitchenContext.tsx
[2026-08-02T10:19:52.603Z] [2827] GET http://localhost:3007/src/utils/clientInfo.ts
[2026-08-02T10:19:52.606Z] [2828] GET http://localhost:3007/src/data/appConfig.ts
[2026-08-02T10:19:52.609Z] [2829] GET http://localhost:3007/src/services/themeService.ts
[2026-08-02T10:19:52.615Z] [2830] GET http://localhost:3007/src/services/api.ts
[2026-08-02T10:19:52.621Z] [2831] GET http://localhost:3007/src/contexts/ConfigurationDataContext.tsx
[2026-08-02T10:19:52.626Z] [2832] GET http://localhost:3007/src/contexts/ModulesContext.tsx
[2026-08-02T10:19:52.631Z] [2833] GET http://localhost:3007/src/components/DataLoader.tsx
[2026-08-02T10:19:52.637Z] [2834] GET http://localhost:3007/src/components/LoadingScreen.tsx
[2026-08-02T10:19:52.639Z] [2835] GET http://localhost:3007/src/components/LoginPage.tsx
[2026-08-02T10:19:52.644Z] [2836] GET http://localhost:3007/src/components/PlatformPropertyManagement.tsx
[2026-08-02T10:19:52.651Z] [2837] GET http://localhost:3007/src/components/TenantDashboard.tsx
[2026-08-02T10:19:52.655Z] [2838] GET http://localhost:3007/src/components/RootAdminDashboard.tsx
[2026-08-02T10:19:52.665Z] [2839] GET http://localhost:3007/src/components/MultiKeyPropertyOverview.tsx
[2026-08-02T10:19:52.672Z]     ↳ Response: 200 OK
[2026-08-02T10:19:52.677Z]     ↳ Response: 200 OK
[2026-08-02T10:19:52.689Z]     ↳ Response: 200 OK
[2026-08-02T10:19:52.700Z] [2840] GET http://localhost:3007/node_modules/.vite/deps/lucide-react.js?v=3e7169fe
[2026-08-02T10:19:52.709Z]     ↳ Response: 200 OK
[2026-08-02T10:19:52.717Z] [2841] GET http://localhost:3007/src/utils/iconResolver.tsx
[2026-08-02T10:19:52.730Z]     ↳ Response: 200 OK
[2026-08-02T10:19:52.737Z]     ↳ Response: 200 OK
[2026-08-02T10:19:52.759Z] [2842] GET http://localhost:3007/node_modules/.vite/deps/html-to-image.js?v=3e7169fe
[2026-08-02T10:19:52.810Z] [2843] GET http://localhost:3007/src/components/DateRangePicker.tsx
[2026-08-02T10:19:52.889Z] [2844] GET http://localhost:3007/src/components/BillingCheckout.tsx
[2026-08-02T10:19:52.901Z]     ↳ Response: 200 OK
[2026-08-02T10:19:52.913Z] [2845] GET http://localhost:3007/src/components/SearchableSelect.tsx
[2026-08-02T10:19:52.923Z] [2846] GET http://localhost:3007/node_modules/.vite/deps/react-data-table-component.js?v=3e7169fe
[2026-08-02T10:19:52.972Z]     ↳ Response: 200 OK
[2026-08-02T10:19:53.079Z]     ↳ Response: 200 OK
[2026-08-02T10:19:53.139Z]     ↳ Response: 200 OK
[2026-08-02T10:19:53.159Z]     ↳ Response: 200 OK
[2026-08-02T10:19:53.175Z]     ↳ Response: 200 OK
[2026-08-02T10:19:53.184Z]     ↳ Response: 200 OK
[2026-08-02T10:19:53.197Z]     ↳ Response: 200 OK
[2026-08-02T10:19:53.207Z]     ↳ Response: 200 OK
[2026-08-02T10:19:53.221Z] [2847] GET http://localhost:3007/node_modules/.vite/deps/react-apexcharts.js?v=3e7169fe
[2026-08-02T10:19:53.229Z]     ↳ Response: 200 OK
[2026-08-02T10:19:53.234Z]     ↳ Response: 200 OK
[2026-08-02T10:19:53.244Z] [2848] GET http://localhost:3007/src/components/NavMenuEditor.tsx
[2026-08-02T10:19:53.250Z]     ↳ Response: 200 OK
[2026-08-02T10:19:53.260Z]     ↳ Response: 200 OK
[2026-08-02T10:19:53.279Z]     ↳ Response: 200 OK
[2026-08-02T10:19:53.292Z] [2849] GET http://localhost:3007/src/components/TelegramConnectionSettings.tsx
[2026-08-02T10:19:53.307Z]     ↳ Response: 200 OK
[2026-08-02T10:19:53.340Z] [2850] GET http://localhost:3007/node_modules/.vite/deps/react-dom.js?v=3e7169fe
[2026-08-02T10:19:53.353Z]     ↳ Response: 200 OK
[2026-08-02T10:19:53.370Z]     ↳ Response: 200 OK
[2026-08-02T10:19:53.378Z]     ↳ Response: 200 OK
[2026-08-02T10:19:53.384Z]     ↳ Response: 200 OK
[2026-08-02T10:19:53.396Z]     ↳ Response: 200 OK
[2026-08-02T10:19:53.403Z]     ↳ Response: 200 OK
[2026-08-02T10:19:53.411Z]     ↳ Response: 200 OK
[2026-08-02T10:19:53.421Z]     ↳ Response: 200 OK
[2026-08-02T10:19:53.428Z]     ↳ Response: 200 OK
[2026-08-02T10:19:53.432Z]     ↳ Response: 200 OK
[2026-08-02T10:19:53.432Z]     ↳ Response: 200 OK
[2026-08-02T10:19:53.433Z]     ↳ Response: 200 OK
[2026-08-02T10:19:53.433Z]     ↳ Response: 200 OK
[2026-08-02T10:19:53.434Z]     ↳ Response: 200 OK
[2026-08-02T10:19:53.435Z]     ↳ Response: 200 OK
[2026-08-02T10:19:53.436Z]     ↳ Response: 200 OK
[2026-08-02T10:19:53.437Z]     ↳ Response: 200 OK
[2026-08-02T10:19:53.438Z]     ↳ Response: 200 OK
[2026-08-02T10:19:53.439Z] [2851] GET http://localhost:3007/src/components/InvalidPropertyPage.tsx
[2026-08-02T10:19:53.439Z]     ↳ Response: 200 OK
[2026-08-02T10:19:53.440Z]     ↳ Response: 200 OK
[2026-08-02T10:19:53.441Z]     ↳ Response: 200 OK
[2026-08-02T10:19:53.441Z]     ↳ Response: 200 OK
[2026-08-02T10:19:53.442Z]     ↳ Response: 200 OK
[2026-08-02T10:19:53.442Z]     ↳ Response: 200 OK
[2026-08-02T10:19:53.443Z] [2852] GET http://localhost:3007/src/components/ToggleSwitch.tsx
[2026-08-02T10:19:53.444Z] [2853] GET http://localhost:3007/src/components/AppearanceSettings.tsx
[2026-08-02T10:19:53.445Z] [2854] GET http://localhost:3007/src/components/DefaultExpensesManager.tsx
[2026-08-02T10:19:53.446Z]     ↳ Response: 200 OK
[2026-08-02T10:19:53.447Z]     ↳ Response: 200 OK
[2026-08-02T10:19:53.477Z]     ↳ Response: 200 OK
[2026-08-02T10:19:53.479Z]     ↳ Response: 200 OK
[2026-08-02T10:19:53.480Z]     ↳ Response: 200 OK
[2026-08-02T10:19:53.489Z]     ↳ Response: 200 OK
[2026-08-02T10:19:53.518Z]     ↳ Response: 200 OK
[2026-08-02T10:19:53.527Z] [2855] GET http://localhost:3007/node_modules/.vite/deps/sortablejs.js?v=3e7169fe
[2026-08-02T10:19:53.535Z]     ↳ Response: 200 OK
[2026-08-02T10:19:53.541Z]     ↳ Response: 200 OK
[2026-08-02T10:19:53.546Z]     ↳ Response: 200 OK
[2026-08-02T10:19:53.550Z]     ↳ Response: 200 OK
[2026-08-02T10:19:53.556Z] [2856] GET http://localhost:3007/src/components/ThemeManagement.tsx
[2026-08-02T10:19:53.562Z] [2857] GET http://localhost:3007/src/components/CustomCSSOverride.tsx
[2026-08-02T10:19:53.570Z]     ↳ Response: 200 OK
[2026-08-02T10:19:53.576Z]     ↳ Response: 200 OK
[2026-08-02T10:19:53.582Z]     ↳ Response: 200 OK
[2026-08-02T10:19:53.587Z]     ↳ Response: 200 OK
[2026-08-02T10:20:03.205Z] [2858] POST http://localhost:3007/php/api/router.php?action=login_user
[2026-08-02T10:20:03.679Z]     ↳ Response: 401 Unauthorized
[2026-08-02T10:20:08.468Z] [2859] POST http://localhost:3007/php/api/router.php?action=login_user
[2026-08-02T10:20:08.642Z]     ↳ Response: 401 Unauthorized
[2026-08-02T10:20:14.017Z] [2860] POST http://localhost:3007/php/api/router.php?action=login_user
[2026-08-02T10:20:14.494Z]     ↳ Response: 401 Unauthorized
[2026-08-02T10:21:32.680Z] [2861] POST http://localhost:3007/php/api/router.php?action=login_user
[2026-08-02T10:21:33.160Z]     ↳ Response: 200 OK
[2026-08-02T10:21:33.169Z] [2862] GET http://localhost:3007/artists_farm/tenant_dashboard/
[2026-08-02T10:21:33.191Z] [2863] GET http://localhost:3007/php/api/router.php?action=get_tenant_properties&tenant_id=4
[2026-08-02T10:21:33.197Z] [2864] GET http://localhost:3007/php/api/router.php?action=get_tenant_properties&tenant_id=4
[2026-08-02T10:21:33.244Z]     ↳ Response: 200 OK
[2026-08-02T10:21:33.271Z] [2865] GET http://localhost:3007/@vite/client
[2026-08-02T10:21:33.280Z] [2866] GET http://localhost:3007/src/main.tsx
[2026-08-02T10:21:33.289Z] [2867] GET http://localhost:3007/@react-refresh
[2026-08-02T10:21:33.497Z]     ↳ Response: 200 OK
[2026-08-02T10:21:33.507Z] [2868] GET http://localhost:3007/node_modules/.vite/deps/react.js?v=3e7169fe
[2026-08-02T10:21:33.512Z] [2869] GET http://localhost:3007/node_modules/.vite/deps/react-dom_client.js?v=3e7169fe
[2026-08-02T10:21:33.525Z] [2870] GET http://localhost:3007/src/App.tsx
[2026-08-02T10:21:33.534Z] [2871] GET http://localhost:3007/src/index.css
[2026-08-02T10:21:33.543Z] [2872] GET http://localhost:3007/src/utils/telescopeLogger.ts
[2026-08-02T10:21:33.574Z] [2873] GET http://localhost:3007/node_modules/.vite/deps/react_jsx-dev-runtime.js?v=3e7169fe
[2026-08-02T10:21:33.589Z]     ↳ Response: 200 OK
[2026-08-02T10:21:33.604Z] [2874] GET http://localhost:3007/node_modules/vite/dist/client/env.mjs
[2026-08-02T10:21:33.623Z]     ↳ Response: 200 OK
[2026-08-02T10:21:33.643Z]     ↳ Response: 200 OK
[2026-08-02T10:21:33.650Z] [2875] GET http://localhost:3007/node_modules/.vite/deps/rolldown-runtime-B-1-B7_t.js?v=3e7169fe
[2026-08-02T10:21:33.655Z]     ↳ Response: 200 OK
[2026-08-02T10:21:33.659Z]     ↳ Response: 200 OK
[2026-08-02T10:21:33.661Z]     ↳ Response: 200 OK
[2026-08-02T10:21:33.669Z]     ↳ Response: 200 OK
[2026-08-02T10:21:33.672Z]     ↳ Response: 200 OK
[2026-08-02T10:21:33.683Z]     ↳ Response: 200 OK
[2026-08-02T10:21:33.691Z] [2876] GET http://localhost:3007/src/components/Header.tsx
[2026-08-02T10:21:33.696Z] [2877] GET http://localhost:3007/src/components/Navigation.tsx
[2026-08-02T10:21:33.713Z] [2878] GET http://localhost:3007/src/components/OperationalDashboard.tsx
[2026-08-02T10:21:33.737Z] [2879] GET http://localhost:3007/src/components/GuestManagement.tsx
[2026-08-02T10:21:33.832Z] [2880] GET http://localhost:3007/src/components/KitchenManagement.tsx
[2026-08-02T10:21:33.925Z] [2881] GET http://localhost:3007/src/components/InventoryManagement.tsx
[2026-08-02T10:21:34.028Z] [2882] GET http://localhost:3007/src/components/PettyCashManagement.tsx
[2026-08-02T10:21:34.080Z] [2883] GET http://localhost:3007/src/components/CashDrawerManager.tsx
[2026-08-02T10:21:34.108Z] [2884] GET http://localhost:3007/src/components/ExpenseItemsManagement.tsx
[2026-08-02T10:21:34.125Z] [2885] GET http://localhost:3007/src/components/StaffManagement.tsx
[2026-08-02T10:21:34.138Z] [2886] GET http://localhost:3007/src/components/AnalyticsDashboard.tsx
[2026-08-02T10:21:34.155Z] [2887] GET http://localhost:3007/src/components/AuditLogsView.tsx
[2026-08-02T10:21:34.161Z] [2888] GET http://localhost:3007/src/components/DataExportCenter.tsx
[2026-08-02T10:21:34.175Z] [2889] GET http://localhost:3007/src/components/MenuManager.tsx
[2026-08-02T10:21:34.186Z] [2890] GET http://localhost:3007/src/components/MiscChargesManagement.tsx
[2026-08-02T10:21:34.197Z] [2891] GET http://localhost:3007/src/components/ICalSyncManager.tsx
[2026-08-02T10:21:34.214Z] [2892] GET http://localhost:3007/src/components/TelegramNotificationModal.tsx
[2026-08-02T10:21:34.227Z] [2893] GET http://localhost:3007/src/components/DemoDataModal.tsx
[2026-08-02T10:21:34.246Z] [2894] GET http://localhost:3007/src/components/GlobalModal.tsx
[2026-08-02T10:21:34.260Z] [2895] GET http://localhost:3007/src/components/ToastContext.tsx
[2026-08-02T10:21:34.276Z] [2896] GET http://localhost:3007/src/components/LoginModal.tsx
[2026-08-02T10:21:34.292Z] [2897] GET http://localhost:3007/src/contexts/StaffContext.tsx
[2026-08-02T10:21:34.308Z] [2898] GET http://localhost:3007/src/contexts/AuthContext.tsx
[2026-08-02T10:21:34.316Z] [2899] GET http://localhost:3007/src/contexts/FinanceContext.tsx
[2026-08-02T10:21:34.328Z] [2900] GET http://localhost:3007/src/contexts/InventoryContext.tsx
[2026-08-02T10:21:34.338Z] [2901] GET http://localhost:3007/src/contexts/KitchenContext.tsx
[2026-08-02T10:21:34.348Z] [2902] GET http://localhost:3007/src/utils/clientInfo.ts
[2026-08-02T10:21:34.359Z] [2903] GET http://localhost:3007/src/data/appConfig.ts
[2026-08-02T10:21:34.366Z] [2904] GET http://localhost:3007/src/services/themeService.ts
[2026-08-02T10:21:34.373Z] [2905] GET http://localhost:3007/src/services/api.ts
[2026-08-02T10:21:34.382Z] [2906] GET http://localhost:3007/src/contexts/ConfigurationDataContext.tsx
[2026-08-02T10:21:34.395Z] [2907] GET http://localhost:3007/src/contexts/ModulesContext.tsx
[2026-08-02T10:21:34.405Z] [2908] GET http://localhost:3007/src/components/DataLoader.tsx
[2026-08-02T10:21:34.411Z] [2909] GET http://localhost:3007/src/components/LoadingScreen.tsx
[2026-08-02T10:21:34.421Z] [2910] GET http://localhost:3007/src/components/LoginPage.tsx
[2026-08-02T10:21:34.427Z] [2911] GET http://localhost:3007/src/components/PlatformPropertyManagement.tsx
[2026-08-02T10:21:34.431Z] [2912] GET http://localhost:3007/src/components/TenantDashboard.tsx
[2026-08-02T10:21:34.453Z] [2913] GET http://localhost:3007/src/components/RootAdminDashboard.tsx
[2026-08-02T10:21:34.457Z] [2914] GET http://localhost:3007/src/components/MultiKeyPropertyOverview.tsx
[2026-08-02T10:21:34.488Z]     ↳ Response: 200 OK
[2026-08-02T10:21:34.507Z] [2915] GET http://localhost:3007/node_modules/.vite/deps/lucide-react.js?v=3e7169fe
[2026-08-02T10:21:34.518Z]     ↳ Response: 200 OK
[2026-08-02T10:21:34.528Z]     ↳ Response: 200 OK
[2026-08-02T10:21:34.532Z]     ↳ Response: 200 OK
[2026-08-02T10:21:34.539Z] [2916] GET http://localhost:3007/src/utils/iconResolver.tsx
[2026-08-02T10:21:34.542Z]     ↳ Response: 200 OK
[2026-08-02T10:21:34.543Z] [2917] GET http://localhost:3007/node_modules/.vite/deps/react-data-table-component.js?v=3e7169fe
[2026-08-02T10:21:34.546Z]     ↳ Response: 200 OK
[2026-08-02T10:21:34.549Z]     ↳ Response: 200 OK
[2026-08-02T10:21:34.563Z]     ↳ Response: 200 OK
[2026-08-02T10:21:34.576Z] [2918] GET http://localhost:3007/node_modules/.vite/deps/react-apexcharts.js?v=3e7169fe
[2026-08-02T10:21:34.581Z]     ↳ Response: 200 OK
[2026-08-02T10:21:34.582Z]     ↳ Response: 200 OK
[2026-08-02T10:21:34.595Z] [2919] GET http://localhost:3007/node_modules/.vite/deps/html-to-image.js?v=3e7169fe
[2026-08-02T10:21:34.606Z] [2920] GET http://localhost:3007/src/components/DateRangePicker.tsx
[2026-08-02T10:21:34.611Z] [2921] GET http://localhost:3007/src/components/BillingCheckout.tsx
[2026-08-02T10:21:34.631Z]     ↳ Response: 200 OK
[2026-08-02T10:21:34.643Z]     ↳ Response: 200 OK
[2026-08-02T10:21:34.667Z] [2922] GET http://localhost:3007/src/components/SearchableSelect.tsx
[2026-08-02T10:21:34.691Z]     ↳ Response: 200 OK
[2026-08-02T10:21:34.727Z]     ↳ Response: 200 OK
[2026-08-02T10:21:34.774Z]     ↳ Response: 200 OK
[2026-08-02T10:21:34.797Z]     ↳ Response: 200 OK
[2026-08-02T10:21:34.814Z]     ↳ Response: 200 OK
[2026-08-02T10:21:34.824Z]     ↳ Response: 200 OK
[2026-08-02T10:21:34.890Z]     ↳ Response: 200 OK
[2026-08-02T10:21:34.907Z]     ↳ Response: 200 OK
[2026-08-02T10:21:34.931Z]     ↳ Response: 200 OK
[2026-08-02T10:21:34.960Z]     ↳ Response: 200 OK
[2026-08-02T10:21:34.997Z]     ↳ Response: 200 OK
[2026-08-02T10:21:35.025Z]     ↳ Response: 200 OK
[2026-08-02T10:21:35.068Z]     ↳ Response: 200 OK
[2026-08-02T10:21:35.085Z]     ↳ Response: 200 OK
[2026-08-02T10:21:35.131Z]     ↳ Response: 200 OK
[2026-08-02T10:21:35.166Z]     ↳ Response: 200 OK
[2026-08-02T10:21:35.175Z] [2923] GET http://localhost:3007/src/components/NavMenuEditor.tsx
[2026-08-02T10:21:35.187Z] [2924] GET http://localhost:3007/src/components/TelegramConnectionSettings.tsx
[2026-08-02T10:21:35.204Z]     ↳ Response: 200 OK
[2026-08-02T10:21:35.246Z]     ↳ Response: 200 OK
[2026-08-02T10:21:35.297Z] [2925] GET http://localhost:3007/node_modules/.vite/deps/react-dom.js?v=3e7169fe
[2026-08-02T10:21:35.353Z]     ↳ Response: 200 OK
[2026-08-02T10:21:35.381Z]     ↳ Response: 200 OK
[2026-08-02T10:21:35.396Z]     ↳ Response: 200 OK
[2026-08-02T10:21:35.416Z]     ↳ Response: 200 OK
[2026-08-02T10:21:35.432Z]     ↳ Response: 200 OK
[2026-08-02T10:21:35.459Z]     ↳ Response: 200 OK
[2026-08-02T10:21:35.478Z]     ↳ Response: 200 OK
[2026-08-02T10:21:35.492Z]     ↳ Response: 200 OK
[2026-08-02T10:21:35.509Z]     ↳ Response: 200 OK
[2026-08-02T10:21:35.525Z]     ↳ Response: 200 OK
[2026-08-02T10:21:35.540Z]     ↳ Response: 200 OK
[2026-08-02T10:21:35.550Z] [2926] GET http://localhost:3007/src/components/InvalidPropertyPage.tsx
[2026-08-02T10:21:35.570Z] [2927] GET http://localhost:3007/src/components/ToggleSwitch.tsx
[2026-08-02T10:21:35.577Z] [2928] GET http://localhost:3007/src/components/AppearanceSettings.tsx
[2026-08-02T10:21:35.588Z] [2929] GET http://localhost:3007/src/components/DefaultExpensesManager.tsx
[2026-08-02T10:21:35.595Z]     ↳ Response: 200 OK
[2026-08-02T10:21:35.605Z]     ↳ Response: 200 OK
[2026-08-02T10:21:35.608Z]     ↳ Response: 200 OK
[2026-08-02T10:21:35.612Z]     ↳ Response: 200 OK
[2026-08-02T10:21:35.614Z]     ↳ Response: 200 OK
[2026-08-02T10:21:35.646Z]     ↳ Response: 200 OK
[2026-08-02T10:21:35.662Z]     ↳ Response: 200 OK
[2026-08-02T10:21:35.666Z]     ↳ Response: 200 OK
[2026-08-02T10:21:35.669Z]     ↳ Response: 200 OK
[2026-08-02T10:21:35.675Z] [2930] GET http://localhost:3007/node_modules/.vite/deps/sortablejs.js?v=3e7169fe
[2026-08-02T10:21:35.689Z]     ↳ Response: 200 OK
[2026-08-02T10:21:35.694Z]     ↳ Response: 200 OK
[2026-08-02T10:21:35.698Z]     ↳ Response: 200 OK
[2026-08-02T10:21:35.707Z] [2931] GET http://localhost:3007/src/components/ThemeManagement.tsx
[2026-08-02T10:21:35.709Z] [2932] GET http://localhost:3007/src/components/CustomCSSOverride.tsx
[2026-08-02T10:21:35.720Z]     ↳ Response: 200 OK
[2026-08-02T10:21:35.724Z]     ↳ Response: 200 OK
[2026-08-02T10:21:35.731Z]     ↳ Response: 200 OK
[2026-08-02T10:21:35.733Z]     ↳ Response: 200 OK
[2026-08-02T10:21:35.740Z]     ↳ Response: 200 OK
[2026-08-02T10:21:35.863Z] [2933] GET http://localhost:3007/php/api/router.php?action=get_tenant_properties&tenant_id=4
[2026-08-02T10:21:35.871Z] [2934] GET http://localhost:3007/php/api/router.php?action=get_tenant_properties&tenant_id=4
[2026-08-02T10:21:35.883Z]     ↳ Response: 200 OK
[2026-08-02T10:21:35.888Z]     ↳ Response: 200 OK
[2026-08-02T10:23:04.852Z] [2935] GET http://localhost:3007/src/index.css?t=1785666184849
[2026-08-02T10:23:04.895Z] [2936] GET http://localhost:3007/src/components/PlatformPropertyManagement.tsx?t=1785666184849
[2026-08-02T10:23:06.744Z]     ↳ Response: 200 OK
[2026-08-02T10:23:06.775Z]     ↳ Response: 200 OK
[2026-08-02T10:23:36.834Z] [2937] GET http://localhost:3007/artists_farm/tenant_dashboard/
[2026-08-02T10:23:36.860Z]     ↳ Response: 200 OK
[2026-08-02T10:23:36.884Z] [2938] GET http://localhost:3007/@vite/client
[2026-08-02T10:23:36.893Z] [2939] GET http://localhost:3007/src/main.tsx?t=1785666184849
[2026-08-02T10:23:36.903Z] [2940] GET http://localhost:3007/@react-refresh
[2026-08-02T10:23:36.951Z]     ↳ Response: 200 OK
[2026-08-02T10:23:36.967Z] [2941] GET http://localhost:3007/node_modules/.vite/deps/react.js?v=3e7169fe
[2026-08-02T10:23:37.026Z] [2942] GET http://localhost:3007/node_modules/.vite/deps/react-dom_client.js?v=3e7169fe
[2026-08-02T10:23:37.135Z] [2943] GET http://localhost:3007/src/App.tsx?t=1785666184849
[2026-08-02T10:23:37.274Z] [2944] GET http://localhost:3007/src/index.css?t=1785666184849
[2026-08-02T10:23:37.378Z] [2945] GET http://localhost:3007/src/utils/telescopeLogger.ts
[2026-08-02T10:23:37.474Z] [2946] GET http://localhost:3007/node_modules/.vite/deps/react_jsx-dev-runtime.js?v=3e7169fe
[2026-08-02T10:23:37.508Z]     ↳ Response: 200 OK
[2026-08-02T10:23:37.524Z]     ↳ Response: 200 OK
[2026-08-02T10:23:37.529Z]     ↳ Response: 200 OK
[2026-08-02T10:23:37.533Z]     ↳ Response: 200 OK
[2026-08-02T10:23:37.542Z] [2947] GET http://localhost:3007/node_modules/.vite/deps/rolldown-runtime-B-1-B7_t.js?v=3e7169fe
[2026-08-02T10:23:37.548Z] [2948] GET http://localhost:3007/node_modules/vite/dist/client/env.mjs
[2026-08-02T10:23:37.557Z]     ↳ Response: 200 OK
[2026-08-02T10:23:37.566Z]     ↳ Response: 200 OK
[2026-08-02T10:23:37.584Z]     ↳ Response: 200 OK
[2026-08-02T10:23:37.596Z] [2949] GET http://localhost:3007/src/components/Header.tsx
[2026-08-02T10:23:37.607Z] [2950] GET http://localhost:3007/src/components/Navigation.tsx
[2026-08-02T10:23:37.616Z] [2951] GET http://localhost:3007/src/components/OperationalDashboard.tsx
[2026-08-02T10:23:37.629Z] [2952] GET http://localhost:3007/src/components/GuestManagement.tsx
[2026-08-02T10:23:37.642Z] [2953] GET http://localhost:3007/src/components/KitchenManagement.tsx
[2026-08-02T10:23:37.655Z] [2954] GET http://localhost:3007/src/components/InventoryManagement.tsx
[2026-08-02T10:23:37.661Z] [2955] GET http://localhost:3007/src/components/PettyCashManagement.tsx
[2026-08-02T10:23:37.676Z] [2956] GET http://localhost:3007/src/components/CashDrawerManager.tsx
[2026-08-02T10:23:37.679Z] [2957] GET http://localhost:3007/src/components/ExpenseItemsManagement.tsx
[2026-08-02T10:23:37.684Z] [2958] GET http://localhost:3007/src/components/StaffManagement.tsx
[2026-08-02T10:23:37.694Z] [2959] GET http://localhost:3007/src/components/AnalyticsDashboard.tsx
[2026-08-02T10:23:37.698Z] [2960] GET http://localhost:3007/src/components/AuditLogsView.tsx
[2026-08-02T10:23:37.708Z] [2961] GET http://localhost:3007/src/components/DataExportCenter.tsx
[2026-08-02T10:23:37.712Z] [2962] GET http://localhost:3007/src/components/MenuManager.tsx
[2026-08-02T10:23:37.717Z] [2963] GET http://localhost:3007/src/components/MiscChargesManagement.tsx
[2026-08-02T10:23:37.725Z] [2964] GET http://localhost:3007/src/components/ICalSyncManager.tsx
[2026-08-02T10:23:37.729Z] [2965] GET http://localhost:3007/src/components/TelegramNotificationModal.tsx
[2026-08-02T10:23:37.738Z] [2966] GET http://localhost:3007/src/components/DemoDataModal.tsx
[2026-08-02T10:23:37.746Z] [2967] GET http://localhost:3007/src/components/GlobalModal.tsx
[2026-08-02T10:23:37.750Z] [2968] GET http://localhost:3007/src/components/ToastContext.tsx
[2026-08-02T10:23:37.760Z] [2969] GET http://localhost:3007/src/components/LoginModal.tsx
[2026-08-02T10:23:37.763Z] [2970] GET http://localhost:3007/src/contexts/StaffContext.tsx
[2026-08-02T10:23:37.777Z] [2971] GET http://localhost:3007/src/contexts/AuthContext.tsx
[2026-08-02T10:23:37.783Z] [2972] GET http://localhost:3007/src/contexts/FinanceContext.tsx
[2026-08-02T10:23:37.793Z] [2973] GET http://localhost:3007/src/contexts/InventoryContext.tsx
[2026-08-02T10:23:37.800Z] [2974] GET http://localhost:3007/src/contexts/KitchenContext.tsx
[2026-08-02T10:23:37.808Z] [2975] GET http://localhost:3007/src/utils/clientInfo.ts
[2026-08-02T10:23:37.813Z] [2976] GET http://localhost:3007/src/data/appConfig.ts
[2026-08-02T10:23:37.817Z] [2977] GET http://localhost:3007/src/services/themeService.ts
[2026-08-02T10:23:37.826Z] [2978] GET http://localhost:3007/src/services/api.ts
[2026-08-02T10:23:37.843Z] [2979] GET http://localhost:3007/src/contexts/ConfigurationDataContext.tsx
[2026-08-02T10:23:37.849Z] [2980] GET http://localhost:3007/src/contexts/ModulesContext.tsx
[2026-08-02T10:23:37.873Z] [2981] GET http://localhost:3007/src/components/DataLoader.tsx
[2026-08-02T10:23:37.882Z] [2982] GET http://localhost:3007/src/components/LoadingScreen.tsx
[2026-08-02T10:23:37.894Z] [2983] GET http://localhost:3007/src/components/LoginPage.tsx
[2026-08-02T10:23:37.929Z] [2984] GET http://localhost:3007/src/components/PlatformPropertyManagement.tsx?t=1785666184849
[2026-08-02T10:23:37.933Z] [2985] GET http://localhost:3007/src/components/TenantDashboard.tsx
[2026-08-02T10:23:37.936Z] [2986] GET http://localhost:3007/src/components/RootAdminDashboard.tsx?t=1785666184849
[2026-08-02T10:23:37.948Z] [2987] GET http://localhost:3007/src/components/MultiKeyPropertyOverview.tsx
[2026-08-02T10:23:37.957Z]     ↳ Response: 200 OK
[2026-08-02T10:23:37.962Z]     ↳ Response: 200 OK
[2026-08-02T10:23:37.973Z]     ↳ Response: 200 OK
[2026-08-02T10:23:37.992Z]     ↳ Response: 200 OK
[2026-08-02T10:23:38.000Z] [2988] GET http://localhost:3007/node_modules/.vite/deps/lucide-react.js?v=3e7169fe
[2026-08-02T10:23:38.012Z] [2989] GET http://localhost:3007/src/utils/iconResolver.tsx
[2026-08-02T10:23:38.024Z]     ↳ Response: 200 OK
[2026-08-02T10:23:38.048Z]     ↳ Response: 200 OK
[2026-08-02T10:23:38.062Z] [2990] GET http://localhost:3007/node_modules/.vite/deps/react-dom.js?v=3e7169fe
[2026-08-02T10:23:38.094Z]     ↳ Response: 200 OK
[2026-08-02T10:23:38.104Z] [2991] GET http://localhost:3007/node_modules/.vite/deps/html-to-image.js?v=3e7169fe
[2026-08-02T10:23:38.114Z] [2992] GET http://localhost:3007/src/components/DateRangePicker.tsx
[2026-08-02T10:23:38.139Z] [2993] GET http://localhost:3007/src/components/BillingCheckout.tsx
[2026-08-02T10:23:38.172Z]     ↳ Response: 200 OK
[2026-08-02T10:23:38.208Z] [2994] GET http://localhost:3007/src/components/SearchableSelect.tsx
[2026-08-02T10:23:38.243Z] [2995] GET http://localhost:3007/node_modules/.vite/deps/react-data-table-component.js?v=3e7169fe
[2026-08-02T10:23:38.295Z]     ↳ Response: 200 OK
[2026-08-02T10:23:38.313Z]     ↳ Response: 200 OK
[2026-08-02T10:23:38.340Z]     ↳ Response: 200 OK
[2026-08-02T10:23:38.348Z]     ↳ Response: 200 OK
[2026-08-02T10:23:38.357Z]     ↳ Response: 200 OK
[2026-08-02T10:23:38.368Z]     ↳ Response: 200 OK
[2026-08-02T10:23:38.374Z]     ↳ Response: 200 OK
[2026-08-02T10:23:38.391Z]     ↳ Response: 200 OK
[2026-08-02T10:23:38.398Z]     ↳ Response: 200 OK
[2026-08-02T10:23:38.409Z]     ↳ Response: 200 OK
[2026-08-02T10:23:38.426Z] [2996] GET http://localhost:3007/node_modules/.vite/deps/react-apexcharts.js?v=3e7169fe
[2026-08-02T10:23:38.451Z] [2997] GET http://localhost:3007/src/components/NavMenuEditor.tsx
[2026-08-02T10:23:38.516Z]     ↳ Response: 200 OK
[2026-08-02T10:23:38.584Z]     ↳ Response: 200 OK
[2026-08-02T10:23:38.637Z]     ↳ Response: 200 OK
[2026-08-02T10:23:38.676Z]     ↳ Response: 200 OK
[2026-08-02T10:23:38.695Z]     ↳ Response: 200 OK
[2026-08-02T10:23:38.747Z]     ↳ Response: 200 OK
[2026-08-02T10:23:38.798Z]     ↳ Response: 200 OK
[2026-08-02T10:23:38.827Z]     ↳ Response: 200 OK
[2026-08-02T10:23:38.851Z]     ↳ Response: 200 OK
[2026-08-02T10:23:38.867Z]     ↳ Response: 200 OK
[2026-08-02T10:23:38.882Z]     ↳ Response: 200 OK
[2026-08-02T10:23:38.895Z]     ↳ Response: 200 OK
[2026-08-02T10:23:38.913Z]     ↳ Response: 200 OK
[2026-08-02T10:23:38.920Z] [2998] GET http://localhost:3007/src/components/AppearanceSettings.tsx
[2026-08-02T10:23:38.930Z] [2999] GET http://localhost:3007/src/components/DefaultExpensesManager.tsx
[2026-08-02T10:23:38.939Z]     ↳ Response: 200 OK
[2026-08-02T10:23:38.948Z] [3000] GET http://localhost:3007/src/components/TelegramConnectionSettings.tsx
[2026-08-02T10:23:38.960Z]     ↳ Response: 200 OK
[2026-08-02T10:23:38.968Z]     ↳ Response: 200 OK
[2026-08-02T10:23:38.974Z]     ↳ Response: 200 OK
[2026-08-02T10:23:38.985Z]     ↳ Response: 200 OK
[2026-08-02T10:23:38.994Z]     ↳ Response: 200 OK
[2026-08-02T10:23:39.005Z]     ↳ Response: 200 OK
[2026-08-02T10:23:39.010Z]     ↳ Response: 200 OK
[2026-08-02T10:23:39.015Z]     ↳ Response: 200 OK
[2026-08-02T10:23:39.022Z]     ↳ Response: 200 OK
[2026-08-02T10:23:39.027Z]     ↳ Response: 200 OK
[2026-08-02T10:23:39.030Z]     ↳ Response: 200 OK
[2026-08-02T10:23:39.038Z]     ↳ Response: 200 OK
[2026-08-02T10:23:39.043Z]     ↳ Response: 200 OK
[2026-08-02T10:23:39.049Z]     ↳ Response: 200 OK
[2026-08-02T10:23:39.051Z]     ↳ Response: 200 OK
[2026-08-02T10:23:39.055Z]     ↳ Response: 200 OK
[2026-08-02T10:23:39.057Z] [3001] GET http://localhost:3007/src/components/InvalidPropertyPage.tsx
[2026-08-02T10:23:39.075Z]     ↳ Response: 200 OK
[2026-08-02T10:23:39.089Z] [3002] GET http://localhost:3007/src/components/ToggleSwitch.tsx
[2026-08-02T10:23:39.099Z]     ↳ Response: 200 OK
[2026-08-02T10:23:39.108Z]     ↳ Response: 200 OK
[2026-08-02T10:23:39.114Z] [3003] GET http://localhost:3007/src/components/ThemeManagement.tsx
[2026-08-02T10:23:39.121Z] [3004] GET http://localhost:3007/src/components/CustomCSSOverride.tsx
[2026-08-02T10:23:39.128Z]     ↳ Response: 200 OK
[2026-08-02T10:23:39.133Z]     ↳ Response: 200 OK
[2026-08-02T10:23:39.141Z]     ↳ Response: 200 OK
[2026-08-02T10:23:39.147Z]     ↳ Response: 200 OK
[2026-08-02T10:23:39.155Z]     ↳ Response: 200 OK
[2026-08-02T10:23:39.159Z] [3005] GET http://localhost:3007/node_modules/.vite/deps/sortablejs.js?v=3e7169fe
[2026-08-02T10:23:39.172Z]     ↳ Response: 200 OK
[2026-08-02T10:23:39.179Z]     ↳ Response: 200 OK
[2026-08-02T10:23:39.182Z]     ↳ Response: 200 OK
[2026-08-02T10:23:39.190Z]     ↳ Response: 200 OK
[2026-08-02T10:23:39.284Z] [3006] GET http://localhost:3007/icons/favicon-32x32.png
[2026-08-02T10:23:39.287Z] [3007] GET http://localhost:3007/php/api/router.php?action=get_tenant_properties&tenant_id=4
[2026-08-02T10:23:39.292Z] [3008] GET http://localhost:3007/php/api/router.php?action=get_tenant_properties&tenant_id=4
[2026-08-02T10:23:39.296Z]     ↳ Response: 200 OK
[2026-08-02T10:23:39.302Z]     ↳ Response: 200 OK
[2026-08-02T10:23:39.306Z]     ↳ Response: 200 OK
[2026-08-02T10:24:39.280Z] [3009] GET http://localhost:3007/artists_farm/tenant_dashboard/
[2026-08-02T10:24:39.586Z]     ↳ Response: 200 OK
[2026-08-02T10:24:39.606Z] [3010] GET http://localhost:3007/@vite/client
[2026-08-02T10:24:39.616Z] [3011] GET http://localhost:3007/src/main.tsx?t=1785666184849
[2026-08-02T10:24:39.621Z] [3012] GET http://localhost:3007/@react-refresh
[2026-08-02T10:24:39.661Z]     ↳ Response: 200 OK
[2026-08-02T10:24:39.694Z] [3013] GET http://localhost:3007/node_modules/.vite/deps/react.js?v=3e7169fe
[2026-08-02T10:24:39.728Z] [3014] GET http://localhost:3007/node_modules/.vite/deps/react-dom_client.js?v=3e7169fe
[2026-08-02T10:24:39.740Z] [3015] GET http://localhost:3007/src/App.tsx?t=1785666184849
[2026-08-02T10:24:39.771Z] [3016] GET http://localhost:3007/src/index.css?t=1785666184849
[2026-08-02T10:24:39.782Z] [3017] GET http://localhost:3007/src/utils/telescopeLogger.ts
[2026-08-02T10:24:39.826Z] [3018] GET http://localhost:3007/node_modules/.vite/deps/react_jsx-dev-runtime.js?v=3e7169fe
[2026-08-02T10:24:39.841Z]     ↳ Response: 200 OK
[2026-08-02T10:24:39.851Z] [3019] GET http://localhost:3007/node_modules/vite/dist/client/env.mjs
[2026-08-02T10:24:39.892Z]     ↳ Response: 200 OK
[2026-08-02T10:24:39.958Z]     ↳ Response: 200 OK
[2026-08-02T10:24:40.042Z] [3020] GET http://localhost:3007/node_modules/.vite/deps/rolldown-runtime-B-1-B7_t.js?v=3e7169fe
[2026-08-02T10:24:40.095Z]     ↳ Response: 200 OK
[2026-08-02T10:24:40.142Z] [3021] GET http://localhost:3007/src/components/Header.tsx
[2026-08-02T10:24:40.167Z] [3022] GET http://localhost:3007/src/components/Navigation.tsx
[2026-08-02T10:24:40.185Z] [3023] GET http://localhost:3007/src/components/OperationalDashboard.tsx
[2026-08-02T10:24:40.199Z] [3024] GET http://localhost:3007/src/components/GuestManagement.tsx
[2026-08-02T10:24:40.249Z] [3025] GET http://localhost:3007/src/components/KitchenManagement.tsx
[2026-08-02T10:24:40.300Z] [3026] GET http://localhost:3007/src/components/InventoryManagement.tsx
[2026-08-02T10:24:40.347Z] [3027] GET http://localhost:3007/src/components/PettyCashManagement.tsx
[2026-08-02T10:24:40.383Z] [3028] GET http://localhost:3007/src/components/CashDrawerManager.tsx
[2026-08-02T10:24:40.395Z] [3029] GET http://localhost:3007/src/components/ExpenseItemsManagement.tsx
[2026-08-02T10:24:40.408Z] [3030] GET http://localhost:3007/src/components/StaffManagement.tsx
[2026-08-02T10:24:40.416Z] [3031] GET http://localhost:3007/src/components/AnalyticsDashboard.tsx
[2026-08-02T10:24:40.436Z] [3032] GET http://localhost:3007/src/components/AuditLogsView.tsx
[2026-08-02T10:24:40.493Z] [3033] GET http://localhost:3007/src/components/DataExportCenter.tsx
[2026-08-02T10:24:40.533Z] [3034] GET http://localhost:3007/src/components/MenuManager.tsx
[2026-08-02T10:24:40.626Z] [3035] GET http://localhost:3007/src/components/MiscChargesManagement.tsx
[2026-08-02T10:24:40.648Z] [3036] GET http://localhost:3007/src/components/ICalSyncManager.tsx
[2026-08-02T10:24:40.667Z] [3037] GET http://localhost:3007/src/components/TelegramNotificationModal.tsx
[2026-08-02T10:24:40.685Z] [3038] GET http://localhost:3007/src/components/DemoDataModal.tsx
[2026-08-02T10:24:40.710Z] [3039] GET http://localhost:3007/src/components/GlobalModal.tsx
[2026-08-02T10:24:40.734Z] [3040] GET http://localhost:3007/src/components/ToastContext.tsx
[2026-08-02T10:24:40.767Z] [3041] GET http://localhost:3007/src/components/LoginModal.tsx
[2026-08-02T10:24:40.800Z] [3042] GET http://localhost:3007/src/contexts/StaffContext.tsx
[2026-08-02T10:24:40.820Z] [3043] GET http://localhost:3007/src/contexts/AuthContext.tsx
[2026-08-02T10:24:40.838Z] [3044] GET http://localhost:3007/src/contexts/FinanceContext.tsx
[2026-08-02T10:24:40.876Z] [3045] GET http://localhost:3007/src/contexts/InventoryContext.tsx
[2026-08-02T10:24:40.897Z] [3046] GET http://localhost:3007/src/contexts/KitchenContext.tsx
[2026-08-02T10:24:40.916Z] [3047] GET http://localhost:3007/src/utils/clientInfo.ts
[2026-08-02T10:24:40.920Z] [3048] GET http://localhost:3007/src/data/appConfig.ts
[2026-08-02T10:24:40.928Z] [3049] GET http://localhost:3007/src/services/themeService.ts
[2026-08-02T10:24:40.938Z] [3050] GET http://localhost:3007/src/services/api.ts
[2026-08-02T10:24:40.950Z] [3051] GET http://localhost:3007/src/contexts/ConfigurationDataContext.tsx
[2026-08-02T10:24:40.952Z] [3052] GET http://localhost:3007/src/contexts/ModulesContext.tsx
[2026-08-02T10:24:40.956Z] [3053] GET http://localhost:3007/src/components/DataLoader.tsx
[2026-08-02T10:24:40.965Z] [3054] GET http://localhost:3007/src/components/LoadingScreen.tsx
[2026-08-02T10:24:40.968Z] [3055] GET http://localhost:3007/src/components/LoginPage.tsx
[2026-08-02T10:24:40.994Z] [3056] GET http://localhost:3007/src/components/PlatformPropertyManagement.tsx?t=1785666184849
[2026-08-02T10:24:41.024Z] [3057] GET http://localhost:3007/src/components/TenantDashboard.tsx
[2026-08-02T10:24:41.050Z] [3058] GET http://localhost:3007/src/components/RootAdminDashboard.tsx?t=1785666184849
[2026-08-02T10:24:41.069Z] [3059] GET http://localhost:3007/src/components/MultiKeyPropertyOverview.tsx
[2026-08-02T10:24:41.087Z]     ↳ Response: 200 OK
[2026-08-02T10:24:41.109Z]     ↳ Response: 200 OK
[2026-08-02T10:24:41.135Z]     ↳ Response: 200 OK
[2026-08-02T10:24:41.152Z]     ↳ Response: 200 OK
[2026-08-02T10:24:41.190Z]     ↳ Response: 200 OK
[2026-08-02T10:24:41.220Z]     ↳ Response: 200 OK
[2026-08-02T10:24:41.231Z] [3060] GET http://localhost:3007/node_modules/.vite/deps/lucide-react.js?v=3e7169fe
[2026-08-02T10:24:41.249Z]     ↳ Response: 200 OK
[2026-08-02T10:24:41.261Z]     ↳ Response: 200 OK
[2026-08-02T10:24:41.320Z] [3061] GET http://localhost:3007/src/utils/iconResolver.tsx
[2026-08-02T10:24:41.390Z]     ↳ Response: 200 OK
[2026-08-02T10:24:41.510Z] [3062] GET http://localhost:3007/node_modules/.vite/deps/html-to-image.js?v=3e7169fe
[2026-08-02T10:24:41.584Z] [3063] GET http://localhost:3007/src/components/DateRangePicker.tsx
[2026-08-02T10:24:41.594Z] [3064] GET http://localhost:3007/src/components/BillingCheckout.tsx
[2026-08-02T10:24:41.633Z]     ↳ Response: 200 OK
[2026-08-02T10:24:41.640Z] [3065] GET http://localhost:3007/node_modules/.vite/deps/react-dom.js?v=3e7169fe
[2026-08-02T10:24:41.649Z]     ↳ Response: 200 OK
[2026-08-02T10:24:41.657Z] [3066] GET http://localhost:3007/src/components/SearchableSelect.tsx
[2026-08-02T10:24:41.731Z] [3067] GET http://localhost:3007/node_modules/.vite/deps/react-data-table-component.js?v=3e7169fe
[2026-08-02T10:24:41.780Z]     ↳ Response: 200 OK
[2026-08-02T10:24:41.800Z]     ↳ Response: 200 OK
[2026-08-02T10:24:41.818Z]     ↳ Response: 200 OK
[2026-08-02T10:24:41.829Z]     ↳ Response: 200 OK
[2026-08-02T10:24:41.874Z]     ↳ Response: 200 OK
[2026-08-02T10:24:41.924Z]     ↳ Response: 200 OK
[2026-08-02T10:24:41.957Z] [3068] GET http://localhost:3007/node_modules/.vite/deps/react-apexcharts.js?v=3e7169fe
[2026-08-02T10:24:41.987Z]     ↳ Response: 200 OK
[2026-08-02T10:24:42.005Z] [3069] GET http://localhost:3007/src/components/NavMenuEditor.tsx
[2026-08-02T10:24:42.037Z]     ↳ Response: 200 OK
[2026-08-02T10:24:42.058Z]     ↳ Response: 200 OK
[2026-08-02T10:24:42.072Z]     ↳ Response: 200 OK
[2026-08-02T10:24:42.087Z]     ↳ Response: 200 OK
[2026-08-02T10:24:42.095Z]     ↳ Response: 200 OK
[2026-08-02T10:24:42.112Z] [3070] GET http://localhost:3007/src/components/TelegramConnectionSettings.tsx
[2026-08-02T10:24:42.125Z]     ↳ Response: 200 OK
[2026-08-02T10:24:42.136Z]     ↳ Response: 200 OK
[2026-08-02T10:24:42.142Z]     ↳ Response: 200 OK
[2026-08-02T10:24:42.144Z]     ↳ Response: 200 OK
[2026-08-02T10:24:42.155Z]     ↳ Response: 200 OK
[2026-08-02T10:24:42.157Z]     ↳ Response: 200 OK
[2026-08-02T10:24:42.167Z]     ↳ Response: 200 OK
[2026-08-02T10:24:42.175Z]     ↳ Response: 200 OK
[2026-08-02T10:24:42.183Z]     ↳ Response: 200 OK
[2026-08-02T10:24:42.188Z]     ↳ Response: 200 OK
[2026-08-02T10:24:42.191Z]     ↳ Response: 200 OK
[2026-08-02T10:24:42.221Z]     ↳ Response: 200 OK
[2026-08-02T10:24:42.228Z]     ↳ Response: 200 OK
[2026-08-02T10:24:42.243Z]     ↳ Response: 200 OK
[2026-08-02T10:24:42.245Z]     ↳ Response: 200 OK
[2026-08-02T10:24:42.255Z]     ↳ Response: 200 OK
[2026-08-02T10:24:42.268Z]     ↳ Response: 200 OK
[2026-08-02T10:24:42.283Z] [3071] GET http://localhost:3007/src/components/InvalidPropertyPage.tsx
[2026-08-02T10:24:42.302Z]     ↳ Response: 200 OK
[2026-08-02T10:24:42.316Z]     ↳ Response: 200 OK
[2026-08-02T10:24:42.333Z]     ↳ Response: 200 OK
[2026-08-02T10:24:42.350Z]     ↳ Response: 200 OK
[2026-08-02T10:24:42.363Z] [3072] GET http://localhost:3007/src/components/AppearanceSettings.tsx
[2026-08-02T10:24:42.377Z] [3073] GET http://localhost:3007/src/components/DefaultExpensesManager.tsx
[2026-08-02T10:24:42.386Z]     ↳ Response: 200 OK
[2026-08-02T10:24:42.391Z] [3074] GET http://localhost:3007/src/components/ToggleSwitch.tsx
[2026-08-02T10:24:42.399Z]     ↳ Response: 200 OK
[2026-08-02T10:24:42.411Z]     ↳ Response: 200 OK
[2026-08-02T10:24:42.420Z]     ↳ Response: 200 OK
[2026-08-02T10:24:42.425Z]     ↳ Response: 200 OK
[2026-08-02T10:24:42.433Z]     ↳ Response: 200 OK
[2026-08-02T10:24:42.439Z]     ↳ Response: 200 OK
[2026-08-02T10:24:42.443Z]     ↳ Response: 200 OK
[2026-08-02T10:24:42.452Z]     ↳ Response: 200 OK
[2026-08-02T10:24:42.460Z]     ↳ Response: 200 OK
[2026-08-02T10:24:42.468Z]     ↳ Response: 200 OK
[2026-08-02T10:24:42.472Z]     ↳ Response: 200 OK
[2026-08-02T10:24:42.477Z]     ↳ Response: 200 OK
[2026-08-02T10:24:42.486Z] [3075] GET http://localhost:3007/src/components/ThemeManagement.tsx
[2026-08-02T10:24:42.493Z] [3076] GET http://localhost:3007/src/components/CustomCSSOverride.tsx
[2026-08-02T10:24:42.500Z]     ↳ Response: 200 OK
[2026-08-02T10:24:42.506Z] [3077] GET http://localhost:3007/node_modules/.vite/deps/sortablejs.js?v=3e7169fe
[2026-08-02T10:24:42.510Z]     ↳ Response: 200 OK
[2026-08-02T10:24:42.524Z]     ↳ Response: 200 OK
[2026-08-02T10:24:42.536Z]     ↳ Response: 200 OK
[2026-08-02T10:24:42.559Z]     ↳ Response: 200 OK
[2026-08-02T10:24:42.606Z]     ↳ Response: 200 OK
[2026-08-02T10:24:42.925Z] [3078] GET http://localhost:3007/icons/favicon-32x32.png
[2026-08-02T10:24:42.970Z] [3079] GET http://localhost:3007/php/api/router.php?action=get_tenant_properties&tenant_id=4
[2026-08-02T10:24:43.011Z] [3080] GET http://localhost:3007/php/api/router.php?action=get_tenant_properties&tenant_id=4
[2026-08-02T10:24:43.051Z]     ↳ Response: 200 OK
[2026-08-02T10:24:43.135Z]     ↳ Response: 200 OK
[2026-08-02T10:24:43.239Z]     ↳ Response: 200 OK
[2026-08-02T10:24:43.349Z] [3081] GET http://localhost:3007/artists_farm/tenant_dashboard/
[2026-08-02T10:24:43.393Z]     ↳ Response: 200 OK
[2026-08-02T10:24:43.463Z] [3082] GET http://localhost:3007/@vite/client
[2026-08-02T10:24:43.536Z] [3083] GET http://localhost:3007/src/main.tsx?t=1785666184849
[2026-08-02T10:24:43.581Z] [3084] GET http://localhost:3007/@react-refresh
[2026-08-02T10:24:43.605Z]     ↳ Response: 200 OK
[2026-08-02T10:24:43.627Z] [3085] GET http://localhost:3007/node_modules/vite/dist/client/env.mjs
[2026-08-02T10:24:43.654Z]     ↳ Response: 200 OK
[2026-08-02T10:24:43.678Z] [3086] GET http://localhost:3007/node_modules/.vite/deps/react.js?v=3e7169fe
[2026-08-02T10:24:43.692Z] [3087] GET http://localhost:3007/node_modules/.vite/deps/react-dom_client.js?v=3e7169fe
[2026-08-02T10:24:43.774Z] [3088] GET http://localhost:3007/src/App.tsx?t=1785666184849
[2026-08-02T10:24:43.869Z] [3089] GET http://localhost:3007/src/index.css?t=1785666184849
[2026-08-02T10:24:43.909Z] [3090] GET http://localhost:3007/src/utils/telescopeLogger.ts
[2026-08-02T10:24:43.920Z] [3091] GET http://localhost:3007/node_modules/.vite/deps/react_jsx-dev-runtime.js?v=3e7169fe
[2026-08-02T10:24:43.929Z]     ↳ Response: 200 OK
[2026-08-02T10:24:43.950Z]     ↳ Response: 200 OK
[2026-08-02T10:24:43.994Z]     ↳ Response: 200 OK
[2026-08-02T10:24:44.024Z] [3092] GET http://localhost:3007/node_modules/.vite/deps/rolldown-runtime-B-1-B7_t.js?v=3e7169fe
[2026-08-02T10:24:44.034Z]     ↳ Response: 200 OK
[2026-08-02T10:24:44.053Z]     ↳ Response: 200 OK
[2026-08-02T10:24:44.065Z]     ↳ Response: 200 OK
[2026-08-02T10:24:44.076Z] [3093] GET http://localhost:3007/src/components/Header.tsx
[2026-08-02T10:24:44.100Z] [3094] GET http://localhost:3007/src/components/Navigation.tsx
[2026-08-02T10:24:44.116Z] [3095] GET http://localhost:3007/src/components/OperationalDashboard.tsx
[2026-08-02T10:24:44.128Z] [3096] GET http://localhost:3007/src/components/GuestManagement.tsx
[2026-08-02T10:24:44.141Z] [3097] GET http://localhost:3007/src/components/KitchenManagement.tsx
[2026-08-02T10:24:44.153Z] [3098] GET http://localhost:3007/src/components/InventoryManagement.tsx
[2026-08-02T10:24:44.160Z] [3099] GET http://localhost:3007/src/components/PettyCashManagement.tsx
[2026-08-02T10:24:44.172Z] [3100] GET http://localhost:3007/src/components/CashDrawerManager.tsx
[2026-08-02T10:24:44.186Z] [3101] GET http://localhost:3007/src/components/ExpenseItemsManagement.tsx
[2026-08-02T10:24:44.195Z] [3102] GET http://localhost:3007/src/components/StaffManagement.tsx
[2026-08-02T10:24:44.228Z] [3103] GET http://localhost:3007/src/components/AnalyticsDashboard.tsx
[2026-08-02T10:24:44.242Z] [3104] GET http://localhost:3007/src/components/AuditLogsView.tsx
[2026-08-02T10:24:44.261Z] [3105] GET http://localhost:3007/src/components/DataExportCenter.tsx
[2026-08-02T10:24:44.287Z] [3106] GET http://localhost:3007/src/components/MenuManager.tsx
[2026-08-02T10:24:44.303Z] [3107] GET http://localhost:3007/src/components/MiscChargesManagement.tsx
[2026-08-02T10:24:44.316Z] [3108] GET http://localhost:3007/src/components/ICalSyncManager.tsx
[2026-08-02T10:24:44.323Z] [3109] GET http://localhost:3007/src/components/TelegramNotificationModal.tsx
[2026-08-02T10:24:44.336Z] [3110] GET http://localhost:3007/src/components/DemoDataModal.tsx
[2026-08-02T10:24:44.361Z] [3111] GET http://localhost:3007/src/components/GlobalModal.tsx
[2026-08-02T10:24:44.426Z] [3112] GET http://localhost:3007/src/components/ToastContext.tsx
[2026-08-02T10:24:44.477Z] [3113] GET http://localhost:3007/src/components/LoginModal.tsx
[2026-08-02T10:24:44.500Z] [3114] GET http://localhost:3007/src/contexts/StaffContext.tsx
[2026-08-02T10:24:44.540Z] [3115] GET http://localhost:3007/src/contexts/AuthContext.tsx
[2026-08-02T10:24:44.589Z] [3116] GET http://localhost:3007/src/contexts/FinanceContext.tsx
[2026-08-02T10:24:44.670Z] [3117] GET http://localhost:3007/src/contexts/InventoryContext.tsx
[2026-08-02T10:24:44.725Z] [3118] GET http://localhost:3007/src/contexts/KitchenContext.tsx
[2026-08-02T10:24:44.802Z] [3119] GET http://localhost:3007/src/utils/clientInfo.ts
[2026-08-02T10:24:44.850Z] [3120] GET http://localhost:3007/src/data/appConfig.ts
[2026-08-02T10:24:44.911Z] [3121] GET http://localhost:3007/src/services/themeService.ts
[2026-08-02T10:24:44.945Z] [3122] GET http://localhost:3007/src/services/api.ts
[2026-08-02T10:24:44.966Z] [3123] GET http://localhost:3007/src/contexts/ConfigurationDataContext.tsx
[2026-08-02T10:24:45.017Z] [3124] GET http://localhost:3007/src/contexts/ModulesContext.tsx
[2026-08-02T10:24:45.048Z] [3125] GET http://localhost:3007/src/components/DataLoader.tsx
[2026-08-02T10:24:45.091Z] [3126] GET http://localhost:3007/src/components/LoadingScreen.tsx
[2026-08-02T10:24:45.123Z] [3127] GET http://localhost:3007/src/components/LoginPage.tsx
[2026-08-02T10:24:45.143Z] [3128] GET http://localhost:3007/src/components/PlatformPropertyManagement.tsx?t=1785666184849
[2026-08-02T10:24:45.158Z] [3129] GET http://localhost:3007/src/components/TenantDashboard.tsx
[2026-08-02T10:24:45.168Z] [3130] GET http://localhost:3007/src/components/RootAdminDashboard.tsx?t=1785666184849
[2026-08-02T10:24:45.188Z] [3131] GET http://localhost:3007/src/components/MultiKeyPropertyOverview.tsx
[2026-08-02T10:24:45.207Z]     ↳ Response: 200 OK
[2026-08-02T10:24:45.238Z]     ↳ Response: 200 OK
[2026-08-02T10:24:45.244Z]     ↳ Response: 200 OK
[2026-08-02T10:24:45.251Z]     ↳ Response: 200 OK
[2026-08-02T10:24:45.257Z]     ↳ Response: 200 OK
[2026-08-02T10:24:45.267Z] [3132] GET http://localhost:3007/src/utils/iconResolver.tsx
[2026-08-02T10:24:45.274Z] [3133] GET http://localhost:3007/node_modules/.vite/deps/lucide-react.js?v=3e7169fe
[2026-08-02T10:24:45.282Z]     ↳ Response: 200 OK
[2026-08-02T10:24:45.289Z]     ↳ Response: 200 OK
[2026-08-02T10:24:45.294Z] [3134] GET http://localhost:3007/node_modules/.vite/deps/html-to-image.js?v=3e7169fe
[2026-08-02T10:24:45.300Z] [3135] GET http://localhost:3007/src/components/DateRangePicker.tsx
[2026-08-02T10:24:45.305Z] [3136] GET http://localhost:3007/src/components/BillingCheckout.tsx
[2026-08-02T10:24:45.308Z]     ↳ Response: 200 OK
[2026-08-02T10:24:45.318Z]     ↳ Response: 200 OK
[2026-08-02T10:24:45.322Z]     ↳ Response: 200 OK
[2026-08-02T10:24:45.334Z]     ↳ Response: 200 OK
[2026-08-02T10:24:45.342Z]     ↳ Response: 200 OK
[2026-08-02T10:24:45.349Z]     ↳ Response: 200 OK
[2026-08-02T10:24:45.353Z] [3137] GET http://localhost:3007/src/components/SearchableSelect.tsx
[2026-08-02T10:24:45.360Z] [3138] GET http://localhost:3007/node_modules/.vite/deps/react-data-table-component.js?v=3e7169fe
[2026-08-02T10:24:45.369Z] [3139] GET http://localhost:3007/node_modules/.vite/deps/react-apexcharts.js?v=3e7169fe
[2026-08-02T10:24:45.374Z]     ↳ Response: 200 OK
[2026-08-02T10:24:45.379Z]     ↳ Response: 200 OK
[2026-08-02T10:24:45.388Z] [3140] GET http://localhost:3007/node_modules/.vite/deps/react-dom.js?v=3e7169fe
[2026-08-02T10:24:45.395Z]     ↳ Response: 200 OK
[2026-08-02T10:24:45.402Z]     ↳ Response: 200 OK
[2026-08-02T10:24:45.409Z]     ↳ Response: 200 OK
[2026-08-02T10:24:45.413Z]     ↳ Response: 200 OK
[2026-08-02T10:24:45.490Z]     ↳ Response: 200 OK
[2026-08-02T10:24:45.574Z]     ↳ Response: 200 OK
[2026-08-02T10:24:45.617Z]     ↳ Response: 200 OK
[2026-08-02T10:24:45.640Z] [3141] GET http://localhost:3007/src/components/NavMenuEditor.tsx
[2026-08-02T10:24:45.719Z]     ↳ Response: 200 OK
[2026-08-02T10:24:45.757Z] [3142] GET http://localhost:3007/src/components/TelegramConnectionSettings.tsx
[2026-08-02T10:24:45.790Z]     ↳ Response: 200 OK
[2026-08-02T10:24:45.841Z]     ↳ Response: 200 OK
[2026-08-02T10:24:45.887Z]     ↳ Response: 200 OK
[2026-08-02T10:24:45.920Z]     ↳ Response: 200 OK
[2026-08-02T10:24:45.927Z]     ↳ Response: 200 OK
[2026-08-02T10:24:45.941Z]     ↳ Response: 200 OK
[2026-08-02T10:24:45.948Z]     ↳ Response: 200 OK
[2026-08-02T10:24:45.957Z]     ↳ Response: 200 OK
[2026-08-02T10:24:45.960Z]     ↳ Response: 200 OK
[2026-08-02T10:24:45.973Z]     ↳ Response: 200 OK
[2026-08-02T10:24:45.985Z]     ↳ Response: 200 OK
[2026-08-02T10:24:45.996Z]     ↳ Response: 200 OK
[2026-08-02T10:24:46.005Z]     ↳ Response: 200 OK
[2026-08-02T10:24:46.008Z] [3143] GET http://localhost:3007/src/components/InvalidPropertyPage.tsx
[2026-08-02T10:24:46.012Z]     ↳ Response: 200 OK
[2026-08-02T10:24:46.030Z]     ↳ Response: 200 OK
[2026-08-02T10:24:46.061Z]     ↳ Response: 200 OK
[2026-08-02T10:24:46.119Z]     ↳ Response: 200 OK
[2026-08-02T10:24:46.158Z]     ↳ Response: 200 OK
[2026-08-02T10:24:46.178Z]     ↳ Response: 200 OK
[2026-08-02T10:24:46.226Z] [3144] GET http://localhost:3007/src/components/AppearanceSettings.tsx
[2026-08-02T10:24:46.400Z] [3145] GET http://localhost:3007/src/components/DefaultExpensesManager.tsx
[2026-08-02T10:24:46.466Z]     ↳ Response: 200 OK
[2026-08-02T10:24:46.518Z] [3146] GET http://localhost:3007/src/components/ToggleSwitch.tsx
[2026-08-02T10:24:46.640Z]     ↳ Response: 200 OK
[2026-08-02T10:24:46.737Z]     ↳ Response: 200 OK
[2026-08-02T10:24:46.758Z]     ↳ Response: 200 OK
[2026-08-02T10:24:46.789Z]     ↳ Response: 200 OK
[2026-08-02T10:24:46.817Z]     ↳ Response: 200 OK
[2026-08-02T10:24:46.871Z]     ↳ Response: 200 OK
[2026-08-02T10:24:46.894Z]     ↳ Response: 200 OK
[2026-08-02T10:24:46.904Z]     ↳ Response: 200 OK
[2026-08-02T10:24:46.922Z]     ↳ Response: 200 OK
[2026-08-02T10:24:46.940Z]     ↳ Response: 200 OK
[2026-08-02T10:24:46.963Z] [3147] GET http://localhost:3007/node_modules/.vite/deps/sortablejs.js?v=3e7169fe
[2026-08-02T10:24:47.029Z]     ↳ Response: 200 OK
[2026-08-02T10:24:47.064Z] [3148] GET http://localhost:3007/src/components/ThemeManagement.tsx
[2026-08-02T10:24:47.098Z] [3149] GET http://localhost:3007/src/components/CustomCSSOverride.tsx
[2026-08-02T10:24:47.119Z]     ↳ Response: 200 OK
[2026-08-02T10:24:47.137Z]     ↳ Response: 200 OK
[2026-08-02T10:24:47.153Z]     ↳ Response: 200 OK
[2026-08-02T10:24:47.166Z]     ↳ Response: 200 OK
[2026-08-02T10:24:47.172Z]     ↳ Response: 200 OK
[2026-08-02T10:24:47.181Z]     ↳ Response: 200 OK
[2026-08-02T10:24:47.314Z] [3150] GET http://localhost:3007/icons/favicon-32x32.png
[2026-08-02T10:24:47.332Z] [3151] GET http://localhost:3007/php/api/router.php?action=get_tenant_properties&tenant_id=4
[2026-08-02T10:24:47.336Z] [3152] GET http://localhost:3007/php/api/router.php?action=get_tenant_properties&tenant_id=4
[2026-08-02T10:24:47.345Z]     ↳ Response: 200 OK
[2026-08-02T10:24:47.357Z]     ↳ Response: 200 OK
[2026-08-02T10:24:47.360Z]     ↳ Response: 200 OK
[2026-08-02T10:25:20.007Z] [3153] GET http://localhost:3007/src/index.css?t=1785666319966
[2026-08-02T10:25:20.008Z] [3154] GET http://localhost:3007/src/components/PlatformPropertyManagement.tsx?t=1785666319966
[2026-08-02T10:25:20.576Z]     ↳ Response: 200 OK
[2026-08-02T10:25:20.589Z]     ↳ Response: 200 OK
[2026-08-02T10:25:25.867Z] [3155] GET http://localhost:3007/src/index.css?t=1785666325829
[2026-08-02T10:25:25.868Z] [3156] GET http://localhost:3007/src/components/PlatformPropertyManagement.tsx?t=1785666325829
[2026-08-02T10:25:26.201Z]     ↳ Response: 200 OK
[2026-08-02T10:25:26.203Z]     ↳ Response: 200 OK
[2026-08-02T10:25:42.563Z] [3157] GET http://localhost:3007/artists_farm/tenant_dashboard/
[2026-08-02T10:25:42.591Z]     ↳ Response: 200 OK
[2026-08-02T10:25:42.621Z] [3158] GET http://localhost:3007/@vite/client
[2026-08-02T10:25:42.630Z] [3159] GET http://localhost:3007/src/main.tsx?t=1785666325829
[2026-08-02T10:25:42.635Z] [3160] GET http://localhost:3007/@react-refresh
[2026-08-02T10:25:42.650Z]     ↳ Response: 200 OK
[2026-08-02T10:25:42.658Z] [3161] GET http://localhost:3007/node_modules/.vite/deps/react.js?v=3e7169fe
[2026-08-02T10:25:42.665Z] [3162] GET http://localhost:3007/node_modules/.vite/deps/react-dom_client.js?v=3e7169fe
[2026-08-02T10:25:42.666Z] [3163] GET http://localhost:3007/src/App.tsx?t=1785666325829
[2026-08-02T10:25:42.684Z] [3164] GET http://localhost:3007/src/index.css?t=1785666325829
[2026-08-02T10:25:42.700Z] [3165] GET http://localhost:3007/src/utils/telescopeLogger.ts
[2026-08-02T10:25:42.717Z] [3166] GET http://localhost:3007/node_modules/.vite/deps/react_jsx-dev-runtime.js?v=3e7169fe
[2026-08-02T10:25:42.751Z]     ↳ Response: 200 OK
[2026-08-02T10:25:42.857Z] [3167] GET http://localhost:3007/node_modules/.vite/deps/rolldown-runtime-B-1-B7_t.js?v=3e7169fe
[2026-08-02T10:25:42.930Z]     ↳ Response: 200 OK
[2026-08-02T10:25:43.029Z]     ↳ Response: 200 OK
[2026-08-02T10:25:43.094Z]     ↳ Response: 200 OK
[2026-08-02T10:25:43.174Z] [3168] GET http://localhost:3007/node_modules/vite/dist/client/env.mjs
[2026-08-02T10:25:43.214Z]     ↳ Response: 200 OK
[2026-08-02T10:25:43.249Z]     ↳ Response: 200 OK
[2026-08-02T10:25:43.305Z] [3169] GET http://localhost:3007/src/components/Header.tsx
[2026-08-02T10:25:43.326Z] [3170] GET http://localhost:3007/src/components/Navigation.tsx
[2026-08-02T10:25:43.332Z] [3171] GET http://localhost:3007/src/components/OperationalDashboard.tsx
[2026-08-02T10:25:43.340Z] [3172] GET http://localhost:3007/src/components/GuestManagement.tsx
[2026-08-02T10:25:43.358Z] [3173] GET http://localhost:3007/src/components/KitchenManagement.tsx
[2026-08-02T10:25:43.362Z] [3174] GET http://localhost:3007/src/components/InventoryManagement.tsx
[2026-08-02T10:25:43.385Z] [3175] GET http://localhost:3007/src/components/PettyCashManagement.tsx
[2026-08-02T10:25:43.398Z] [3176] GET http://localhost:3007/src/components/CashDrawerManager.tsx
[2026-08-02T10:25:43.409Z] [3177] GET http://localhost:3007/src/components/ExpenseItemsManagement.tsx
[2026-08-02T10:25:43.422Z] [3178] GET http://localhost:3007/src/components/StaffManagement.tsx
[2026-08-02T10:25:43.431Z] [3179] GET http://localhost:3007/src/components/AnalyticsDashboard.tsx
[2026-08-02T10:25:43.440Z] [3180] GET http://localhost:3007/src/components/AuditLogsView.tsx
[2026-08-02T10:25:43.449Z] [3181] GET http://localhost:3007/src/components/DataExportCenter.tsx
[2026-08-02T10:25:43.457Z] [3182] GET http://localhost:3007/src/components/MenuManager.tsx
[2026-08-02T10:25:43.468Z] [3183] GET http://localhost:3007/src/components/MiscChargesManagement.tsx
[2026-08-02T10:25:43.528Z] [3184] GET http://localhost:3007/src/components/ICalSyncManager.tsx
[2026-08-02T10:25:43.542Z] [3185] GET http://localhost:3007/src/components/TelegramNotificationModal.tsx
[2026-08-02T10:25:43.562Z] [3186] GET http://localhost:3007/src/components/DemoDataModal.tsx
[2026-08-02T10:25:43.581Z] [3187] GET http://localhost:3007/src/components/GlobalModal.tsx
[2026-08-02T10:25:43.612Z] [3188] GET http://localhost:3007/src/components/ToastContext.tsx
[2026-08-02T10:25:43.620Z] [3189] GET http://localhost:3007/src/components/LoginModal.tsx
[2026-08-02T10:25:43.629Z] [3190] GET http://localhost:3007/src/contexts/StaffContext.tsx
[2026-08-02T10:25:43.640Z] [3191] GET http://localhost:3007/src/contexts/AuthContext.tsx
[2026-08-02T10:25:43.650Z] [3192] GET http://localhost:3007/src/contexts/FinanceContext.tsx
[2026-08-02T10:25:43.660Z] [3193] GET http://localhost:3007/src/contexts/InventoryContext.tsx
[2026-08-02T10:25:43.721Z] [3194] GET http://localhost:3007/src/contexts/KitchenContext.tsx
[2026-08-02T10:25:43.748Z] [3195] GET http://localhost:3007/src/utils/clientInfo.ts
[2026-08-02T10:25:43.763Z] [3196] GET http://localhost:3007/src/data/appConfig.ts
[2026-08-02T10:25:43.774Z] [3197] GET http://localhost:3007/src/services/themeService.ts
[2026-08-02T10:25:43.782Z] [3198] GET http://localhost:3007/src/services/api.ts
[2026-08-02T10:25:43.786Z] [3199] GET http://localhost:3007/src/contexts/ConfigurationDataContext.tsx
[2026-08-02T10:25:43.799Z] [3200] GET http://localhost:3007/src/contexts/ModulesContext.tsx
[2026-08-02T10:25:43.805Z] [3201] GET http://localhost:3007/src/components/DataLoader.tsx
[2026-08-02T10:25:43.932Z] [3202] GET http://localhost:3007/src/components/LoadingScreen.tsx
[2026-08-02T10:25:44.091Z] [3203] GET http://localhost:3007/src/components/LoginPage.tsx
[2026-08-02T10:25:44.251Z] [3204] GET http://localhost:3007/src/components/PlatformPropertyManagement.tsx?t=1785666325829
[2026-08-02T10:25:44.313Z] [3205] GET http://localhost:3007/src/components/TenantDashboard.tsx
[2026-08-02T10:25:44.372Z] [3206] GET http://localhost:3007/src/components/RootAdminDashboard.tsx?t=1785666325829
[2026-08-02T10:25:44.413Z] [3207] GET http://localhost:3007/src/components/MultiKeyPropertyOverview.tsx
[2026-08-02T10:25:44.451Z]     ↳ Response: 304 Not Modified
[2026-08-02T10:25:44.478Z]     ↳ Response: 200 OK
[2026-08-02T10:25:44.492Z]     ↳ Response: 200 OK
[2026-08-02T10:25:44.514Z]     ↳ Response: 200 OK
[2026-08-02T10:25:44.525Z]     ↳ Response: 200 OK
[2026-08-02T10:25:44.529Z] [3208] GET http://localhost:3007/node_modules/.vite/deps/lucide-react.js?v=3e7169fe
[2026-08-02T10:25:44.533Z] [3209] GET http://localhost:3007/src/components/AppearanceSettings.tsx
[2026-08-02T10:25:44.543Z] [3210] GET http://localhost:3007/src/components/NavMenuEditor.tsx
[2026-08-02T10:25:44.545Z] [3211] GET http://localhost:3007/src/components/DefaultExpensesManager.tsx
[2026-08-02T10:25:44.550Z]     ↳ Response: 200 OK
[2026-08-02T10:25:44.563Z] [3212] GET http://localhost:3007/src/utils/iconResolver.tsx
[2026-08-02T10:25:44.569Z]     ↳ Response: 200 OK
[2026-08-02T10:25:44.575Z]     ↳ Response: 200 OK
[2026-08-02T10:25:44.579Z] [3213] GET http://localhost:3007/node_modules/.vite/deps/html-to-image.js?v=3e7169fe
[2026-08-02T10:25:44.584Z] [3214] GET http://localhost:3007/src/components/DateRangePicker.tsx
[2026-08-02T10:25:44.597Z] [3215] GET http://localhost:3007/src/components/BillingCheckout.tsx
[2026-08-02T10:25:44.607Z]     ↳ Response: 200 OK
[2026-08-02T10:25:44.615Z] [3216] GET http://localhost:3007/node_modules/.vite/deps/react-dom.js?v=3e7169fe
[2026-08-02T10:25:44.626Z]     ↳ Response: 200 OK
[2026-08-02T10:25:44.646Z] [3217] GET http://localhost:3007/node_modules/.vite/deps/react-data-table-component.js?v=3e7169fe
[2026-08-02T10:25:44.657Z]     ↳ Response: 200 OK
[2026-08-02T10:25:44.663Z]     ↳ Response: 200 OK
[2026-08-02T10:25:44.667Z]     ↳ Response: 200 OK
[2026-08-02T10:25:44.675Z] [3218] GET http://localhost:3007/src/components/SearchableSelect.tsx
[2026-08-02T10:25:44.684Z]     ↳ Response: 200 OK
[2026-08-02T10:25:44.688Z]     ↳ Response: 200 OK
[2026-08-02T10:25:44.691Z]     ↳ Response: 200 OK
[2026-08-02T10:25:44.699Z]     ↳ Response: 200 OK
[2026-08-02T10:25:44.703Z] [3219] GET http://localhost:3007/node_modules/.vite/deps/react-apexcharts.js?v=3e7169fe
[2026-08-02T10:25:44.705Z]     ↳ Response: 200 OK
[2026-08-02T10:25:44.717Z]     ↳ Response: 200 OK
[2026-08-02T10:25:44.724Z]     ↳ Response: 200 OK
[2026-08-02T10:25:44.779Z]     ↳ Response: 200 OK
[2026-08-02T10:25:44.808Z]     ↳ Response: 200 OK
[2026-08-02T10:25:44.813Z]     ↳ Response: 200 OK
[2026-08-02T10:25:44.828Z]     ↳ Response: 200 OK
[2026-08-02T10:25:44.833Z]     ↳ Response: 200 OK
[2026-08-02T10:25:44.844Z]     ↳ Response: 200 OK
[2026-08-02T10:25:44.851Z]     ↳ Response: 200 OK
[2026-08-02T10:25:44.863Z]     ↳ Response: 200 OK
[2026-08-02T10:25:44.873Z]     ↳ Response: 200 OK
[2026-08-02T10:25:44.879Z]     ↳ Response: 304 Not Modified
[2026-08-02T10:25:44.885Z] [3220] GET http://localhost:3007/src/components/ToggleSwitch.tsx
[2026-08-02T10:25:44.888Z]     ↳ Response: 200 OK
[2026-08-02T10:25:44.919Z] [3221] GET http://localhost:3007/src/components/TelegramConnectionSettings.tsx
[2026-08-02T10:25:44.941Z]     ↳ Response: 200 OK
[2026-08-02T10:25:44.945Z]     ↳ Response: 200 OK
[2026-08-02T10:25:44.949Z]     ↳ Response: 200 OK
[2026-08-02T10:25:44.957Z]     ↳ Response: 200 OK
[2026-08-02T10:25:44.968Z]     ↳ Response: 200 OK
[2026-08-02T10:25:44.974Z]     ↳ Response: 200 OK
[2026-08-02T10:25:44.983Z]     ↳ Response: 200 OK
[2026-08-02T10:25:44.989Z]     ↳ Response: 200 OK
[2026-08-02T10:25:44.999Z]     ↳ Response: 200 OK
[2026-08-02T10:25:45.007Z]     ↳ Response: 200 OK
[2026-08-02T10:25:45.011Z]     ↳ Response: 200 OK
[2026-08-02T10:25:45.018Z]     ↳ Response: 200 OK
[2026-08-02T10:25:45.026Z] [3222] GET http://localhost:3007/src/components/InvalidPropertyPage.tsx
[2026-08-02T10:25:45.033Z]     ↳ Response: 200 OK
[2026-08-02T10:25:45.057Z]     ↳ Response: 200 OK
[2026-08-02T10:25:45.084Z]     ↳ Response: 200 OK
[2026-08-02T10:25:45.110Z]     ↳ Response: 200 OK
[2026-08-02T10:25:45.134Z] [3223] GET http://localhost:3007/src/components/ThemeManagement.tsx
[2026-08-02T10:25:45.137Z] [3224] GET http://localhost:3007/src/components/CustomCSSOverride.tsx
[2026-08-02T10:25:45.147Z]     ↳ Response: 200 OK
[2026-08-02T10:25:45.178Z]     ↳ Response: 200 OK
[2026-08-02T10:25:45.194Z]     ↳ Response: 200 OK
[2026-08-02T10:25:45.209Z]     ↳ Response: 200 OK
[2026-08-02T10:25:45.223Z]     ↳ Response: 200 OK
[2026-08-02T10:25:45.231Z]     ↳ Response: 200 OK
[2026-08-02T10:25:45.236Z] [3225] GET http://localhost:3007/node_modules/.vite/deps/sortablejs.js?v=3e7169fe
[2026-08-02T10:25:45.242Z]     ↳ Response: 200 OK
[2026-08-02T10:25:45.247Z]     ↳ Response: 200 OK
[2026-08-02T10:25:45.251Z]     ↳ Response: 200 OK
[2026-08-02T10:25:45.259Z]     ↳ Response: 200 OK
[2026-08-02T10:25:45.262Z]     ↳ Response: 200 OK
[2026-08-02T10:25:45.268Z]     ↳ Response: 200 OK
[2026-08-02T10:25:45.275Z]     ↳ Response: 200 OK
[2026-08-02T10:25:45.278Z]     ↳ Response: 200 OK
[2026-08-02T10:25:45.403Z] [3226] GET http://localhost:3007/icons/favicon-32x32.png
[2026-08-02T10:25:45.406Z] [3227] GET http://localhost:3007/php/api/router.php?action=get_tenant_properties&tenant_id=4
[2026-08-02T10:25:45.412Z] [3228] GET http://localhost:3007/php/api/router.php?action=get_tenant_properties&tenant_id=4
[2026-08-02T10:25:45.416Z]     ↳ Response: 200 OK
[2026-08-02T10:25:45.423Z]     ↳ Response: 200 OK
[2026-08-02T10:25:45.428Z]     ↳ Response: 200 OK
[2026-08-02T10:25:46.431Z] [3229] GET http://localhost:3007/artists_farm/tenant_dashboard/
[2026-08-02T10:25:46.456Z]     ↳ Response: 200 OK
[2026-08-02T10:25:46.480Z] [3230] GET http://localhost:3007/@vite/client
[2026-08-02T10:25:46.492Z] [3231] GET http://localhost:3007/src/main.tsx?t=1785666325829
[2026-08-02T10:25:46.506Z] [3232] GET http://localhost:3007/@react-refresh
[2026-08-02T10:25:46.512Z]     ↳ Response: 304 Not Modified
[2026-08-02T10:25:46.538Z]     ↳ Response: 304 Not Modified
[2026-08-02T10:25:46.596Z] [3233] GET http://localhost:3007/node_modules/vite/dist/client/env.mjs
[2026-08-02T10:25:46.659Z] [3234] GET http://localhost:3007/node_modules/.vite/deps/react.js?v=3e7169fe
[2026-08-02T10:25:46.685Z]     ↳ Response: 200 OK
[2026-08-02T10:25:46.706Z] [3235] GET http://localhost:3007/node_modules/.vite/deps/react-dom_client.js?v=3e7169fe
[2026-08-02T10:25:46.724Z]     ↳ Response: 200 OK
[2026-08-02T10:25:46.750Z] [3236] GET http://localhost:3007/src/App.tsx?t=1785666325829
[2026-08-02T10:25:46.816Z] [3237] GET http://localhost:3007/src/index.css?t=1785666325829
[2026-08-02T10:25:46.913Z] [3238] GET http://localhost:3007/src/utils/telescopeLogger.ts
[2026-08-02T10:25:46.985Z] [3239] GET http://localhost:3007/node_modules/.vite/deps/react_jsx-dev-runtime.js?v=3e7169fe
[2026-08-02T10:25:47.042Z]     ↳ Response: 200 OK
[2026-08-02T10:25:47.096Z] [3240] GET http://localhost:3007/node_modules/.vite/deps/rolldown-runtime-B-1-B7_t.js?v=3e7169fe
[2026-08-02T10:25:47.230Z]     ↳ Response: 200 OK
[2026-08-02T10:25:47.361Z]     ↳ Response: 304 Not Modified
[2026-08-02T10:25:47.383Z]     ↳ Response: 304 Not Modified
[2026-08-02T10:25:47.432Z] [3241] GET http://localhost:3007/node_modules/.vite/deps/react-dom.js?v=3e7169fe
[2026-08-02T10:25:47.455Z]     ↳ Response: 200 OK
[2026-08-02T10:25:47.529Z]     ↳ Response: 304 Not Modified
[2026-08-02T10:25:47.574Z]     ↳ Response: 304 Not Modified
[2026-08-02T10:25:47.640Z]     ↳ Response: 304 Not Modified
[2026-08-02T10:25:47.698Z] [3242] GET http://localhost:3007/src/components/Header.tsx
[2026-08-02T10:25:47.736Z] [3243] GET http://localhost:3007/src/components/Navigation.tsx
[2026-08-02T10:25:47.772Z] [3244] GET http://localhost:3007/src/components/OperationalDashboard.tsx
[2026-08-02T10:25:47.789Z] [3245] GET http://localhost:3007/src/components/GuestManagement.tsx
[2026-08-02T10:25:47.798Z] [3246] GET http://localhost:3007/src/components/KitchenManagement.tsx
[2026-08-02T10:25:47.814Z] [3247] GET http://localhost:3007/src/components/InventoryManagement.tsx
[2026-08-02T10:25:47.831Z] [3248] GET http://localhost:3007/src/components/PettyCashManagement.tsx
[2026-08-02T10:25:47.854Z] [3249] GET http://localhost:3007/src/components/CashDrawerManager.tsx
[2026-08-02T10:25:47.873Z] [3250] GET http://localhost:3007/src/components/ExpenseItemsManagement.tsx
[2026-08-02T10:25:47.907Z] [3251] GET http://localhost:3007/src/components/StaffManagement.tsx
[2026-08-02T10:25:47.918Z] [3252] GET http://localhost:3007/src/components/AnalyticsDashboard.tsx
[2026-08-02T10:25:47.933Z] [3253] GET http://localhost:3007/src/components/AuditLogsView.tsx
[2026-08-02T10:25:47.946Z] [3254] GET http://localhost:3007/src/components/DataExportCenter.tsx
[2026-08-02T10:25:47.974Z] [3255] GET http://localhost:3007/src/components/MenuManager.tsx
[2026-08-02T10:25:48.008Z] [3256] GET http://localhost:3007/src/components/MiscChargesManagement.tsx
[2026-08-02T10:25:48.023Z] [3257] GET http://localhost:3007/src/components/ICalSyncManager.tsx
[2026-08-02T10:25:48.039Z] [3258] GET http://localhost:3007/src/components/TelegramNotificationModal.tsx
[2026-08-02T10:25:48.047Z] [3259] GET http://localhost:3007/src/components/DemoDataModal.tsx
[2026-08-02T10:25:48.049Z] [3260] GET http://localhost:3007/src/components/GlobalModal.tsx
[2026-08-02T10:25:48.066Z] [3261] GET http://localhost:3007/src/components/ToastContext.tsx
[2026-08-02T10:25:48.084Z] [3262] GET http://localhost:3007/src/components/LoginModal.tsx
[2026-08-02T10:25:48.097Z] [3263] GET http://localhost:3007/src/contexts/StaffContext.tsx
[2026-08-02T10:25:48.107Z] [3264] GET http://localhost:3007/src/contexts/AuthContext.tsx
[2026-08-02T10:25:48.117Z] [3265] GET http://localhost:3007/src/contexts/FinanceContext.tsx
[2026-08-02T10:25:48.125Z] [3266] GET http://localhost:3007/src/contexts/InventoryContext.tsx
[2026-08-02T10:25:48.133Z] [3267] GET http://localhost:3007/src/contexts/KitchenContext.tsx
[2026-08-02T10:25:48.146Z] [3268] GET http://localhost:3007/src/utils/clientInfo.ts
[2026-08-02T10:25:48.152Z] [3269] GET http://localhost:3007/src/data/appConfig.ts
[2026-08-02T10:25:48.158Z] [3270] GET http://localhost:3007/src/services/themeService.ts
[2026-08-02T10:25:48.164Z] [3271] GET http://localhost:3007/src/services/api.ts
[2026-08-02T10:25:48.174Z] [3272] GET http://localhost:3007/src/contexts/ConfigurationDataContext.tsx
[2026-08-02T10:25:48.194Z] [3273] GET http://localhost:3007/src/contexts/ModulesContext.tsx
[2026-08-02T10:25:48.201Z] [3274] GET http://localhost:3007/src/components/DataLoader.tsx
[2026-08-02T10:25:48.218Z] [3275] GET http://localhost:3007/src/components/LoadingScreen.tsx
[2026-08-02T10:25:48.240Z] [3276] GET http://localhost:3007/src/components/LoginPage.tsx
[2026-08-02T10:25:48.263Z] [3277] GET http://localhost:3007/src/components/PlatformPropertyManagement.tsx?t=1785666325829
[2026-08-02T10:25:48.306Z] [3278] GET http://localhost:3007/src/components/TenantDashboard.tsx
[2026-08-02T10:25:48.340Z] [3279] GET http://localhost:3007/src/components/RootAdminDashboard.tsx?t=1785666325829
[2026-08-02T10:25:48.404Z] [3280] GET http://localhost:3007/src/components/MultiKeyPropertyOverview.tsx
[2026-08-02T10:25:48.494Z]     ↳ Response: 304 Not Modified
[2026-08-02T10:25:48.558Z] [3281] GET http://localhost:3007/node_modules/.vite/deps/lucide-react.js?v=3e7169fe
[2026-08-02T10:25:48.628Z]     ↳ Response: 200 OK
[2026-08-02T10:25:48.650Z]     ↳ Response: 304 Not Modified
[2026-08-02T10:25:48.684Z]     ↳ Response: 304 Not Modified
[2026-08-02T10:25:48.725Z]     ↳ Response: 304 Not Modified
[2026-08-02T10:25:48.901Z] [3282] GET http://localhost:3007/src/utils/iconResolver.tsx
[2026-08-02T10:25:48.999Z] [3283] GET http://localhost:3007/node_modules/.vite/deps/html-to-image.js?v=3e7169fe
[2026-08-02T10:25:49.068Z]     ↳ Response: 200 OK
[2026-08-02T10:25:49.094Z] [3284] GET http://localhost:3007/src/components/DateRangePicker.tsx
[2026-08-02T10:25:49.127Z] [3285] GET http://localhost:3007/src/components/BillingCheckout.tsx
[2026-08-02T10:25:49.136Z]     ↳ Response: 304 Not Modified
[2026-08-02T10:25:49.158Z]     ↳ Response: 304 Not Modified
[2026-08-02T10:25:49.172Z] [3286] GET http://localhost:3007/src/components/SearchableSelect.tsx
[2026-08-02T10:25:49.183Z] [3287] GET http://localhost:3007/node_modules/.vite/deps/react-data-table-component.js?v=3e7169fe
[2026-08-02T10:25:49.210Z]     ↳ Response: 200 OK
[2026-08-02T10:25:49.254Z]     ↳ Response: 304 Not Modified
[2026-08-02T10:25:49.305Z]     ↳ Response: 304 Not Modified
[2026-08-02T10:25:49.343Z]     ↳ Response: 304 Not Modified
[2026-08-02T10:25:49.366Z]     ↳ Response: 304 Not Modified
[2026-08-02T10:25:49.406Z]     ↳ Response: 304 Not Modified
[2026-08-02T10:25:49.476Z] [3288] GET http://localhost:3007/node_modules/.vite/deps/react-apexcharts.js?v=3e7169fe
[2026-08-02T10:25:49.518Z]     ↳ Response: 200 OK
[2026-08-02T10:25:49.533Z]     ↳ Response: 304 Not Modified
[2026-08-02T10:25:49.548Z]     ↳ Response: 304 Not Modified
[2026-08-02T10:25:49.678Z]     ↳ Response: 304 Not Modified
[2026-08-02T10:25:49.698Z]     ↳ Response: 304 Not Modified
[2026-08-02T10:25:49.761Z] [3289] GET http://localhost:3007/src/components/NavMenuEditor.tsx
[2026-08-02T10:25:49.818Z]     ↳ Response: 304 Not Modified
[2026-08-02T10:25:49.873Z]     ↳ Response: 304 Not Modified
[2026-08-02T10:25:49.959Z]     ↳ Response: 304 Not Modified
[2026-08-02T10:25:49.984Z] [3290] GET http://localhost:3007/src/components/TelegramConnectionSettings.tsx
[2026-08-02T10:25:50.065Z]     ↳ Response: 304 Not Modified
[2026-08-02T10:25:50.106Z]     ↳ Response: 304 Not Modified
[2026-08-02T10:25:50.145Z]     ↳ Response: 304 Not Modified
[2026-08-02T10:25:50.197Z]     ↳ Response: 304 Not Modified
[2026-08-02T10:25:50.216Z]     ↳ Response: 304 Not Modified
[2026-08-02T10:25:50.248Z]     ↳ Response: 304 Not Modified
[2026-08-02T10:25:50.278Z]     ↳ Response: 304 Not Modified
[2026-08-02T10:25:50.293Z]     ↳ Response: 304 Not Modified
[2026-08-02T10:25:50.329Z]     ↳ Response: 304 Not Modified
[2026-08-02T10:25:50.349Z]     ↳ Response: 304 Not Modified
[2026-08-02T10:25:50.378Z]     ↳ Response: 304 Not Modified
[2026-08-02T10:25:50.410Z]     ↳ Response: 304 Not Modified
[2026-08-02T10:25:50.453Z]     ↳ Response: 304 Not Modified
[2026-08-02T10:25:50.470Z]     ↳ Response: 304 Not Modified
[2026-08-02T10:25:50.492Z]     ↳ Response: 304 Not Modified
[2026-08-02T10:25:50.505Z] [3291] GET http://localhost:3007/src/components/InvalidPropertyPage.tsx
[2026-08-02T10:25:50.523Z]     ↳ Response: 304 Not Modified
[2026-08-02T10:25:50.530Z]     ↳ Response: 304 Not Modified
[2026-08-02T10:25:50.536Z]     ↳ Response: 304 Not Modified
[2026-08-02T10:25:50.544Z] [3292] GET http://localhost:3007/src/components/ToggleSwitch.tsx
[2026-08-02T10:25:50.551Z]     ↳ Response: 304 Not Modified
[2026-08-02T10:25:50.559Z]     ↳ Response: 304 Not Modified
[2026-08-02T10:25:50.562Z] [3293] GET http://localhost:3007/src/components/AppearanceSettings.tsx
[2026-08-02T10:25:50.577Z] [3294] GET http://localhost:3007/src/components/DefaultExpensesManager.tsx
[2026-08-02T10:25:50.582Z]     ↳ Response: 304 Not Modified
[2026-08-02T10:25:50.592Z]     ↳ Response: 304 Not Modified
[2026-08-02T10:25:50.597Z]     ↳ Response: 304 Not Modified
[2026-08-02T10:25:50.607Z]     ↳ Response: 304 Not Modified
[2026-08-02T10:25:50.612Z]     ↳ Response: 304 Not Modified
[2026-08-02T10:25:50.616Z]     ↳ Response: 304 Not Modified
[2026-08-02T10:25:50.627Z] [3295] GET http://localhost:3007/node_modules/.vite/deps/sortablejs.js?v=3e7169fe
[2026-08-02T10:25:50.631Z]     ↳ Response: 200 OK
[2026-08-02T10:25:50.639Z]     ↳ Response: 304 Not Modified
[2026-08-02T10:25:50.642Z]     ↳ Response: 304 Not Modified
[2026-08-02T10:25:50.651Z]     ↳ Response: 304 Not Modified
[2026-08-02T10:25:50.657Z]     ↳ Response: 304 Not Modified
[2026-08-02T10:25:50.664Z]     ↳ Response: 304 Not Modified
[2026-08-02T10:25:50.671Z] [3296] GET http://localhost:3007/src/components/ThemeManagement.tsx
[2026-08-02T10:25:50.685Z] [3297] GET http://localhost:3007/src/components/CustomCSSOverride.tsx
[2026-08-02T10:25:50.697Z]     ↳ Response: 304 Not Modified
[2026-08-02T10:25:50.707Z]     ↳ Response: 304 Not Modified
[2026-08-02T10:25:50.828Z] [3298] GET http://localhost:3007/php/api/router.php?action=get_tenant_properties&tenant_id=4
[2026-08-02T10:25:50.832Z] [3299] GET http://localhost:3007/php/api/router.php?action=get_tenant_properties&tenant_id=4
[2026-08-02T10:25:50.843Z] [3300] GET http://localhost:3007/icons/favicon-32x32.png
[2026-08-02T10:25:50.847Z]     ↳ Response: 200 OK
[2026-08-02T10:25:50.853Z]     ↳ Response: 200 OK
[2026-08-02T10:25:50.858Z]     ↳ Response: 200 OK
[2026-08-02T10:26:34.141Z] [3301] GET http://localhost:3007/src/index.css?t=1785666393550
[2026-08-02T10:26:34.148Z] [3302] GET http://localhost:3007/src/components/PlatformPropertyManagement.tsx?t=1785666393550
[2026-08-02T10:26:34.829Z]     ↳ Response: 200 OK
[2026-08-02T10:26:34.847Z]     ↳ Response: 200 OK
[2026-08-02T10:26:44.209Z] [3303] GET http://localhost:3007/artists_farm/tenant_dashboard/
[2026-08-02T10:26:44.512Z]     ↳ Response: 200 OK
[2026-08-02T10:26:44.539Z] [3304] GET http://localhost:3007/@vite/client
[2026-08-02T10:26:44.543Z] [3305] GET http://localhost:3007/src/main.tsx?t=1785666393550
[2026-08-02T10:26:44.557Z] [3306] GET http://localhost:3007/@react-refresh
[2026-08-02T10:26:44.576Z]     ↳ Response: 200 OK
[2026-08-02T10:26:44.660Z] [3307] GET http://localhost:3007/node_modules/.vite/deps/react.js?v=3e7169fe
[2026-08-02T10:26:44.678Z] [3308] GET http://localhost:3007/node_modules/.vite/deps/react-dom_client.js?v=3e7169fe
[2026-08-02T10:26:44.742Z] [3309] GET http://localhost:3007/src/App.tsx?t=1785666393550
[2026-08-02T10:26:44.778Z] [3310] GET http://localhost:3007/src/index.css?t=1785666393550
[2026-08-02T10:26:44.784Z] [3311] GET http://localhost:3007/src/utils/telescopeLogger.ts
[2026-08-02T10:26:44.801Z] [3312] GET http://localhost:3007/node_modules/.vite/deps/react_jsx-dev-runtime.js?v=3e7169fe
[2026-08-02T10:26:44.822Z]     ↳ Response: 304 Not Modified
[2026-08-02T10:26:44.841Z]     ↳ Response: 200 OK
[2026-08-02T10:26:44.852Z]     ↳ Response: 200 OK
[2026-08-02T10:26:44.879Z] [3313] GET http://localhost:3007/node_modules/.vite/deps/rolldown-runtime-B-1-B7_t.js?v=3e7169fe
[2026-08-02T10:26:44.943Z]     ↳ Response: 200 OK
[2026-08-02T10:26:45.040Z]     ↳ Response: 200 OK
[2026-08-02T10:26:45.103Z]     ↳ Response: 200 OK
[2026-08-02T10:26:45.156Z] [3314] GET http://localhost:3007/node_modules/vite/dist/client/env.mjs
[2026-08-02T10:26:45.191Z]     ↳ Response: 200 OK
[2026-08-02T10:26:45.206Z] [3315] GET http://localhost:3007/src/components/Header.tsx
[2026-08-02T10:26:45.217Z] [3316] GET http://localhost:3007/src/components/Navigation.tsx
[2026-08-02T10:26:45.248Z] [3317] GET http://localhost:3007/src/components/OperationalDashboard.tsx
[2026-08-02T10:26:45.259Z] [3318] GET http://localhost:3007/src/components/GuestManagement.tsx
[2026-08-02T10:26:45.276Z] [3319] GET http://localhost:3007/src/components/KitchenManagement.tsx
[2026-08-02T10:26:45.290Z] [3320] GET http://localhost:3007/src/components/InventoryManagement.tsx
[2026-08-02T10:26:45.300Z] [3321] GET http://localhost:3007/src/components/PettyCashManagement.tsx
[2026-08-02T10:26:45.334Z] [3322] GET http://localhost:3007/src/components/CashDrawerManager.tsx
[2026-08-02T10:26:45.349Z] [3323] GET http://localhost:3007/src/components/ExpenseItemsManagement.tsx
[2026-08-02T10:26:45.365Z] [3324] GET http://localhost:3007/src/components/StaffManagement.tsx
[2026-08-02T10:26:45.390Z] [3325] GET http://localhost:3007/src/components/AnalyticsDashboard.tsx
[2026-08-02T10:26:45.400Z] [3326] GET http://localhost:3007/src/components/AuditLogsView.tsx
[2026-08-02T10:26:45.418Z] [3327] GET http://localhost:3007/src/components/DataExportCenter.tsx
[2026-08-02T10:26:45.429Z] [3328] GET http://localhost:3007/src/components/MenuManager.tsx
[2026-08-02T10:26:45.443Z] [3329] GET http://localhost:3007/src/components/MiscChargesManagement.tsx
[2026-08-02T10:26:45.475Z] [3330] GET http://localhost:3007/src/components/ICalSyncManager.tsx
[2026-08-02T10:26:45.490Z] [3331] GET http://localhost:3007/src/components/TelegramNotificationModal.tsx
[2026-08-02T10:26:45.501Z] [3332] GET http://localhost:3007/src/components/DemoDataModal.tsx
[2026-08-02T10:26:45.513Z] [3333] GET http://localhost:3007/src/components/GlobalModal.tsx
[2026-08-02T10:26:45.576Z] [3334] GET http://localhost:3007/src/components/ToastContext.tsx
[2026-08-02T10:26:45.621Z] [3335] GET http://localhost:3007/src/components/LoginModal.tsx
[2026-08-02T10:26:45.647Z] [3336] GET http://localhost:3007/src/contexts/StaffContext.tsx
[2026-08-02T10:26:45.662Z] [3337] GET http://localhost:3007/src/contexts/AuthContext.tsx
[2026-08-02T10:26:45.693Z] [3338] GET http://localhost:3007/src/contexts/FinanceContext.tsx
[2026-08-02T10:26:45.728Z] [3339] GET http://localhost:3007/src/contexts/InventoryContext.tsx
[2026-08-02T10:26:45.757Z] [3340] GET http://localhost:3007/src/contexts/KitchenContext.tsx
[2026-08-02T10:26:45.783Z] [3341] GET http://localhost:3007/src/utils/clientInfo.ts
[2026-08-02T10:26:45.850Z] [3342] GET http://localhost:3007/src/data/appConfig.ts
[2026-08-02T10:26:45.888Z] [3343] GET http://localhost:3007/src/services/themeService.ts
[2026-08-02T10:26:45.934Z] [3344] GET http://localhost:3007/src/services/api.ts
[2026-08-02T10:26:45.958Z] [3345] GET http://localhost:3007/src/contexts/ConfigurationDataContext.tsx
[2026-08-02T10:26:45.992Z] [3346] GET http://localhost:3007/src/contexts/ModulesContext.tsx
[2026-08-02T10:26:46.024Z] [3347] GET http://localhost:3007/src/components/DataLoader.tsx
[2026-08-02T10:26:46.057Z] [3348] GET http://localhost:3007/src/components/LoadingScreen.tsx
[2026-08-02T10:26:46.093Z] [3349] GET http://localhost:3007/src/components/LoginPage.tsx
[2026-08-02T10:26:46.147Z] [3350] GET http://localhost:3007/src/components/PlatformPropertyManagement.tsx?t=1785666393550
[2026-08-02T10:26:46.179Z] [3351] GET http://localhost:3007/src/components/TenantDashboard.tsx
[2026-08-02T10:26:46.199Z] [3352] GET http://localhost:3007/src/components/RootAdminDashboard.tsx?t=1785666393550
[2026-08-02T10:26:46.225Z] [3353] GET http://localhost:3007/src/components/MultiKeyPropertyOverview.tsx
[2026-08-02T10:26:46.245Z]     ↳ Response: 200 OK
[2026-08-02T10:26:46.276Z]     ↳ Response: 200 OK
[2026-08-02T10:26:46.312Z]     ↳ Response: 200 OK
[2026-08-02T10:26:46.343Z] [3354] GET http://localhost:3007/node_modules/.vite/deps/lucide-react.js?v=3e7169fe
[2026-08-02T10:26:46.368Z]     ↳ Response: 200 OK
[2026-08-02T10:26:46.397Z] [3355] GET http://localhost:3007/src/utils/iconResolver.tsx
[2026-08-02T10:26:46.414Z]     ↳ Response: 200 OK
[2026-08-02T10:26:46.441Z]     ↳ Response: 200 OK
[2026-08-02T10:26:46.457Z] [3356] GET http://localhost:3007/node_modules/.vite/deps/html-to-image.js?v=3e7169fe
[2026-08-02T10:26:46.494Z] [3357] GET http://localhost:3007/src/components/DateRangePicker.tsx
[2026-08-02T10:26:46.509Z] [3358] GET http://localhost:3007/src/components/BillingCheckout.tsx
[2026-08-02T10:26:46.518Z]     ↳ Response: 200 OK
[2026-08-02T10:26:46.533Z] [3359] GET http://localhost:3007/src/components/SearchableSelect.tsx
[2026-08-02T10:26:46.546Z] [3360] GET http://localhost:3007/node_modules/.vite/deps/react-data-table-component.js?v=3e7169fe
[2026-08-02T10:26:46.572Z]     ↳ Response: 200 OK
[2026-08-02T10:26:46.582Z]     ↳ Response: 200 OK
[2026-08-02T10:26:46.592Z]     ↳ Response: 200 OK
[2026-08-02T10:26:46.601Z]     ↳ Response: 200 OK
[2026-08-02T10:26:46.614Z]     ↳ Response: 200 OK
[2026-08-02T10:26:46.631Z]     ↳ Response: 200 OK
[2026-08-02T10:26:46.687Z]     ↳ Response: 200 OK
[2026-08-02T10:26:46.817Z]     ↳ Response: 200 OK
[2026-08-02T10:26:46.925Z]     ↳ Response: 200 OK
[2026-08-02T10:26:47.012Z]     ↳ Response: 200 OK
[2026-08-02T10:26:47.048Z] [3361] GET http://localhost:3007/node_modules/.vite/deps/react-dom.js?v=3e7169fe
[2026-08-02T10:26:47.055Z] [3362] GET http://localhost:3007/node_modules/.vite/deps/react-apexcharts.js?v=3e7169fe
[2026-08-02T10:26:47.067Z]     ↳ Response: 200 OK
[2026-08-02T10:26:47.110Z]     ↳ Response: 200 OK
[2026-08-02T10:26:47.117Z]     ↳ Response: 200 OK
[2026-08-02T10:26:47.133Z] [3363] GET http://localhost:3007/src/components/NavMenuEditor.tsx
[2026-08-02T10:26:47.135Z]     ↳ Response: 200 OK
[2026-08-02T10:26:47.142Z]     ↳ Response: 200 OK
[2026-08-02T10:26:47.152Z]     ↳ Response: 200 OK
[2026-08-02T10:26:47.157Z] [3364] GET http://localhost:3007/src/components/TelegramConnectionSettings.tsx
[2026-08-02T10:26:47.165Z]     ↳ Response: 304 Not Modified
[2026-08-02T10:26:47.176Z] [3365] GET http://localhost:3007/src/components/ToggleSwitch.tsx
[2026-08-02T10:26:47.191Z]     ↳ Response: 200 OK
[2026-08-02T10:26:47.198Z]     ↳ Response: 200 OK
[2026-08-02T10:26:47.207Z]     ↳ Response: 200 OK
[2026-08-02T10:26:47.217Z]     ↳ Response: 200 OK
[2026-08-02T10:26:47.224Z]     ↳ Response: 200 OK
[2026-08-02T10:26:47.228Z]     ↳ Response: 200 OK
[2026-08-02T10:26:47.231Z]     ↳ Response: 200 OK
[2026-08-02T10:26:47.246Z]     ↳ Response: 200 OK
[2026-08-02T10:26:47.258Z]     ↳ Response: 200 OK
[2026-08-02T10:26:47.269Z]     ↳ Response: 200 OK
[2026-08-02T10:26:47.281Z]     ↳ Response: 200 OK
[2026-08-02T10:26:47.298Z] [3366] GET http://localhost:3007/src/components/AppearanceSettings.tsx
[2026-08-02T10:26:47.346Z] [3367] GET http://localhost:3007/src/components/DefaultExpensesManager.tsx
[2026-08-02T10:26:47.363Z]     ↳ Response: 200 OK
[2026-08-02T10:26:47.381Z]     ↳ Response: 200 OK
[2026-08-02T10:26:47.399Z]     ↳ Response: 200 OK
[2026-08-02T10:26:47.412Z]     ↳ Response: 200 OK
[2026-08-02T10:26:47.432Z]     ↳ Response: 200 OK
[2026-08-02T10:26:47.448Z]     ↳ Response: 200 OK
[2026-08-02T10:26:47.461Z]     ↳ Response: 200 OK
[2026-08-02T10:26:47.485Z]     ↳ Response: 200 OK
[2026-08-02T10:26:47.506Z]     ↳ Response: 200 OK
[2026-08-02T10:26:47.525Z]     ↳ Response: 200 OK
[2026-08-02T10:26:47.544Z]     ↳ Response: 200 OK
[2026-08-02T10:26:47.565Z]     ↳ Response: 200 OK
[2026-08-02T10:26:47.580Z]     ↳ Response: 200 OK
[2026-08-02T10:26:47.592Z]     ↳ Response: 200 OK
[2026-08-02T10:26:47.607Z]     ↳ Response: 200 OK
[2026-08-02T10:26:47.618Z]     ↳ Response: 200 OK
[2026-08-02T10:26:47.676Z] [3368] GET http://localhost:3007/src/components/InvalidPropertyPage.tsx
[2026-08-02T10:26:47.730Z] [3369] GET http://localhost:3007/node_modules/.vite/deps/sortablejs.js?v=3e7169fe
[2026-08-02T10:26:47.782Z]     ↳ Response: 200 OK
[2026-08-02T10:26:47.835Z]     ↳ Response: 200 OK
[2026-08-02T10:26:47.852Z]     ↳ Response: 200 OK
[2026-08-02T10:26:47.881Z]     ↳ Response: 200 OK
[2026-08-02T10:26:47.899Z] [3370] GET http://localhost:3007/src/components/ThemeManagement.tsx
[2026-08-02T10:26:47.916Z] [3371] GET http://localhost:3007/src/components/CustomCSSOverride.tsx
[2026-08-02T10:26:47.939Z]     ↳ Response: 200 OK
[2026-08-02T10:26:47.972Z]     ↳ Response: 200 OK
[2026-08-02T10:26:47.990Z]     ↳ Response: 200 OK
[2026-08-02T10:26:47.997Z]     ↳ Response: 200 OK
[2026-08-02T10:26:48.009Z]     ↳ Response: 200 OK
[2026-08-02T10:26:48.128Z] [3372] GET http://localhost:3007/icons/favicon-32x32.png
[2026-08-02T10:26:48.133Z] [3373] GET http://localhost:3007/php/api/router.php?action=get_tenant_properties&tenant_id=4
[2026-08-02T10:26:48.145Z] [3374] GET http://localhost:3007/php/api/router.php?action=get_tenant_properties&tenant_id=4
[2026-08-02T10:26:48.149Z]     ↳ Response: 200 OK
[2026-08-02T10:26:48.157Z]     ↳ Response: 200 OK
[2026-08-02T10:26:48.165Z]     ↳ Response: 200 OK
[2026-08-02T10:26:55.519Z] [3375] GET http://localhost:3007/artists_farm/tenant_dashboard/
[2026-08-02T10:26:55.548Z]     ↳ Response: 200 OK
[2026-08-02T10:26:55.583Z] [3376] GET http://localhost:3007/@vite/client
[2026-08-02T10:26:55.601Z] [3377] GET http://localhost:3007/src/main.tsx?t=1785666393550
[2026-08-02T10:26:55.610Z] [3378] GET http://localhost:3007/@react-refresh
[2026-08-02T10:26:55.673Z]     ↳ Response: 200 OK
[2026-08-02T10:26:55.686Z] [3379] GET http://localhost:3007/node_modules/.vite/deps/react.js?v=3e7169fe
[2026-08-02T10:26:55.822Z] [3380] GET http://localhost:3007/node_modules/.vite/deps/react-dom_client.js?v=3e7169fe
[2026-08-02T10:26:55.880Z] [3381] GET http://localhost:3007/src/App.tsx?t=1785666393550
[2026-08-02T10:26:55.917Z] [3382] GET http://localhost:3007/src/index.css?t=1785666393550
[2026-08-02T10:26:56.031Z] [3383] GET http://localhost:3007/src/utils/telescopeLogger.ts
[2026-08-02T10:26:56.061Z] [3384] GET http://localhost:3007/node_modules/.vite/deps/react_jsx-dev-runtime.js?v=3e7169fe
[2026-08-02T10:26:56.114Z]     ↳ Response: 200 OK
[2026-08-02T10:26:56.278Z]     ↳ Response: 200 OK
[2026-08-02T10:26:56.322Z] [3385] GET http://localhost:3007/node_modules/vite/dist/client/env.mjs
[2026-08-02T10:26:56.361Z]     ↳ Response: 200 OK
[2026-08-02T10:26:56.404Z] [3386] GET http://localhost:3007/node_modules/.vite/deps/rolldown-runtime-B-1-B7_t.js?v=3e7169fe
[2026-08-02T10:26:56.426Z]     ↳ Response: 200 OK
[2026-08-02T10:26:56.440Z]     ↳ Response: 200 OK
[2026-08-02T10:26:56.448Z]     ↳ Response: 200 OK
[2026-08-02T10:26:56.477Z]     ↳ Response: 200 OK
[2026-08-02T10:26:56.504Z]     ↳ Response: 200 OK
[2026-08-02T10:26:56.515Z]     ↳ Response: 200 OK
[2026-08-02T10:26:56.528Z] [3387] GET http://localhost:3007/src/components/Header.tsx
[2026-08-02T10:26:56.533Z] [3388] GET http://localhost:3007/src/components/Navigation.tsx
[2026-08-02T10:26:56.547Z] [3389] GET http://localhost:3007/src/components/OperationalDashboard.tsx
[2026-08-02T10:26:56.549Z] [3390] GET http://localhost:3007/src/components/GuestManagement.tsx
[2026-08-02T10:26:56.560Z] [3391] GET http://localhost:3007/src/components/KitchenManagement.tsx
[2026-08-02T10:26:56.572Z] [3392] GET http://localhost:3007/src/components/InventoryManagement.tsx
[2026-08-02T10:26:56.577Z] [3393] GET http://localhost:3007/src/components/PettyCashManagement.tsx
[2026-08-02T10:26:56.592Z] [3394] GET http://localhost:3007/src/components/CashDrawerManager.tsx
[2026-08-02T10:26:56.597Z] [3395] GET http://localhost:3007/src/components/ExpenseItemsManagement.tsx
[2026-08-02T10:26:56.609Z] [3396] GET http://localhost:3007/src/components/StaffManagement.tsx
[2026-08-02T10:26:56.615Z] [3397] GET http://localhost:3007/src/components/AnalyticsDashboard.tsx
[2026-08-02T10:26:56.619Z] [3398] GET http://localhost:3007/src/components/AuditLogsView.tsx
[2026-08-02T10:26:56.626Z] [3399] GET http://localhost:3007/src/components/DataExportCenter.tsx
[2026-08-02T10:26:56.629Z] [3400] GET http://localhost:3007/src/components/MenuManager.tsx
[2026-08-02T10:26:56.642Z] [3401] GET http://localhost:3007/src/components/MiscChargesManagement.tsx
[2026-08-02T10:26:56.649Z] [3402] GET http://localhost:3007/src/components/ICalSyncManager.tsx
[2026-08-02T10:26:56.657Z] [3403] GET http://localhost:3007/src/components/TelegramNotificationModal.tsx
[2026-08-02T10:26:56.662Z] [3404] GET http://localhost:3007/src/components/DemoDataModal.tsx
[2026-08-02T10:26:56.669Z] [3405] GET http://localhost:3007/src/components/GlobalModal.tsx
[2026-08-02T10:26:56.683Z] [3406] GET http://localhost:3007/src/components/ToastContext.tsx
[2026-08-02T10:26:56.692Z] [3407] GET http://localhost:3007/src/components/LoginModal.tsx
[2026-08-02T10:26:56.715Z] [3408] GET http://localhost:3007/src/contexts/StaffContext.tsx
[2026-08-02T10:26:56.746Z] [3409] GET http://localhost:3007/src/contexts/AuthContext.tsx
[2026-08-02T10:26:56.761Z] [3410] GET http://localhost:3007/src/contexts/FinanceContext.tsx
[2026-08-02T10:26:56.776Z] [3411] GET http://localhost:3007/src/contexts/InventoryContext.tsx
[2026-08-02T10:26:56.785Z] [3412] GET http://localhost:3007/src/contexts/KitchenContext.tsx
[2026-08-02T10:26:56.795Z] [3413] GET http://localhost:3007/src/utils/clientInfo.ts
[2026-08-02T10:26:56.807Z] [3414] GET http://localhost:3007/src/data/appConfig.ts
[2026-08-02T10:26:56.844Z] [3415] GET http://localhost:3007/src/services/themeService.ts
[2026-08-02T10:26:56.877Z] [3416] GET http://localhost:3007/src/services/api.ts
[2026-08-02T10:26:56.890Z] [3417] GET http://localhost:3007/src/contexts/ConfigurationDataContext.tsx
[2026-08-02T10:26:56.893Z] [3418] GET http://localhost:3007/src/contexts/ModulesContext.tsx
[2026-08-02T10:26:56.910Z] [3419] GET http://localhost:3007/src/components/DataLoader.tsx
[2026-08-02T10:26:56.937Z] [3420] GET http://localhost:3007/src/components/LoadingScreen.tsx
[2026-08-02T10:26:56.974Z] [3421] GET http://localhost:3007/src/components/LoginPage.tsx
[2026-08-02T10:26:56.998Z] [3422] GET http://localhost:3007/src/components/PlatformPropertyManagement.tsx?t=1785666393550
[2026-08-02T10:26:57.014Z] [3423] GET http://localhost:3007/src/components/TenantDashboard.tsx
[2026-08-02T10:26:57.049Z] [3424] GET http://localhost:3007/src/components/RootAdminDashboard.tsx?t=1785666393550
[2026-08-02T10:26:57.064Z] [3425] GET http://localhost:3007/src/components/MultiKeyPropertyOverview.tsx
[2026-08-02T10:26:57.084Z]     ↳ Response: 200 OK
[2026-08-02T10:26:57.096Z] [3426] GET http://localhost:3007/node_modules/.vite/deps/lucide-react.js?v=3e7169fe
[2026-08-02T10:26:57.112Z]     ↳ Response: 200 OK
[2026-08-02T10:26:57.119Z] [3427] GET http://localhost:3007/src/utils/iconResolver.tsx
[2026-08-02T10:26:57.200Z]     ↳ Response: 200 OK
[2026-08-02T10:26:57.244Z]     ↳ Response: 200 OK
[2026-08-02T10:26:57.267Z]     ↳ Response: 200 OK
[2026-08-02T10:26:57.433Z] [3428] GET http://localhost:3007/node_modules/.vite/deps/react-data-table-component.js?v=3e7169fe
[2026-08-02T10:26:57.564Z]     ↳ Response: 200 OK
[2026-08-02T10:26:57.727Z]     ↳ Response: 200 OK
[2026-08-02T10:26:57.860Z]     ↳ Response: 200 OK
[2026-08-02T10:26:57.897Z] [3429] GET http://localhost:3007/node_modules/.vite/deps/html-to-image.js?v=3e7169fe
[2026-08-02T10:26:57.974Z] [3430] GET http://localhost:3007/src/components/DateRangePicker.tsx
[2026-08-02T10:26:58.021Z] [3431] GET http://localhost:3007/src/components/BillingCheckout.tsx
[2026-08-02T10:26:58.042Z]     ↳ Response: 200 OK
[2026-08-02T10:26:58.129Z]     ↳ Response: 200 OK
[2026-08-02T10:26:58.142Z]     ↳ Response: 200 OK
[2026-08-02T10:26:58.156Z]     ↳ Response: 200 OK
[2026-08-02T10:26:58.164Z] [3432] GET http://localhost:3007/node_modules/.vite/deps/react-apexcharts.js?v=3e7169fe
[2026-08-02T10:26:58.176Z]     ↳ Response: 200 OK
[2026-08-02T10:26:58.189Z]     ↳ Response: 200 OK
[2026-08-02T10:26:58.195Z]     ↳ Response: 200 OK
[2026-08-02T10:26:58.214Z] [3433] GET http://localhost:3007/src/components/NavMenuEditor.tsx
[2026-08-02T10:26:58.227Z]     ↳ Response: 200 OK
[2026-08-02T10:26:58.234Z] [3434] GET http://localhost:3007/src/components/TelegramConnectionSettings.tsx
[2026-08-02T10:26:58.244Z]     ↳ Response: 200 OK
[2026-08-02T10:26:58.252Z]     ↳ Response: 200 OK
[2026-08-02T10:26:58.259Z] [3435] GET http://localhost:3007/src/components/SearchableSelect.tsx
[2026-08-02T10:26:58.266Z]     ↳ Response: 200 OK
[2026-08-02T10:26:58.278Z]     ↳ Response: 200 OK
[2026-08-02T10:26:58.292Z]     ↳ Response: 200 OK
[2026-08-02T10:26:58.296Z]     ↳ Response: 200 OK
[2026-08-02T10:26:58.307Z]     ↳ Response: 200 OK
[2026-08-02T10:26:58.313Z]     ↳ Response: 200 OK
[2026-08-02T10:26:58.323Z]     ↳ Response: 200 OK
[2026-08-02T10:26:58.330Z]     ↳ Response: 200 OK
[2026-08-02T10:26:58.336Z]     ↳ Response: 200 OK
[2026-08-02T10:26:58.342Z]     ↳ Response: 200 OK
[2026-08-02T10:26:58.350Z]     ↳ Response: 200 OK
[2026-08-02T10:26:58.363Z]     ↳ Response: 200 OK
[2026-08-02T10:26:58.373Z]     ↳ Response: 200 OK
[2026-08-02T10:26:58.383Z]     ↳ Response: 200 OK
[2026-08-02T10:26:58.398Z] [3436] GET http://localhost:3007/src/components/InvalidPropertyPage.tsx
[2026-08-02T10:26:58.408Z]     ↳ Response: 200 OK
[2026-08-02T10:26:58.416Z]     ↳ Response: 200 OK
[2026-08-02T10:26:58.428Z]     ↳ Response: 200 OK
[2026-08-02T10:26:58.439Z]     ↳ Response: 200 OK
[2026-08-02T10:26:58.458Z]     ↳ Response: 200 OK
[2026-08-02T10:26:58.472Z]     ↳ Response: 200 OK
[2026-08-02T10:26:58.497Z] [3437] GET http://localhost:3007/src/components/AppearanceSettings.tsx
[2026-08-02T10:26:58.618Z] [3438] GET http://localhost:3007/src/components/DefaultExpensesManager.tsx
[2026-08-02T10:26:58.767Z]     ↳ Response: 200 OK
[2026-08-02T10:26:58.811Z]     ↳ Response: 200 OK
[2026-08-02T10:26:58.849Z]     ↳ Response: 200 OK
[2026-08-02T10:26:58.876Z]     ↳ Response: 200 OK
[2026-08-02T10:26:58.892Z]     ↳ Response: 200 OK
[2026-08-02T10:26:58.945Z]     ↳ Response: 200 OK
[2026-08-02T10:26:58.960Z]     ↳ Response: 200 OK
[2026-08-02T10:26:58.996Z]     ↳ Response: 200 OK
[2026-08-02T10:26:59.010Z] [3439] GET http://localhost:3007/src/components/ToggleSwitch.tsx
[2026-08-02T10:26:59.049Z]     ↳ Response: 200 OK
[2026-08-02T10:26:59.131Z]     ↳ Response: 200 OK
[2026-08-02T10:26:59.177Z] [3440] GET http://localhost:3007/node_modules/.vite/deps/sortablejs.js?v=3e7169fe
[2026-08-02T10:26:59.217Z]     ↳ Response: 200 OK
[2026-08-02T10:26:59.251Z] [3441] GET http://localhost:3007/src/components/ThemeManagement.tsx
[2026-08-02T10:26:59.266Z] [3442] GET http://localhost:3007/src/components/CustomCSSOverride.tsx
[2026-08-02T10:26:59.322Z]     ↳ Response: 200 OK
[2026-08-02T10:26:59.331Z]     ↳ Response: 200 OK
[2026-08-02T10:26:59.339Z]     ↳ Response: 200 OK
[2026-08-02T10:26:59.346Z]     ↳ Response: 200 OK
[2026-08-02T10:26:59.352Z]     ↳ Response: 200 OK
[2026-08-02T10:26:59.360Z]     ↳ Response: 200 OK
[2026-08-02T10:26:59.365Z] [3443] GET http://localhost:3007/node_modules/.vite/deps/react-dom.js?v=3e7169fe
[2026-08-02T10:26:59.373Z]     ↳ Response: 200 OK
[2026-08-02T10:26:59.378Z]     ↳ Response: 200 OK
[2026-08-02T10:26:59.384Z]     ↳ Response: 200 OK
[2026-08-02T10:26:59.538Z] [3444] GET http://localhost:3007/icons/favicon-32x32.png
[2026-08-02T10:26:59.543Z] [3445] GET http://localhost:3007/php/api/router.php?action=get_tenant_properties&tenant_id=4
[2026-08-02T10:26:59.549Z] [3446] GET http://localhost:3007/php/api/router.php?action=get_tenant_properties&tenant_id=4
[2026-08-02T10:26:59.557Z]     ↳ Response: 200 OK
[2026-08-02T10:26:59.560Z]     ↳ Response: 200 OK
[2026-08-02T10:26:59.568Z]     ↳ Response: 200 OK
[2026-08-02T10:27:37.145Z] [3447] GET http://localhost:3007/src/index.css?t=1785666457118
[2026-08-02T10:27:37.146Z] [3448] GET http://localhost:3007/src/components/PlatformPropertyManagement.tsx?t=1785666457118
[2026-08-02T10:27:37.749Z]     ↳ Response: 200 OK
[2026-08-02T10:27:37.767Z]     ↳ Response: 200 OK
[2026-08-02T10:28:16.661Z] [3449] GET http://localhost:3007/artists_farm/tenant_dashboard/
[2026-08-02T10:28:16.709Z]     ↳ Response: 200 OK
[2026-08-02T10:28:16.750Z] [3450] GET http://localhost:3007/@vite/client
[2026-08-02T10:28:16.782Z] [3451] GET http://localhost:3007/src/main.tsx?t=1785666457118
[2026-08-02T10:28:16.800Z] [3452] GET http://localhost:3007/@react-refresh
[2026-08-02T10:28:16.815Z]     ↳ Response: 200 OK
[2026-08-02T10:28:16.859Z] [3453] GET http://localhost:3007/node_modules/.vite/deps/react.js?v=3e7169fe
[2026-08-02T10:28:16.932Z] [3454] GET http://localhost:3007/node_modules/.vite/deps/react-dom_client.js?v=3e7169fe
[2026-08-02T10:28:16.951Z] [3455] GET http://localhost:3007/src/App.tsx?t=1785666457118
[2026-08-02T10:28:17.015Z] [3456] GET http://localhost:3007/src/index.css?t=1785666457118
[2026-08-02T10:28:17.137Z] [3457] GET http://localhost:3007/src/utils/telescopeLogger.ts
[2026-08-02T10:28:17.247Z] [3458] GET http://localhost:3007/node_modules/.vite/deps/react_jsx-dev-runtime.js?v=3e7169fe
[2026-08-02T10:28:17.295Z]     ↳ Response: 200 OK
[2026-08-02T10:28:17.328Z] [3459] GET http://localhost:3007/node_modules/.vite/deps/rolldown-runtime-B-1-B7_t.js?v=3e7169fe
[2026-08-02T10:28:17.343Z]     ↳ Response: 200 OK
[2026-08-02T10:28:17.391Z]     ↳ Response: 200 OK
[2026-08-02T10:28:17.411Z]     ↳ Response: 200 OK
[2026-08-02T10:28:17.438Z]     ↳ Response: 200 OK
[2026-08-02T10:28:17.454Z] [3460] GET http://localhost:3007/node_modules/vite/dist/client/env.mjs
[2026-08-02T10:28:17.489Z]     ↳ Response: 200 OK
[2026-08-02T10:28:17.521Z]     ↳ Response: 304 Not Modified
[2026-08-02T10:28:17.534Z] [3461] GET http://localhost:3007/src/components/Header.tsx
[2026-08-02T10:28:17.544Z] [3462] GET http://localhost:3007/src/components/Navigation.tsx
[2026-08-02T10:28:17.554Z] [3463] GET http://localhost:3007/src/components/OperationalDashboard.tsx
[2026-08-02T10:28:17.559Z] [3464] GET http://localhost:3007/src/components/GuestManagement.tsx
[2026-08-02T10:28:17.564Z] [3465] GET http://localhost:3007/src/components/KitchenManagement.tsx
[2026-08-02T10:28:17.570Z] [3466] GET http://localhost:3007/src/components/InventoryManagement.tsx
[2026-08-02T10:28:17.577Z] [3467] GET http://localhost:3007/src/components/PettyCashManagement.tsx
[2026-08-02T10:28:17.583Z] [3468] GET http://localhost:3007/src/components/CashDrawerManager.tsx
[2026-08-02T10:28:17.588Z] [3469] GET http://localhost:3007/src/components/ExpenseItemsManagement.tsx
[2026-08-02T10:28:17.593Z] [3470] GET http://localhost:3007/src/components/StaffManagement.tsx
[2026-08-02T10:28:17.598Z] [3471] GET http://localhost:3007/src/components/AnalyticsDashboard.tsx
[2026-08-02T10:28:17.605Z] [3472] GET http://localhost:3007/src/components/AuditLogsView.tsx
[2026-08-02T10:28:17.615Z] [3473] GET http://localhost:3007/src/components/DataExportCenter.tsx
[2026-08-02T10:28:17.621Z] [3474] GET http://localhost:3007/src/components/MenuManager.tsx
[2026-08-02T10:28:17.636Z] [3475] GET http://localhost:3007/src/components/MiscChargesManagement.tsx
[2026-08-02T10:28:17.641Z] [3476] GET http://localhost:3007/src/components/ICalSyncManager.tsx
[2026-08-02T10:28:17.646Z] [3477] GET http://localhost:3007/src/components/TelegramNotificationModal.tsx
[2026-08-02T10:28:17.653Z] [3478] GET http://localhost:3007/src/components/DemoDataModal.tsx
[2026-08-02T10:28:17.662Z] [3479] GET http://localhost:3007/src/components/GlobalModal.tsx
[2026-08-02T10:28:17.667Z] [3480] GET http://localhost:3007/src/components/ToastContext.tsx
[2026-08-02T10:28:17.676Z] [3481] GET http://localhost:3007/src/components/LoginModal.tsx
[2026-08-02T10:28:17.679Z] [3482] GET http://localhost:3007/src/contexts/StaffContext.tsx
[2026-08-02T10:28:17.681Z] [3483] GET http://localhost:3007/src/contexts/AuthContext.tsx
[2026-08-02T10:28:17.698Z] [3484] GET http://localhost:3007/src/contexts/FinanceContext.tsx
[2026-08-02T10:28:17.705Z] [3485] GET http://localhost:3007/src/contexts/InventoryContext.tsx
[2026-08-02T10:28:17.714Z] [3486] GET http://localhost:3007/src/contexts/KitchenContext.tsx
[2026-08-02T10:28:17.716Z] [3487] GET http://localhost:3007/src/utils/clientInfo.ts
[2026-08-02T10:28:17.725Z] [3488] GET http://localhost:3007/src/data/appConfig.ts
[2026-08-02T10:28:17.732Z] [3489] GET http://localhost:3007/src/services/themeService.ts
[2026-08-02T10:28:17.738Z] [3490] GET http://localhost:3007/src/services/api.ts
[2026-08-02T10:28:17.747Z] [3491] GET http://localhost:3007/src/contexts/ConfigurationDataContext.tsx
[2026-08-02T10:28:17.755Z] [3492] GET http://localhost:3007/src/contexts/ModulesContext.tsx
[2026-08-02T10:28:17.764Z] [3493] GET http://localhost:3007/src/components/DataLoader.tsx
[2026-08-02T10:28:17.772Z] [3494] GET http://localhost:3007/src/components/LoadingScreen.tsx
[2026-08-02T10:28:17.776Z] [3495] GET http://localhost:3007/src/components/LoginPage.tsx
[2026-08-02T10:28:17.786Z] [3496] GET http://localhost:3007/src/components/PlatformPropertyManagement.tsx?t=1785666457118
[2026-08-02T10:28:17.795Z] [3497] GET http://localhost:3007/src/components/TenantDashboard.tsx
[2026-08-02T10:28:17.805Z] [3498] GET http://localhost:3007/src/components/RootAdminDashboard.tsx?t=1785666457118
[2026-08-02T10:28:17.811Z] [3499] GET http://localhost:3007/src/components/MultiKeyPropertyOverview.tsx
[2026-08-02T10:28:17.821Z]     ↳ Response: 200 OK
[2026-08-02T10:28:17.834Z]     ↳ Response: 200 OK
[2026-08-02T10:28:17.848Z]     ↳ Response: 200 OK
[2026-08-02T10:28:17.858Z] [3500] GET http://localhost:3007/node_modules/.vite/deps/lucide-react.js?v=3e7169fe
[2026-08-02T10:28:17.866Z]     ↳ Response: 200 OK
[2026-08-02T10:28:17.873Z] [3501] GET http://localhost:3007/src/utils/iconResolver.tsx
[2026-08-02T10:28:17.881Z]     ↳ Response: 200 OK
[2026-08-02T10:28:17.893Z]     ↳ Response: 200 OK
[2026-08-02T10:28:17.897Z]     ↳ Response: 200 OK
[2026-08-02T10:28:17.904Z] [3502] GET http://localhost:3007/node_modules/.vite/deps/html-to-image.js?v=3e7169fe
[2026-08-02T10:28:17.908Z] [3503] GET http://localhost:3007/src/components/DateRangePicker.tsx
[2026-08-02T10:28:17.910Z] [3504] GET http://localhost:3007/src/components/BillingCheckout.tsx
[2026-08-02T10:28:17.927Z] [3505] GET http://localhost:3007/node_modules/.vite/deps/react-data-table-component.js?v=3e7169fe
[2026-08-02T10:28:17.946Z]     ↳ Response: 200 OK
[2026-08-02T10:28:17.960Z]     ↳ Response: 200 OK
[2026-08-02T10:28:17.966Z]     ↳ Response: 200 OK
[2026-08-02T10:28:17.973Z]     ↳ Response: 200 OK
[2026-08-02T10:28:17.990Z]     ↳ Response: 200 OK
[2026-08-02T10:28:17.997Z] [3506] GET http://localhost:3007/node_modules/.vite/deps/react-apexcharts.js?v=3e7169fe
[2026-08-02T10:28:18.010Z]     ↳ Response: 200 OK
[2026-08-02T10:28:18.016Z]     ↳ Response: 200 OK
[2026-08-02T10:28:18.031Z]     ↳ Response: 200 OK
[2026-08-02T10:28:18.078Z] [3507] GET http://localhost:3007/src/components/SearchableSelect.tsx
[2026-08-02T10:28:18.100Z]     ↳ Response: 200 OK
[2026-08-02T10:28:18.127Z] [3508] GET http://localhost:3007/src/components/NavMenuEditor.tsx
[2026-08-02T10:28:18.141Z]     ↳ Response: 200 OK
[2026-08-02T10:28:18.148Z]     ↳ Response: 200 OK
[2026-08-02T10:28:18.158Z]     ↳ Response: 200 OK
[2026-08-02T10:28:18.173Z]     ↳ Response: 200 OK
[2026-08-02T10:28:18.184Z]     ↳ Response: 200 OK
[2026-08-02T10:28:18.285Z]     ↳ Response: 200 OK
[2026-08-02T10:28:18.525Z]     ↳ Response: 200 OK
[2026-08-02T10:28:18.648Z]     ↳ Response: 200 OK
[2026-08-02T10:28:18.791Z] [3509] GET http://localhost:3007/src/components/TelegramConnectionSettings.tsx
[2026-08-02T10:28:18.828Z]     ↳ Response: 200 OK
[2026-08-02T10:28:18.856Z]     ↳ Response: 200 OK
[2026-08-02T10:28:18.868Z]     ↳ Response: 200 OK
[2026-08-02T10:28:18.949Z]     ↳ Response: 200 OK
[2026-08-02T10:28:19.015Z]     ↳ Response: 200 OK
[2026-08-02T10:28:19.072Z]     ↳ Response: 200 OK
[2026-08-02T10:28:19.093Z]     ↳ Response: 200 OK
[2026-08-02T10:28:19.110Z]     ↳ Response: 200 OK
[2026-08-02T10:28:19.124Z] [3510] GET http://localhost:3007/src/components/AppearanceSettings.tsx
[2026-08-02T10:28:19.138Z] [3511] GET http://localhost:3007/src/components/DefaultExpensesManager.tsx
[2026-08-02T10:28:19.148Z]     ↳ Response: 304 Not Modified
[2026-08-02T10:28:19.154Z]     ↳ Response: 200 OK
[2026-08-02T10:28:19.159Z]     ↳ Response: 200 OK
[2026-08-02T10:28:19.161Z] [3512] GET http://localhost:3007/src/components/ToggleSwitch.tsx
[2026-08-02T10:28:19.162Z]     ↳ Response: 200 OK
[2026-08-02T10:28:19.163Z]     ↳ Response: 200 OK
[2026-08-02T10:28:19.180Z]     ↳ Response: 200 OK
[2026-08-02T10:28:19.185Z]     ↳ Response: 200 OK
[2026-08-02T10:28:19.194Z] [3513] GET http://localhost:3007/node_modules/.vite/deps/react-dom.js?v=3e7169fe
[2026-08-02T10:28:19.197Z]     ↳ Response: 200 OK
[2026-08-02T10:28:19.202Z] [3514] GET http://localhost:3007/src/components/InvalidPropertyPage.tsx
[2026-08-02T10:28:19.212Z]     ↳ Response: 200 OK
[2026-08-02T10:28:19.216Z]     ↳ Response: 200 OK
[2026-08-02T10:28:19.217Z]     ↳ Response: 200 OK
[2026-08-02T10:28:19.219Z]     ↳ Response: 200 OK
[2026-08-02T10:28:19.220Z]     ↳ Response: 200 OK
[2026-08-02T10:28:19.221Z]     ↳ Response: 200 OK
[2026-08-02T10:28:19.222Z]     ↳ Response: 200 OK
[2026-08-02T10:28:19.223Z]     ↳ Response: 200 OK
[2026-08-02T10:28:19.224Z]     ↳ Response: 200 OK
[2026-08-02T10:28:19.235Z]     ↳ Response: 200 OK
[2026-08-02T10:28:19.246Z] [3515] GET http://localhost:3007/node_modules/.vite/deps/sortablejs.js?v=3e7169fe
[2026-08-02T10:28:19.249Z]     ↳ Response: 200 OK
[2026-08-02T10:28:19.250Z]     ↳ Response: 200 OK
[2026-08-02T10:28:19.251Z]     ↳ Response: 200 OK
[2026-08-02T10:28:19.252Z] [3516] GET http://localhost:3007/src/components/ThemeManagement.tsx
[2026-08-02T10:28:19.253Z] [3517] GET http://localhost:3007/src/components/CustomCSSOverride.tsx
[2026-08-02T10:28:19.254Z]     ↳ Response: 200 OK
[2026-08-02T10:28:19.255Z]     ↳ Response: 200 OK
[2026-08-02T10:28:19.256Z]     ↳ Response: 200 OK
[2026-08-02T10:28:19.257Z]     ↳ Response: 200 OK
[2026-08-02T10:28:19.258Z]     ↳ Response: 200 OK
[2026-08-02T10:28:19.259Z]     ↳ Response: 200 OK
[2026-08-02T10:28:19.259Z]     ↳ Response: 200 OK
[2026-08-02T10:28:19.365Z] [3518] GET http://localhost:3007/php/api/router.php?action=get_tenant_properties&tenant_id=4
[2026-08-02T10:28:19.369Z] [3519] GET http://localhost:3007/php/api/router.php?action=get_tenant_properties&tenant_id=4
[2026-08-02T10:28:19.372Z] [3520] GET http://localhost:3007/icons/favicon-32x32.png
[2026-08-02T10:28:19.377Z]     ↳ Response: 200 OK
[2026-08-02T10:28:19.383Z]     ↳ Response: 200 OK
[2026-08-02T10:28:19.388Z]     ↳ Response: 200 OK
[2026-08-02T10:29:02.242Z] [3521] GET http://localhost:3007/src/components/TenantDashboard.tsx?t=1785666542200
[2026-08-02T10:29:02.244Z] [3522] GET http://localhost:3007/src/index.css?t=1785666542200
[2026-08-02T10:29:04.185Z]     ↳ Response: 200 OK
[2026-08-02T10:29:04.215Z]     ↳ Response: 200 OK
[2026-08-02T10:29:08.898Z] [3523] GET http://localhost:3007/src/components/TenantDashboard.tsx?t=1785666548783
[2026-08-02T10:29:08.899Z] [3524] GET http://localhost:3007/src/index.css?t=1785666548783
[2026-08-02T10:29:09.673Z]     ↳ Response: 200 OK
[2026-08-02T10:29:10.259Z]     ↳ Response: 200 OK
[2026-08-02T10:29:22.304Z] [3525] GET http://localhost:3007/src/components/TenantDashboard.tsx?t=1785666562264
[2026-08-02T10:29:22.305Z] [3526] GET http://localhost:3007/src/index.css?t=1785666562264
[2026-08-02T10:29:22.878Z]     ↳ Response: 200 OK
[2026-08-02T10:29:22.929Z]     ↳ Response: 200 OK
[2026-08-02T10:29:43.174Z] [3527] GET http://localhost:3007/artists_farm/vrikshawan/goa-homes/
[2026-08-02T10:29:43.205Z]     ↳ Response: 200 OK
[2026-08-02T10:29:43.252Z] [3528] GET http://localhost:3007/@vite/client
[2026-08-02T10:29:43.263Z] [3529] GET http://localhost:3007/src/main.tsx?t=1785666562264
[2026-08-02T10:29:43.280Z] [3530] GET http://localhost:3007/@react-refresh
[2026-08-02T10:29:43.317Z]     ↳ Response: 200 OK
[2026-08-02T10:29:43.324Z] [3531] GET http://localhost:3007/node_modules/.vite/deps/react.js?v=3e7169fe
[2026-08-02T10:29:43.329Z] [3532] GET http://localhost:3007/node_modules/.vite/deps/react-dom_client.js?v=3e7169fe
[2026-08-02T10:29:43.344Z] [3533] GET http://localhost:3007/src/App.tsx?t=1785666562264
[2026-08-02T10:29:43.372Z] [3534] GET http://localhost:3007/src/index.css?t=1785666562264
[2026-08-02T10:29:43.440Z] [3535] GET http://localhost:3007/src/utils/telescopeLogger.ts
[2026-08-02T10:29:43.502Z] [3536] GET http://localhost:3007/node_modules/.vite/deps/react_jsx-dev-runtime.js?v=3e7169fe
[2026-08-02T10:29:43.524Z]     ↳ Response: 200 OK
[2026-08-02T10:29:43.576Z]     ↳ Response: 200 OK
[2026-08-02T10:29:43.679Z] [3537] GET http://localhost:3007/node_modules/.vite/deps/rolldown-runtime-B-1-B7_t.js?v=3e7169fe
[2026-08-02T10:29:43.729Z]     ↳ Response: 200 OK
[2026-08-02T10:29:43.774Z] [3538] GET http://localhost:3007/node_modules/vite/dist/client/env.mjs
[2026-08-02T10:29:43.803Z]     ↳ Response: 200 OK
[2026-08-02T10:29:43.889Z]     ↳ Response: 200 OK
[2026-08-02T10:29:43.917Z]     ↳ Response: 200 OK
[2026-08-02T10:29:43.937Z] [3539] GET http://localhost:3007/src/components/Header.tsx
[2026-08-02T10:29:43.974Z] [3540] GET http://localhost:3007/src/components/Navigation.tsx
[2026-08-02T10:29:44.026Z] [3541] GET http://localhost:3007/src/components/OperationalDashboard.tsx
[2026-08-02T10:29:44.077Z] [3542] GET http://localhost:3007/src/components/GuestManagement.tsx
[2026-08-02T10:29:44.152Z] [3543] GET http://localhost:3007/src/components/KitchenManagement.tsx
[2026-08-02T10:29:44.180Z] [3544] GET http://localhost:3007/src/components/InventoryManagement.tsx
[2026-08-02T10:29:44.203Z] [3545] GET http://localhost:3007/src/components/PettyCashManagement.tsx
[2026-08-02T10:29:44.277Z] [3546] GET http://localhost:3007/src/components/CashDrawerManager.tsx
[2026-08-02T10:29:44.300Z] [3547] GET http://localhost:3007/src/components/ExpenseItemsManagement.tsx
[2026-08-02T10:29:44.324Z] [3548] GET http://localhost:3007/src/components/StaffManagement.tsx
[2026-08-02T10:29:44.337Z] [3549] GET http://localhost:3007/src/components/AnalyticsDashboard.tsx
[2026-08-02T10:29:44.358Z] [3550] GET http://localhost:3007/src/components/AuditLogsView.tsx
[2026-08-02T10:29:44.373Z] [3551] GET http://localhost:3007/src/components/DataExportCenter.tsx
[2026-08-02T10:29:44.391Z] [3552] GET http://localhost:3007/src/components/MenuManager.tsx
[2026-08-02T10:29:44.405Z] [3553] GET http://localhost:3007/src/components/MiscChargesManagement.tsx
[2026-08-02T10:29:44.416Z] [3554] GET http://localhost:3007/src/components/ICalSyncManager.tsx
[2026-08-02T10:29:44.426Z] [3555] GET http://localhost:3007/src/components/TelegramNotificationModal.tsx
[2026-08-02T10:29:44.438Z] [3556] GET http://localhost:3007/src/components/DemoDataModal.tsx
[2026-08-02T10:29:44.446Z] [3557] GET http://localhost:3007/src/components/GlobalModal.tsx
[2026-08-02T10:29:44.458Z] [3558] GET http://localhost:3007/src/components/ToastContext.tsx
[2026-08-02T10:29:44.468Z] [3559] GET http://localhost:3007/src/components/LoginModal.tsx
[2026-08-02T10:29:44.477Z] [3560] GET http://localhost:3007/src/contexts/StaffContext.tsx
[2026-08-02T10:29:44.491Z] [3561] GET http://localhost:3007/src/contexts/AuthContext.tsx
[2026-08-02T10:29:44.505Z] [3562] GET http://localhost:3007/src/contexts/FinanceContext.tsx
[2026-08-02T10:29:44.536Z] [3563] GET http://localhost:3007/src/contexts/InventoryContext.tsx
[2026-08-02T10:29:44.541Z] [3564] GET http://localhost:3007/src/contexts/KitchenContext.tsx
[2026-08-02T10:29:44.577Z] [3565] GET http://localhost:3007/src/utils/clientInfo.ts
[2026-08-02T10:29:44.593Z] [3566] GET http://localhost:3007/src/data/appConfig.ts
[2026-08-02T10:29:44.612Z] [3567] GET http://localhost:3007/src/services/themeService.ts
[2026-08-02T10:29:44.675Z] [3568] GET http://localhost:3007/src/services/api.ts
[2026-08-02T10:29:44.745Z] [3569] GET http://localhost:3007/src/contexts/ConfigurationDataContext.tsx
[2026-08-02T10:29:44.777Z] [3570] GET http://localhost:3007/src/contexts/ModulesContext.tsx
[2026-08-02T10:29:44.828Z] [3571] GET http://localhost:3007/src/components/DataLoader.tsx
[2026-08-02T10:29:44.887Z] [3572] GET http://localhost:3007/src/components/LoadingScreen.tsx
[2026-08-02T10:29:45.075Z] [3573] GET http://localhost:3007/src/components/LoginPage.tsx
[2026-08-02T10:29:45.170Z] [3574] GET http://localhost:3007/src/components/PlatformPropertyManagement.tsx?t=1785666457118
[2026-08-02T10:29:45.308Z] [3575] GET http://localhost:3007/src/components/TenantDashboard.tsx?t=1785666562264
[2026-08-02T10:29:45.411Z] [3576] GET http://localhost:3007/src/components/RootAdminDashboard.tsx?t=1785666457118
[2026-08-02T10:29:45.579Z] [3577] GET http://localhost:3007/src/components/MultiKeyPropertyOverview.tsx
[2026-08-02T10:29:45.655Z]     ↳ Response: 304 Not Modified
[2026-08-02T10:29:45.734Z]     ↳ Response: 200 OK
[2026-08-02T10:29:45.778Z]     ↳ Response: 200 OK
[2026-08-02T10:29:45.927Z]     ↳ Response: 200 OK
[2026-08-02T10:29:46.026Z] [3578] GET http://localhost:3007/node_modules/.vite/deps/lucide-react.js?v=3e7169fe
[2026-08-02T10:29:46.106Z]     ↳ Response: 200 OK
[2026-08-02T10:29:46.139Z] [3579] GET http://localhost:3007/src/utils/iconResolver.tsx
[2026-08-02T10:29:46.177Z]     ↳ Response: 200 OK
[2026-08-02T10:29:46.222Z]     ↳ Response: 200 OK
[2026-08-02T10:29:46.235Z]     ↳ Response: 200 OK
[2026-08-02T10:29:46.246Z] [3580] GET http://localhost:3007/node_modules/.vite/deps/react-data-table-component.js?v=3e7169fe
[2026-08-02T10:29:46.307Z] [3581] GET http://localhost:3007/node_modules/.vite/deps/html-to-image.js?v=3e7169fe
[2026-08-02T10:29:46.463Z] [3582] GET http://localhost:3007/src/components/DateRangePicker.tsx
[2026-08-02T10:29:46.639Z] [3583] GET http://localhost:3007/src/components/BillingCheckout.tsx
[2026-08-02T10:29:46.673Z]     ↳ Response: 200 OK
[2026-08-02T10:29:46.720Z]     ↳ Response: 200 OK
[2026-08-02T10:29:46.771Z]     ↳ Response: 200 OK
[2026-08-02T10:29:46.853Z] [3584] GET http://localhost:3007/node_modules/.vite/deps/react-apexcharts.js?v=3e7169fe
[2026-08-02T10:29:46.905Z]     ↳ Response: 200 OK
[2026-08-02T10:29:46.938Z]     ↳ Response: 200 OK
[2026-08-02T10:29:47.002Z]     ↳ Response: 200 OK
[2026-08-02T10:29:47.132Z]     ↳ Response: 200 OK
[2026-08-02T10:29:47.262Z]     ↳ Response: 200 OK
[2026-08-02T10:29:47.334Z]     ↳ Response: 200 OK
[2026-08-02T10:29:47.426Z] [3585] GET http://localhost:3007/src/components/SearchableSelect.tsx
[2026-08-02T10:29:47.488Z] [3586] GET http://localhost:3007/src/components/NavMenuEditor.tsx
[2026-08-02T10:29:47.536Z]     ↳ Response: 200 OK
[2026-08-02T10:29:47.588Z]     ↳ Response: 200 OK
[2026-08-02T10:29:47.675Z]     ↳ Response: 200 OK
[2026-08-02T10:29:47.753Z]     ↳ Response: 200 OK
[2026-08-02T10:29:47.795Z]     ↳ Response: 200 OK
[2026-08-02T10:29:47.838Z]     ↳ Response: 200 OK
[2026-08-02T10:29:47.891Z]     ↳ Response: 200 OK
[2026-08-02T10:29:47.985Z]     ↳ Response: 200 OK
[2026-08-02T10:29:48.075Z]     ↳ Response: 200 OK
[2026-08-02T10:29:48.160Z]     ↳ Response: 200 OK
[2026-08-02T10:29:48.206Z] [3587] GET http://localhost:3007/src/components/TelegramConnectionSettings.tsx
[2026-08-02T10:29:48.240Z]     ↳ Response: 200 OK
[2026-08-02T10:29:48.280Z]     ↳ Response: 200 OK
[2026-08-02T10:29:48.304Z]     ↳ Response: 200 OK
[2026-08-02T10:29:48.319Z]     ↳ Response: 200 OK
[2026-08-02T10:29:48.354Z]     ↳ Response: 200 OK
[2026-08-02T10:29:48.378Z]     ↳ Response: 200 OK
[2026-08-02T10:29:48.406Z]     ↳ Response: 200 OK
[2026-08-02T10:29:48.439Z]     ↳ Response: 200 OK
[2026-08-02T10:29:48.454Z]     ↳ Response: 304 Not Modified
[2026-08-02T10:29:48.477Z]     ↳ Response: 200 OK
[2026-08-02T10:29:48.516Z] [3588] GET http://localhost:3007/src/components/InvalidPropertyPage.tsx
[2026-08-02T10:29:48.568Z]     ↳ Response: 200 OK
[2026-08-02T10:29:48.606Z]     ↳ Response: 200 OK
[2026-08-02T10:29:48.630Z]     ↳ Response: 200 OK
[2026-08-02T10:29:48.653Z]     ↳ Response: 200 OK
[2026-08-02T10:29:48.669Z] [3589] GET http://localhost:3007/src/components/AppearanceSettings.tsx
[2026-08-02T10:29:48.674Z] [3590] GET http://localhost:3007/src/components/DefaultExpensesManager.tsx
[2026-08-02T10:29:48.685Z]     ↳ Response: 200 OK
[2026-08-02T10:29:48.702Z]     ↳ Response: 200 OK
[2026-08-02T10:29:48.710Z]     ↳ Response: 200 OK
[2026-08-02T10:29:48.726Z]     ↳ Response: 200 OK
[2026-08-02T10:29:48.754Z] [3591] GET http://localhost:3007/src/components/ToggleSwitch.tsx
[2026-08-02T10:29:48.775Z]     ↳ Response: 200 OK
[2026-08-02T10:29:48.851Z]     ↳ Response: 200 OK
[2026-08-02T10:29:49.045Z]     ↳ Response: 200 OK
[2026-08-02T10:29:49.136Z]     ↳ Response: 200 OK
[2026-08-02T10:29:49.161Z] [3592] GET http://localhost:3007/node_modules/.vite/deps/sortablejs.js?v=3e7169fe
[2026-08-02T10:29:49.219Z]     ↳ Response: 200 OK
[2026-08-02T10:29:49.313Z]     ↳ Response: 200 OK
[2026-08-02T10:29:49.407Z]     ↳ Response: 200 OK
[2026-08-02T10:29:49.481Z]     ↳ Response: 200 OK
[2026-08-02T10:29:49.517Z] [3593] GET http://localhost:3007/node_modules/.vite/deps/react-dom.js?v=3e7169fe
[2026-08-02T10:29:49.555Z]     ↳ Response: 200 OK
[2026-08-02T10:29:49.650Z] [3594] GET http://localhost:3007/src/components/ThemeManagement.tsx
[2026-08-02T10:29:49.725Z] [3595] GET http://localhost:3007/src/components/CustomCSSOverride.tsx
[2026-08-02T10:29:49.875Z]     ↳ Response: 200 OK
[2026-08-02T10:29:49.904Z]     ↳ Response: 200 OK
[2026-08-02T10:29:49.940Z]     ↳ Response: 200 OK
[2026-08-02T10:29:49.962Z]     ↳ Response: 200 OK
[2026-08-02T10:29:49.972Z]     ↳ Response: 200 OK
[2026-08-02T10:29:49.984Z]     ↳ Response: 200 OK
[2026-08-02T10:29:50.028Z]     ↳ Response: 200 OK
[2026-08-02T10:29:50.245Z] [3596] GET http://localhost:3007/artists_farm/php/api/router.php?action=get_current_property&property_slug=goa-homes
[2026-08-02T10:29:50.307Z] [3597] GET http://localhost:3007/artists_farm/php/api/router.php?action=get_current_property&property_slug=goa-homes
[2026-08-02T10:29:50.331Z]     ↳ Response: 200 OK
[2026-08-02T10:29:50.350Z] [3598] GET http://localhost:3007/php/api/router.php?action=get_multikey_property&property_id=56763
[2026-08-02T10:29:50.362Z]     ↳ Response: 200 OK
[2026-08-02T10:29:50.379Z] [3599] GET http://localhost:3007/php/api/router.php?action=get_multikey_property&property_id=56763
[2026-08-02T10:29:50.394Z]     ↳ Response: 200 OK
[2026-08-02T10:29:50.459Z] [3600] GET http://localhost:3007/artists_farm/php/api/router.php?action=get_property_modules&property_slug=goa-homes
[2026-08-02T10:29:50.497Z] [3601] GET http://localhost:3007/artists_farm/php/api/router.php?action=get_nav_menu&property_slug=goa-homes
[2026-08-02T10:29:50.522Z] [3602] GET http://localhost:3007/artists_farm/php/api/router.php?action=get_telegram_config&property_slug=goa-homes
[2026-08-02T10:29:50.579Z]     ↳ Response: 200 OK
[2026-08-02T10:29:50.621Z] [3603] GET http://localhost:3007/artists_farm/php/api/router.php?action=get_property_modules&property_slug=goa-homes
[2026-08-02T10:29:50.661Z] [3604] GET http://localhost:3007/artists_farm/php/api/router.php?action=get_nav_menu&property_slug=goa-homes
[2026-08-02T10:29:50.680Z] [3605] GET http://localhost:3007/artists_farm/php/api/router.php?action=get_telegram_config&property_slug=goa-homes
[2026-08-02T10:29:50.729Z]     ↳ Response: 200 OK
[2026-08-02T10:29:50.762Z]     ↳ Response: 200 OK
[2026-08-02T10:29:50.775Z]     ↳ Response: 200 OK
[2026-08-02T10:29:51.213Z] [3606] GET https://images.unsplash.com/photo-1534528741775-53994a69daeb?w=100&auto=format&fit=crop&q=80
[2026-08-02T10:29:51.261Z] [3607] GET http://localhost:3007/php/api/router.php?action=get_property_modules&property_slug=goa-homes
[2026-08-02T10:29:51.310Z] [3608] GET http://localhost:3007/artists_farm/php/api/router.php?action=get_telegram_config&property_slug=goa-homes
[2026-08-02T10:29:51.357Z] [3609] GET http://localhost:3007/artists_farm/php/api/ical_sync.php?action=get_blocked_dates
[2026-08-02T10:29:51.429Z] [3610] GET http://localhost:3007/php/api/router.php?action=get_system_settings
[2026-08-02T10:29:51.453Z] [3611] GET http://localhost:3007/php/api/router.php?action=get_theme_settings
[2026-08-02T10:29:51.462Z] [3612] GET http://localhost:3007/artists_farm/php/api/router.php?action=get_guests&property_slug=goa-homes
[2026-08-02T10:29:51.509Z] [3613] GET http://localhost:3007/artists_farm/php/api/router.php?action=get_users&property_slug=goa-homes
[2026-08-02T10:29:51.540Z] [3614] GET http://localhost:3007/artists_farm/php/api/router.php?action=get_attendance&property_slug=goa-homes
[2026-08-02T10:29:51.600Z] [3615] GET http://localhost:3007/artists_farm/php/api/router.php?action=get_audit_logs&property_slug=goa-homes
[2026-08-02T10:29:51.639Z] [3616] GET http://localhost:3007/artists_farm/php/api/router.php?action=get_receipts&property_slug=goa-homes
[2026-08-02T10:29:51.680Z] [3617] GET http://localhost:3007/artists_farm/php/api/router.php?action=get_users&property_slug=goa-homes
[2026-08-02T10:29:51.693Z] [3618] GET http://localhost:3007/artists_farm/php/api/router.php?action=get_nav_menu&property_slug=goa-homes
[2026-08-02T10:29:51.706Z] [3619] GET http://localhost:3007/artists_farm/php/api/router.php?action=get_guests&property_slug=goa-homes
[2026-08-02T10:29:51.773Z] [3620] GET http://localhost:3007/artists_farm/php/api/router.php?action=get_attendance&property_slug=goa-homes
[2026-08-02T10:29:51.860Z] [3621] GET http://localhost:3007/artists_farm/php/api/router.php?action=get_audit_logs&property_slug=goa-homes
[2026-08-02T10:29:51.878Z] [3622] GET http://localhost:3007/artists_farm/php/api/router.php?action=get_receipts&property_slug=goa-homes
[2026-08-02T10:29:51.921Z] [3623] GET http://localhost:3007/artists_farm/php/api/router.php?action=get_misc_catalog&property_slug=goa-homes
[2026-08-02T10:29:51.947Z] [3624] GET http://localhost:3007/artists_farm/php/api/router.php?action=get_petty_cash&property_slug=goa-homes
[2026-08-02T10:29:51.954Z] [3625] GET http://localhost:3007/artists_farm/php/api/router.php?action=get_users&property_slug=goa-homes
[2026-08-02T10:29:51.971Z] [3626] GET http://localhost:3007/artists_farm/php/api/router.php?action=get_attendance&property_slug=goa-homes
[2026-08-02T10:29:51.978Z] [3627] GET http://localhost:3007/php/api/router.php?action=get_property_modules&property_slug=goa-homes
[2026-08-02T10:29:51.995Z] [3628] GET http://localhost:3007/artists_farm/php/api/router.php?action=get_telegram_config&property_slug=goa-homes
[2026-08-02T10:29:52.012Z] [3629] GET http://localhost:3007/artists_farm/php/api/ical_sync.php?action=get_blocked_dates
[2026-08-02T10:29:52.027Z] [3630] GET http://localhost:3007/php/api/router.php?action=get_system_settings
[2026-08-02T10:29:52.040Z] [3631] GET http://localhost:3007/php/api/router.php?action=get_theme_settings
[2026-08-02T10:29:52.055Z] [3632] GET http://localhost:3007/artists_farm/php/api/router.php?action=get_guests&property_slug=goa-homes
[2026-08-02T10:29:52.103Z] [3633] GET http://localhost:3007/artists_farm/php/api/router.php?action=get_users&property_slug=goa-homes
[2026-08-02T10:29:52.157Z] [3634] GET http://localhost:3007/artists_farm/php/api/router.php?action=get_attendance&property_slug=goa-homes
[2026-08-02T10:29:52.171Z] [3635] GET http://localhost:3007/artists_farm/php/api/router.php?action=get_audit_logs&property_slug=goa-homes
[2026-08-02T10:29:52.190Z] [3636] GET http://localhost:3007/artists_farm/php/api/router.php?action=get_receipts&property_slug=goa-homes
[2026-08-02T10:29:52.206Z] [3637] GET http://localhost:3007/artists_farm/php/api/router.php?action=get_users&property_slug=goa-homes
[2026-08-02T10:29:52.219Z] [3638] GET http://localhost:3007/artists_farm/php/api/router.php?action=get_nav_menu&property_slug=goa-homes
[2026-08-02T10:29:52.227Z] [3639] GET http://localhost:3007/artists_farm/php/api/router.php?action=get_guests&property_slug=goa-homes
[2026-08-02T10:29:52.249Z] [3640] GET http://localhost:3007/artists_farm/php/api/router.php?action=get_attendance&property_slug=goa-homes
[2026-08-02T10:29:52.255Z] [3641] GET http://localhost:3007/artists_farm/php/api/router.php?action=get_audit_logs&property_slug=goa-homes
[2026-08-02T10:29:52.273Z] [3642] GET http://localhost:3007/artists_farm/php/api/router.php?action=get_receipts&property_slug=goa-homes
[2026-08-02T10:29:52.288Z] [3643] GET http://localhost:3007/artists_farm/php/api/router.php?action=get_misc_catalog&property_slug=goa-homes
[2026-08-02T10:29:52.302Z] [3644] GET http://localhost:3007/artists_farm/php/api/router.php?action=get_petty_cash&property_slug=goa-homes
[2026-08-02T10:29:52.355Z] [3645] GET http://localhost:3007/artists_farm/php/api/router.php?action=get_users&property_slug=goa-homes
[2026-08-02T10:29:52.404Z] [3646] GET http://localhost:3007/artists_farm/php/api/router.php?action=get_attendance&property_slug=goa-homes
[2026-08-02T10:29:52.438Z]     ↳ Response: 200 
[2026-08-02T10:29:52.459Z]     ↳ Response: 200 OK
[2026-08-02T10:29:52.473Z]     ↳ Response: 200 OK
[2026-08-02T10:29:52.478Z]     ↳ Response: 200 OK
[2026-08-02T10:29:52.488Z]     ↳ Response: 200 OK
[2026-08-02T10:29:52.527Z]     ↳ Response: 200 OK
[2026-08-02T10:29:52.535Z]     ↳ Response: 200 OK
[2026-08-02T10:29:52.544Z]     ↳ Response: 200 OK
[2026-08-02T10:29:52.547Z]     ↳ Response: 200 OK
[2026-08-02T10:29:52.738Z]     ↳ Response: 200 OK
[2026-08-02T10:29:53.041Z]     ↳ Response: 200 OK
[2026-08-02T10:29:53.345Z]     ↳ Response: 200 OK
[2026-08-02T10:29:53.578Z]     ↳ Response: 200 OK
[2026-08-02T10:29:53.787Z]     ↳ Response: 200 OK
[2026-08-02T10:29:53.810Z]     ↳ Response: 200 OK
[2026-08-02T10:29:53.868Z]     ↳ Response: 200 OK
[2026-08-02T10:29:53.925Z]     ↳ Response: 200 OK
[2026-08-02T10:29:54.044Z]     ↳ Response: 200 OK
[2026-08-02T10:29:54.056Z]     ↳ Response: 200 OK
[2026-08-02T10:29:54.070Z]     ↳ Response: 200 OK
[2026-08-02T10:29:54.079Z]     ↳ Response: 200 OK
[2026-08-02T10:29:54.143Z]     ↳ Response: 200 OK
[2026-08-02T10:29:54.184Z]     ↳ Response: 200 OK
[2026-08-02T10:29:54.393Z]     ↳ Response: 200 OK
[2026-08-02T10:29:54.537Z]     ↳ Response: 200 OK
[2026-08-02T10:29:54.793Z]     ↳ Response: 200 OK
[2026-08-02T10:29:54.807Z]     ↳ Response: 200 OK
[2026-08-02T10:29:54.901Z]     ↳ Response: 200 OK
[2026-08-02T10:29:55.258Z]     ↳ Response: 200 OK
[2026-08-02T10:29:55.352Z]     ↳ Response: 200 OK
[2026-08-02T10:29:55.362Z]     ↳ Response: 200 OK
[2026-08-02T10:29:55.427Z]     ↳ Response: 200 OK
[2026-08-02T10:29:55.644Z]     ↳ Response: 200 OK
[2026-08-02T10:29:55.803Z]     ↳ Response: 200 OK
[2026-08-02T10:29:56.026Z]     ↳ Response: 200 OK
[2026-08-02T10:29:56.150Z]     ↳ Response: 200 OK
[2026-08-02T10:29:56.224Z] [3647] GET http://localhost:3007/php/api/router.php?action=get_multikey_property&property_id=56763
[2026-08-02T10:29:56.244Z] [3648] GET http://localhost:3007/php/api/router.php?action=get_multikey_property&property_id=56763
[2026-08-02T10:29:56.278Z]     ↳ Response: 200 OK
[2026-08-02T10:29:56.391Z]     ↳ Response: 200 OK
[2026-08-02T10:29:56.460Z]     ↳ Response: 200 OK
[2026-08-02T10:29:56.525Z]     ↳ Response: 200 OK
[2026-08-02T10:29:56.530Z]     ↳ Response: 200 OK
[2026-08-02T10:29:56.541Z] [3649] GET http://localhost:3007/php/api/router.php?action=get_multikey_overview&property_id=56763
[2026-08-02T10:29:56.554Z]     ↳ Response: 200 OK
[2026-08-02T10:29:56.619Z]     ↳ Response: 200 OK
[2026-08-02T10:29:56.701Z]     ↳ Response: 200 OK
[2026-08-02T10:29:56.720Z] [3650] GET http://localhost:3007/artists_farm/php/api/ical_sync.php?action=get_blocked_dates
[2026-08-02T10:29:56.723Z] [3651] GET http://localhost:3007/artists_farm/php/api/ical_sync.php?action=get_blocked_dates
[2026-08-02T10:29:56.740Z]     ↳ Response: 200 OK
[2026-08-02T10:29:56.746Z] [3652] GET http://localhost:3007/php/api/router.php?action=get_multikey_overview&property_id=56763
[2026-08-02T10:29:56.758Z]     ↳ Response: 200 OK
[2026-08-02T10:29:56.929Z]     ↳ Response: 200 OK
[2026-08-02T10:29:57.043Z]     ↳ Response: 200 OK
[2026-08-02T10:29:57.056Z]     ↳ Response: 200 OK
[2026-08-02T10:29:57.069Z]     ↳ Response: 200 OK
[2026-08-02T10:29:59.963Z] [3653] GET http://localhost:3007/artists_farm/php/api/ical_sync.php?action=get_blocked_dates
[2026-08-02T10:29:59.977Z] [3654] GET http://localhost:3007/artists_farm/php/api/ical_sync.php?action=get_blocked_dates
[2026-08-02T10:30:00.228Z]     ↳ Response: 200 OK
[2026-08-02T10:30:00.498Z]     ↳ Response: 200 OK
[2026-08-02T10:30:02.796Z] [3655] GET http://localhost:3007/php/api/router.php?action=get_multikey_property&property_id=56763
[2026-08-02T10:30:02.818Z] [3656] GET http://localhost:3007/php/api/router.php?action=get_multikey_property&property_id=56763
[2026-08-02T10:30:02.843Z]     ↳ Response: 200 OK
[2026-08-02T10:30:02.845Z] [3657] GET http://localhost:3007/php/api/router.php?action=get_multikey_overview&property_id=56763
[2026-08-02T10:30:03.203Z]     ↳ Response: 200 OK
[2026-08-02T10:30:03.205Z] [3658] GET http://localhost:3007/php/api/router.php?action=get_multikey_overview&property_id=56763
[2026-08-02T10:30:03.256Z]     ↳ Response: 200 OK
[2026-08-02T10:30:03.294Z] [3659] GET http://localhost:3007/artists_farm/php/api/ical_sync.php?action=get_blocked_dates
[2026-08-02T10:30:03.298Z] [3660] GET http://localhost:3007/artists_farm/php/api/ical_sync.php?action=get_blocked_dates
[2026-08-02T10:30:03.646Z]     ↳ Response: 200 OK
[2026-08-02T10:30:03.649Z]     ↳ Response: 200 OK
[2026-08-02T10:30:03.977Z]     ↳ Response: 200 OK
[2026-08-02T10:31:12.217Z] [3661] GET http://localhost:3007/artists_farm/php/api/ical_sync.php?action=get_ical_syncs
[2026-08-02T10:31:12.242Z] [3662] GET http://localhost:3007/php/api/router.php?action=get_multikey_property&property_id=56763
[2026-08-02T10:31:12.258Z] [3663] GET http://localhost:3007/artists_farm/php/api/ical_sync.php?action=get_ical_syncs
[2026-08-02T10:31:12.262Z] [3664] GET http://localhost:3007/php/api/router.php?action=get_multikey_property&property_id=56763
[2026-08-02T10:31:12.568Z]     ↳ Response: 200 OK
[2026-08-02T10:31:12.637Z]     ↳ Response: 200 OK
[2026-08-02T10:31:12.800Z]     ↳ Response: 200 OK
[2026-08-02T10:31:12.945Z]     ↳ Response: 200 OK
[2026-08-02T10:31:17.012Z] [3665] GET http://localhost:3007/php/api/router.php?action=get_multikey_property&property_id=56763
[2026-08-02T10:31:17.032Z] [3666] GET http://localhost:3007/php/api/router.php?action=get_multikey_property&property_id=56763
[2026-08-02T10:31:17.143Z]     ↳ Response: 200 OK
[2026-08-02T10:31:17.147Z] [3667] GET http://localhost:3007/php/api/router.php?action=get_multikey_overview&property_id=56763
[2026-08-02T10:31:17.523Z]     ↳ Response: 200 OK
[2026-08-02T10:31:17.538Z] [3668] GET http://localhost:3007/php/api/router.php?action=get_multikey_overview&property_id=56763
[2026-08-02T10:31:17.579Z]     ↳ Response: 200 OK
[2026-08-02T10:31:17.629Z] [3669] GET http://localhost:3007/artists_farm/php/api/ical_sync.php?action=get_blocked_dates
[2026-08-02T10:31:17.634Z] [3670] GET http://localhost:3007/artists_farm/php/api/ical_sync.php?action=get_blocked_dates
[2026-08-02T10:31:17.766Z]     ↳ Response: 200 OK
[2026-08-02T10:31:17.940Z]     ↳ Response: 200 OK
[2026-08-02T10:31:18.016Z]     ↳ Response: 200 OK
[2026-08-02T10:32:00.813Z] [3671] GET http://localhost:3007/artists_farm/php/api/ical_sync.php?action=get_blocked_dates
[2026-08-02T10:32:00.849Z] [3672] GET http://localhost:3007/artists_farm/php/api/ical_sync.php?action=get_blocked_dates
[2026-08-02T10:32:01.193Z]     ↳ Response: 200 OK
[2026-08-02T10:32:01.451Z]     ↳ Response: 200 OK
[2026-08-02T10:33:19.124Z] [3673] GET http://localhost:3007/php/api/router.php?action=get_multikey_property&property_id=56763
[2026-08-02T10:33:19.249Z] [3674] GET http://localhost:3007/php/api/router.php?action=get_multikey_property&property_id=56763
[2026-08-02T10:33:19.585Z]     ↳ Response: 200 OK
[2026-08-02T10:33:19.596Z] [3675] GET http://localhost:3007/php/api/router.php?action=get_multikey_overview&property_id=56763
[2026-08-02T10:33:19.860Z]     ↳ Response: 200 OK
[2026-08-02T10:33:19.867Z] [3676] GET http://localhost:3007/php/api/router.php?action=get_multikey_overview&property_id=56763
[2026-08-02T10:33:19.966Z]     ↳ Response: 200 OK
[2026-08-02T10:33:20.009Z] [3677] GET http://localhost:3007/artists_farm/php/api/ical_sync.php?action=get_blocked_dates
[2026-08-02T10:33:20.028Z] [3678] GET http://localhost:3007/artists_farm/php/api/ical_sync.php?action=get_blocked_dates
[2026-08-02T10:33:20.099Z]     ↳ Response: 200 OK
[2026-08-02T10:33:20.430Z]     ↳ Response: 200 OK
[2026-08-02T10:33:20.785Z]     ↳ Response: 200 OK
[2026-08-02T10:33:36.709Z] [3679] GET http://localhost:3007/src/components/Navigation.tsx?t=1785666816635
[2026-08-02T10:33:36.710Z] [3680] GET http://localhost:3007/src/index.css?t=1785666816635
[2026-08-02T10:33:36.834Z]     ↳ Response: 200 OK
[2026-08-02T10:33:37.004Z]     ↳ Response: 200 OK
[2026-08-02T10:34:20.392Z] [3681] GET http://localhost:3007/src/App.tsx?t=1785666860326
[2026-08-02T10:34:20.409Z] [3682] GET http://localhost:3007/src/index.css?t=1785666860326
[2026-08-02T10:34:20.755Z]     ↳ Response: 200 OK
[2026-08-02T10:34:20.891Z]     ↳ Response: 200 OK
[2026-08-02T10:34:25.398Z] [3683] GET http://localhost:3007/artists_farm/php/api/ical_sync.php?action=get_blocked_dates
[2026-08-02T10:34:25.448Z] [3684] GET http://localhost:3007/artists_farm/php/api/ical_sync.php?action=get_blocked_dates
[2026-08-02T10:34:25.626Z]     ↳ Response: 200 OK
[2026-08-02T10:34:25.638Z]     ↳ Response: 200 OK
[2026-08-02T10:34:39.827Z] [3685] GET http://localhost:3007/php/api/router.php?action=get_multikey_property&property_id=56763
[2026-08-02T10:34:39.829Z] [3686] GET http://localhost:3007/php/api/router.php?action=get_multikey_property&property_id=56763
[2026-08-02T10:34:40.184Z]     ↳ Response: 200 OK
[2026-08-02T10:34:40.187Z] [3687] GET http://localhost:3007/php/api/router.php?action=get_multikey_overview&property_id=56763
[2026-08-02T10:34:40.474Z]     ↳ Response: 200 OK
[2026-08-02T10:34:40.479Z] [3688] GET http://localhost:3007/php/api/router.php?action=get_multikey_overview&property_id=56763
[2026-08-02T10:34:40.549Z]     ↳ Response: 200 OK
[2026-08-02T10:34:40.598Z] [3689] GET http://localhost:3007/artists_farm/php/api/ical_sync.php?action=get_blocked_dates
[2026-08-02T10:34:40.629Z] [3690] GET http://localhost:3007/artists_farm/php/api/ical_sync.php?action=get_blocked_dates
[2026-08-02T10:34:40.644Z]     ↳ Response: 200 OK
[2026-08-02T10:34:40.980Z]     ↳ Response: 200 OK
[2026-08-02T10:34:41.335Z]     ↳ Response: 200 OK
[2026-08-02T10:34:41.696Z] [3691] GET http://localhost:3007/artists_farm/vrikshawan/goa-homes/
[2026-08-02T10:34:41.780Z]     ↳ Response: 200 OK
[2026-08-02T10:34:41.836Z] [3692] GET http://localhost:3007/@vite/client
[2026-08-02T10:34:41.846Z] [3693] GET http://localhost:3007/src/main.tsx?t=1785666860326
[2026-08-02T10:34:41.848Z] [3694] GET http://localhost:3007/@react-refresh
[2026-08-02T10:34:41.870Z]     ↳ Response: 200 OK
[2026-08-02T10:34:41.907Z] [3695] GET http://localhost:3007/node_modules/.vite/deps/react.js?v=3e7169fe
[2026-08-02T10:34:41.910Z] [3696] GET http://localhost:3007/node_modules/.vite/deps/react-dom_client.js?v=3e7169fe
[2026-08-02T10:34:42.008Z] [3697] GET http://localhost:3007/src/App.tsx?t=1785666860326
[2026-08-02T10:34:42.140Z] [3698] GET http://localhost:3007/src/index.css?t=1785666860326
[2026-08-02T10:34:42.259Z] [3699] GET http://localhost:3007/src/utils/telescopeLogger.ts
[2026-08-02T10:34:42.396Z] [3700] GET http://localhost:3007/node_modules/.vite/deps/react_jsx-dev-runtime.js?v=3e7169fe
[2026-08-02T10:34:42.432Z]     ↳ Response: 200 OK
[2026-08-02T10:34:42.475Z] [3701] GET http://localhost:3007/node_modules/.vite/deps/rolldown-runtime-B-1-B7_t.js?v=3e7169fe
[2026-08-02T10:34:42.537Z]     ↳ Response: 200 OK
[2026-08-02T10:34:42.579Z]     ↳ Response: 200 OK
[2026-08-02T10:34:42.596Z]     ↳ Response: 200 OK
[2026-08-02T10:34:42.611Z] [3702] GET http://localhost:3007/node_modules/vite/dist/client/env.mjs
[2026-08-02T10:34:42.659Z]     ↳ Response: 200 OK
[2026-08-02T10:34:42.762Z]     ↳ Response: 200 OK
[2026-08-02T10:34:42.943Z]     ↳ Response: 200 OK
[2026-08-02T10:34:43.046Z]     ↳ Response: 200 OK
[2026-08-02T10:34:43.065Z]     ↳ Response: 200 OK
[2026-08-02T10:34:43.088Z] [3703] GET http://localhost:3007/src/components/Header.tsx
[2026-08-02T10:34:43.114Z] [3704] GET http://localhost:3007/src/components/Navigation.tsx?t=1785666816635
[2026-08-02T10:34:43.132Z] [3705] GET http://localhost:3007/src/components/OperationalDashboard.tsx
[2026-08-02T10:34:43.165Z] [3706] GET http://localhost:3007/src/components/GuestManagement.tsx
[2026-08-02T10:34:43.257Z] [3707] GET http://localhost:3007/src/components/KitchenManagement.tsx
[2026-08-02T10:34:43.389Z] [3708] GET http://localhost:3007/src/components/InventoryManagement.tsx
[2026-08-02T10:34:43.439Z] [3709] GET http://localhost:3007/src/components/PettyCashManagement.tsx
[2026-08-02T10:34:43.581Z] [3710] GET http://localhost:3007/src/components/CashDrawerManager.tsx
[2026-08-02T10:34:43.613Z] [3711] GET http://localhost:3007/src/components/ExpenseItemsManagement.tsx
[2026-08-02T10:34:43.642Z] [3712] GET http://localhost:3007/src/components/StaffManagement.tsx
[2026-08-02T10:34:43.724Z] [3713] GET http://localhost:3007/src/components/AnalyticsDashboard.tsx
[2026-08-02T10:34:43.808Z] [3714] GET http://localhost:3007/src/components/AuditLogsView.tsx
[2026-08-02T10:34:43.857Z] [3715] GET http://localhost:3007/src/components/DataExportCenter.tsx
[2026-08-02T10:34:43.866Z] [3716] GET http://localhost:3007/src/components/MenuManager.tsx
[2026-08-02T10:34:43.875Z] [3717] GET http://localhost:3007/src/components/MiscChargesManagement.tsx
[2026-08-02T10:34:43.882Z] [3718] GET http://localhost:3007/src/components/ICalSyncManager.tsx
[2026-08-02T10:34:43.891Z] [3719] GET http://localhost:3007/src/components/TelegramNotificationModal.tsx
[2026-08-02T10:34:43.905Z] [3720] GET http://localhost:3007/src/components/DemoDataModal.tsx
[2026-08-02T10:34:43.913Z] [3721] GET http://localhost:3007/src/components/GlobalModal.tsx
[2026-08-02T10:34:43.920Z] [3722] GET http://localhost:3007/src/components/ToastContext.tsx
[2026-08-02T10:34:43.923Z] [3723] GET http://localhost:3007/src/components/LoginModal.tsx
[2026-08-02T10:34:43.943Z] [3724] GET http://localhost:3007/src/contexts/StaffContext.tsx
[2026-08-02T10:34:43.956Z] [3725] GET http://localhost:3007/src/contexts/AuthContext.tsx
[2026-08-02T10:34:44.011Z] [3726] GET http://localhost:3007/src/contexts/FinanceContext.tsx
[2026-08-02T10:34:44.045Z] [3727] GET http://localhost:3007/src/contexts/InventoryContext.tsx
[2026-08-02T10:34:44.066Z] [3728] GET http://localhost:3007/src/contexts/KitchenContext.tsx
[2026-08-02T10:34:44.082Z] [3729] GET http://localhost:3007/src/utils/clientInfo.ts
[2026-08-02T10:34:44.095Z] [3730] GET http://localhost:3007/src/data/appConfig.ts
[2026-08-02T10:34:44.108Z] [3731] GET http://localhost:3007/src/services/themeService.ts
[2026-08-02T10:34:44.122Z] [3732] GET http://localhost:3007/src/services/api.ts
[2026-08-02T10:34:44.142Z] [3733] GET http://localhost:3007/src/contexts/ConfigurationDataContext.tsx
[2026-08-02T10:34:44.149Z] [3734] GET http://localhost:3007/src/contexts/ModulesContext.tsx
[2026-08-02T10:34:44.172Z] [3735] GET http://localhost:3007/src/components/DataLoader.tsx
[2026-08-02T10:34:44.178Z] [3736] GET http://localhost:3007/src/components/LoadingScreen.tsx
[2026-08-02T10:34:44.206Z] [3737] GET http://localhost:3007/src/components/LoginPage.tsx
[2026-08-02T10:34:44.266Z] [3738] GET http://localhost:3007/src/components/PlatformPropertyManagement.tsx?t=1785666457118
[2026-08-02T10:34:44.290Z] [3739] GET http://localhost:3007/src/components/TenantDashboard.tsx?t=1785666562264
[2026-08-02T10:34:44.300Z] [3740] GET http://localhost:3007/src/components/RootAdminDashboard.tsx?t=1785666457118
[2026-08-02T10:34:44.314Z] [3741] GET http://localhost:3007/src/components/MultiKeyPropertyOverview.tsx
[2026-08-02T10:34:44.363Z]     ↳ Response: 200 OK
[2026-08-02T10:34:44.373Z] [3742] GET http://localhost:3007/node_modules/.vite/deps/lucide-react.js?v=3e7169fe
[2026-08-02T10:34:44.382Z]     ↳ Response: 200 OK
[2026-08-02T10:34:44.408Z] [3743] GET http://localhost:3007/src/utils/iconResolver.tsx
[2026-08-02T10:34:44.428Z]     ↳ Response: 200 OK
[2026-08-02T10:34:44.441Z]     ↳ Response: 200 OK
[2026-08-02T10:34:44.462Z] [3744] GET http://localhost:3007/node_modules/.vite/deps/html-to-image.js?v=3e7169fe
[2026-08-02T10:34:44.506Z] [3745] GET http://localhost:3007/src/components/DateRangePicker.tsx
[2026-08-02T10:34:44.551Z] [3746] GET http://localhost:3007/src/components/BillingCheckout.tsx
[2026-08-02T10:34:44.612Z]     ↳ Response: 200 OK
[2026-08-02T10:34:44.640Z] [3747] GET http://localhost:3007/node_modules/.vite/deps/react-data-table-component.js?v=3e7169fe
[2026-08-02T10:34:44.674Z]     ↳ Response: 200 OK
[2026-08-02T10:34:44.706Z] [3748] GET http://localhost:3007/src/components/SearchableSelect.tsx
[2026-08-02T10:34:44.727Z]     ↳ Response: 200 OK
[2026-08-02T10:34:44.741Z]     ↳ Response: 200 OK
[2026-08-02T10:34:44.757Z] [3749] GET http://localhost:3007/node_modules/.vite/deps/react-dom.js?v=3e7169fe
[2026-08-02T10:34:44.766Z]     ↳ Response: 200 OK
[2026-08-02T10:34:44.782Z]     ↳ Response: 200 OK
[2026-08-02T10:34:44.799Z]     ↳ Response: 200 OK
[2026-08-02T10:34:44.811Z]     ↳ Response: 200 OK
[2026-08-02T10:34:44.830Z]     ↳ Response: 200 OK
[2026-08-02T10:34:44.844Z]     ↳ Response: 200 OK
[2026-08-02T10:34:44.864Z]     ↳ Response: 200 OK
[2026-08-02T10:34:44.908Z]     ↳ Response: 200 OK
[2026-08-02T10:34:44.988Z] [3750] GET http://localhost:3007/node_modules/.vite/deps/react-apexcharts.js?v=3e7169fe
[2026-08-02T10:34:45.043Z]     ↳ Response: 200 OK
[2026-08-02T10:34:45.089Z]     ↳ Response: 200 OK
[2026-08-02T10:34:45.113Z]     ↳ Response: 200 OK
[2026-08-02T10:34:45.141Z]     ↳ Response: 200 OK
[2026-08-02T10:34:45.221Z]     ↳ Response: 200 OK
[2026-08-02T10:34:45.249Z]     ↳ Response: 200 OK
[2026-08-02T10:34:45.265Z]     ↳ Response: 200 OK
[2026-08-02T10:34:45.299Z]     ↳ Response: 200 OK
[2026-08-02T10:34:45.341Z]     ↳ Response: 200 OK
[2026-08-02T10:34:45.370Z]     ↳ Response: 200 OK
[2026-08-02T10:34:45.422Z]     ↳ Response: 200 OK
[2026-08-02T10:34:45.457Z] [3751] GET http://localhost:3007/src/components/NavMenuEditor.tsx
[2026-08-02T10:34:45.472Z] [3752] GET http://localhost:3007/src/components/TelegramConnectionSettings.tsx
[2026-08-02T10:34:45.493Z]     ↳ Response: 200 OK
[2026-08-02T10:34:45.531Z]     ↳ Response: 200 OK
[2026-08-02T10:34:45.566Z]     ↳ Response: 200 OK
[2026-08-02T10:34:45.579Z]     ↳ Response: 200 OK
[2026-08-02T10:34:45.585Z]     ↳ Response: 200 OK
[2026-08-02T10:34:45.596Z]     ↳ Response: 200 OK
[2026-08-02T10:34:45.612Z] [3753] GET http://localhost:3007/src/components/InvalidPropertyPage.tsx
[2026-08-02T10:34:45.626Z]     ↳ Response: 200 OK
[2026-08-02T10:34:45.639Z]     ↳ Response: 200 OK
[2026-08-02T10:34:45.671Z]     ↳ Response: 200 OK
[2026-08-02T10:34:45.678Z]     ↳ Response: 200 OK
[2026-08-02T10:34:45.708Z]     ↳ Response: 200 OK
[2026-08-02T10:34:45.724Z]     ↳ Response: 200 OK
[2026-08-02T10:34:45.774Z]     ↳ Response: 200 OK
[2026-08-02T10:34:45.810Z]     ↳ Response: 200 OK
[2026-08-02T10:34:45.842Z] [3754] GET http://localhost:3007/src/components/AppearanceSettings.tsx
[2026-08-02T10:34:45.858Z] [3755] GET http://localhost:3007/src/components/DefaultExpensesManager.tsx
[2026-08-02T10:34:45.893Z] [3756] GET http://localhost:3007/src/components/ToggleSwitch.tsx
[2026-08-02T10:34:45.911Z]     ↳ Response: 200 OK
[2026-08-02T10:34:45.928Z]     ↳ Response: 200 OK
[2026-08-02T10:34:45.943Z]     ↳ Response: 200 OK
[2026-08-02T10:34:45.997Z]     ↳ Response: 200 OK
[2026-08-02T10:34:46.022Z]     ↳ Response: 200 OK
[2026-08-02T10:34:46.038Z]     ↳ Response: 200 OK
[2026-08-02T10:34:46.046Z]     ↳ Response: 200 OK
[2026-08-02T10:34:46.063Z]     ↳ Response: 200 OK
[2026-08-02T10:34:46.075Z]     ↳ Response: 200 OK
[2026-08-02T10:34:46.097Z] [3757] GET http://localhost:3007/node_modules/.vite/deps/sortablejs.js?v=3e7169fe
[2026-08-02T10:34:46.113Z]     ↳ Response: 200 OK
[2026-08-02T10:34:46.131Z]     ↳ Response: 200 OK
[2026-08-02T10:34:46.164Z] [3758] GET http://localhost:3007/src/components/ThemeManagement.tsx
[2026-08-02T10:34:46.179Z] [3759] GET http://localhost:3007/src/components/CustomCSSOverride.tsx
[2026-08-02T10:34:46.216Z]     ↳ Response: 200 OK
[2026-08-02T10:34:46.292Z]     ↳ Response: 200 OK
[2026-08-02T10:34:46.403Z]     ↳ Response: 200 OK
[2026-08-02T10:34:46.505Z]     ↳ Response: 200 OK
[2026-08-02T10:34:46.585Z]     ↳ Response: 200 OK
[2026-08-02T10:34:46.627Z]     ↳ Response: 200 OK
[2026-08-02T10:34:46.925Z] [3760] GET http://localhost:3007/artists_farm/php/api/router.php?action=get_current_property&property_slug=goa-homes
[2026-08-02T10:34:46.959Z] [3761] GET http://localhost:3007/artists_farm/php/api/router.php?action=get_current_property&property_slug=goa-homes
[2026-08-02T10:34:47.026Z] [3762] GET http://localhost:3007/icons/favicon-32x32.png
[2026-08-02T10:34:47.054Z]     ↳ Response: 200 OK
[2026-08-02T10:34:47.115Z]     ↳ Response: 200 OK
[2026-08-02T10:34:47.129Z] [3763] GET http://localhost:3007/php/api/router.php?action=get_multikey_property&property_id=56763
[2026-08-02T10:34:47.143Z]     ↳ Response: 200 OK
[2026-08-02T10:34:47.158Z] [3764] GET http://localhost:3007/artists_farm/php/api/router.php?action=get_property_modules&property_slug=goa-homes
[2026-08-02T10:34:47.191Z] [3765] GET http://localhost:3007/artists_farm/php/api/router.php?action=get_nav_menu&property_slug=goa-homes
[2026-08-02T10:34:47.230Z] [3766] GET http://localhost:3007/artists_farm/php/api/router.php?action=get_telegram_config&property_slug=goa-homes
[2026-08-02T10:34:47.248Z]     ↳ Response: 200 OK
[2026-08-02T10:34:47.257Z] [3767] GET http://localhost:3007/php/api/router.php?action=get_multikey_property&property_id=56763
[2026-08-02T10:34:47.271Z]     ↳ Response: 200 OK
[2026-08-02T10:34:47.279Z]     ↳ Response: 200 OK
[2026-08-02T10:34:47.297Z]     ↳ Response: 200 OK
[2026-08-02T10:34:47.424Z] [3768] GET https://images.unsplash.com/photo-1534528741775-53994a69daeb?w=100&auto=format&fit=crop&q=80
[2026-08-02T10:34:47.440Z] [3769] GET http://localhost:3007/php/api/router.php?action=get_property_modules&property_slug=goa-homes
[2026-08-02T10:34:47.447Z] [3770] GET http://localhost:3007/artists_farm/php/api/router.php?action=get_telegram_config&property_slug=goa-homes
[2026-08-02T10:34:47.457Z] [3771] GET http://localhost:3007/artists_farm/php/api/ical_sync.php?action=get_blocked_dates
[2026-08-02T10:34:47.462Z] [3772] GET http://localhost:3007/php/api/router.php?action=get_system_settings
[2026-08-02T10:34:47.465Z] [3773] GET http://localhost:3007/php/api/router.php?action=get_theme_settings
[2026-08-02T10:34:47.522Z] [3774] GET http://localhost:3007/artists_farm/php/api/router.php?action=get_guests&property_slug=goa-homes
[2026-08-02T10:34:47.553Z] [3775] GET http://localhost:3007/artists_farm/php/api/router.php?action=get_users&property_slug=goa-homes
[2026-08-02T10:34:47.578Z] [3776] GET http://localhost:3007/artists_farm/php/api/router.php?action=get_attendance&property_slug=goa-homes
[2026-08-02T10:34:47.610Z] [3777] GET http://localhost:3007/artists_farm/php/api/router.php?action=get_audit_logs&property_slug=goa-homes
[2026-08-02T10:34:47.631Z] [3778] GET http://localhost:3007/artists_farm/php/api/router.php?action=get_receipts&property_slug=goa-homes
[2026-08-02T10:34:47.672Z] [3779] GET http://localhost:3007/artists_farm/php/api/router.php?action=get_users&property_slug=goa-homes
[2026-08-02T10:34:47.692Z] [3780] GET http://localhost:3007/artists_farm/php/api/router.php?action=get_nav_menu&property_slug=goa-homes
[2026-08-02T10:34:47.703Z] [3781] GET http://localhost:3007/artists_farm/php/api/router.php?action=get_guests&property_slug=goa-homes
[2026-08-02T10:34:47.714Z] [3782] GET http://localhost:3007/artists_farm/php/api/router.php?action=get_attendance&property_slug=goa-homes
[2026-08-02T10:34:47.748Z] [3783] GET http://localhost:3007/artists_farm/php/api/router.php?action=get_audit_logs&property_slug=goa-homes
[2026-08-02T10:34:47.783Z] [3784] GET http://localhost:3007/artists_farm/php/api/router.php?action=get_receipts&property_slug=goa-homes
[2026-08-02T10:34:47.797Z] [3785] GET http://localhost:3007/artists_farm/php/api/router.php?action=get_misc_catalog&property_slug=goa-homes
[2026-08-02T10:34:47.836Z] [3786] GET http://localhost:3007/artists_farm/php/api/router.php?action=get_petty_cash&property_slug=goa-homes
[2026-08-02T10:34:47.957Z] [3787] GET http://localhost:3007/artists_farm/php/api/router.php?action=get_users&property_slug=goa-homes
[2026-08-02T10:34:48.033Z] [3788] GET http://localhost:3007/artists_farm/php/api/router.php?action=get_attendance&property_slug=goa-homes
[2026-08-02T10:34:48.091Z] [3789] GET http://localhost:3007/php/api/router.php?action=get_property_modules&property_slug=goa-homes
[2026-08-02T10:34:48.155Z] [3790] GET http://localhost:3007/artists_farm/php/api/router.php?action=get_telegram_config&property_slug=goa-homes
[2026-08-02T10:34:48.177Z] [3791] GET http://localhost:3007/artists_farm/php/api/ical_sync.php?action=get_blocked_dates
[2026-08-02T10:34:48.205Z] [3792] GET http://localhost:3007/php/api/router.php?action=get_system_settings
[2026-08-02T10:34:48.231Z] [3793] GET http://localhost:3007/php/api/router.php?action=get_theme_settings
[2026-08-02T10:34:48.242Z] [3794] GET http://localhost:3007/artists_farm/php/api/router.php?action=get_guests&property_slug=goa-homes
[2026-08-02T10:34:48.277Z] [3795] GET http://localhost:3007/artists_farm/php/api/router.php?action=get_users&property_slug=goa-homes
[2026-08-02T10:34:48.306Z] [3796] GET http://localhost:3007/artists_farm/php/api/router.php?action=get_attendance&property_slug=goa-homes
[2026-08-02T10:34:48.379Z] [3797] GET http://localhost:3007/artists_farm/php/api/router.php?action=get_audit_logs&property_slug=goa-homes
[2026-08-02T10:34:48.441Z] [3798] GET http://localhost:3007/artists_farm/php/api/router.php?action=get_receipts&property_slug=goa-homes
[2026-08-02T10:34:48.463Z] [3799] GET http://localhost:3007/artists_farm/php/api/router.php?action=get_users&property_slug=goa-homes
[2026-08-02T10:34:48.516Z] [3800] GET http://localhost:3007/artists_farm/php/api/router.php?action=get_nav_menu&property_slug=goa-homes
[2026-08-02T10:34:48.539Z] [3801] GET http://localhost:3007/artists_farm/php/api/router.php?action=get_guests&property_slug=goa-homes
[2026-08-02T10:34:48.576Z] [3802] GET http://localhost:3007/artists_farm/php/api/router.php?action=get_attendance&property_slug=goa-homes
[2026-08-02T10:34:48.648Z] [3803] GET http://localhost:3007/artists_farm/php/api/router.php?action=get_audit_logs&property_slug=goa-homes
[2026-08-02T10:34:48.727Z] [3804] GET http://localhost:3007/artists_farm/php/api/router.php?action=get_receipts&property_slug=goa-homes
[2026-08-02T10:34:48.764Z] [3805] GET http://localhost:3007/artists_farm/php/api/router.php?action=get_misc_catalog&property_slug=goa-homes
[2026-08-02T10:34:48.796Z] [3806] GET http://localhost:3007/artists_farm/php/api/router.php?action=get_petty_cash&property_slug=goa-homes
[2026-08-02T10:34:48.825Z] [3807] GET http://localhost:3007/artists_farm/php/api/router.php?action=get_users&property_slug=goa-homes
[2026-08-02T10:34:48.840Z] [3808] GET http://localhost:3007/artists_farm/php/api/router.php?action=get_attendance&property_slug=goa-homes
[2026-08-02T10:34:48.861Z]     ↳ Response: 200 
[2026-08-02T10:34:48.879Z]     ↳ Response: 200 OK
[2026-08-02T10:34:48.899Z] [3809] GET http://localhost:3007/artists_farm/php/api/router.php?action=get_property_modules&property_slug=goa-homes
[2026-08-02T10:34:48.948Z] [3810] GET http://localhost:3007/artists_farm/php/api/router.php?action=get_nav_menu&property_slug=goa-homes
[2026-08-02T10:34:48.982Z] [3811] GET http://localhost:3007/artists_farm/php/api/router.php?action=get_telegram_config&property_slug=goa-homes
[2026-08-02T10:34:49.015Z]     ↳ Response: 200 OK
[2026-08-02T10:34:49.216Z] [3812] GET http://localhost:3007/php/api/router.php?action=get_multikey_property&property_id=56763
[2026-08-02T10:34:49.271Z] [3813] GET http://localhost:3007/php/api/router.php?action=get_multikey_property&property_id=56763
[2026-08-02T10:34:49.331Z]     ↳ Response: 200 OK
[2026-08-02T10:34:49.544Z]     ↳ Response: 200 OK
[2026-08-02T10:34:49.877Z]     ↳ Response: 200 OK
[2026-08-02T10:34:49.999Z]     ↳ Response: 200 OK
[2026-08-02T10:34:50.037Z]     ↳ Response: 200 OK
[2026-08-02T10:34:50.160Z]     ↳ Response: 200 OK
[2026-08-02T10:34:50.204Z]     ↳ Response: 200 OK
[2026-08-02T10:34:50.221Z]     ↳ Response: 200 OK
[2026-08-02T10:34:50.229Z]     ↳ Response: 200 OK
[2026-08-02T10:34:50.245Z]     ↳ Response: 200 OK
[2026-08-02T10:34:50.255Z]     ↳ Response: 200 OK
[2026-08-02T10:34:50.264Z]     ↳ Response: 200 OK
[2026-08-02T10:34:50.273Z]     ↳ Response: 200 OK
[2026-08-02T10:34:50.373Z]     ↳ Response: 200 OK
[2026-08-02T10:34:50.427Z]     ↳ Response: 200 OK
[2026-08-02T10:34:50.659Z]     ↳ Response: 200 OK
[2026-08-02T10:34:50.678Z]     ↳ Response: 200 OK
[2026-08-02T10:34:50.706Z] [3814] GET http://localhost:3007/php/api/router.php?action=get_multikey_overview&property_id=56763
[2026-08-02T10:34:50.719Z]     ↳ Response: 200 OK
[2026-08-02T10:34:50.733Z]     ↳ Response: 200 OK
[2026-08-02T10:34:50.745Z]     ↳ Response: 200 OK
[2026-08-02T10:34:50.882Z]     ↳ Response: 200 OK
[2026-08-02T10:34:51.180Z]     ↳ Response: 200 OK
[2026-08-02T10:34:51.263Z]     ↳ Response: 200 OK
[2026-08-02T10:34:51.272Z]     ↳ Response: 200 OK
[2026-08-02T10:34:51.280Z]     ↳ Response: 200 OK
[2026-08-02T10:34:51.330Z]     ↳ Response: 200 OK
[2026-08-02T10:34:51.340Z]     ↳ Response: 200 OK
[2026-08-02T10:34:51.399Z]     ↳ Response: 200 OK
[2026-08-02T10:34:51.470Z]     ↳ Response: 200 OK
[2026-08-02T10:34:51.478Z] [3815] GET http://localhost:3007/php/api/router.php?action=get_multikey_overview&property_id=56763
[2026-08-02T10:34:51.489Z]     ↳ Response: 200 OK
[2026-08-02T10:34:51.500Z] [3816] GET http://localhost:3007/artists_farm/php/api/ical_sync.php?action=get_blocked_dates
[2026-08-02T10:34:51.503Z] [3817] GET http://localhost:3007/artists_farm/php/api/ical_sync.php?action=get_blocked_dates
[2026-08-02T10:34:51.507Z]     ↳ Response: 200 OK
[2026-08-02T10:34:51.516Z]     ↳ Response: 200 OK
[2026-08-02T10:34:51.562Z]     ↳ Response: 200 OK
[2026-08-02T10:34:51.695Z]     ↳ Response: 200 OK
[2026-08-02T10:34:51.765Z]     ↳ Response: 200 OK
[2026-08-02T10:34:51.888Z]     ↳ Response: 200 OK
[2026-08-02T10:34:51.905Z]     ↳ Response: 200 OK
[2026-08-02T10:34:51.923Z]     ↳ Response: 200 OK
[2026-08-02T10:34:51.934Z]     ↳ Response: 200 OK
[2026-08-02T10:34:52.009Z]     ↳ Response: 200 OK
[2026-08-02T10:34:52.071Z]     ↳ Response: 200 OK
[2026-08-02T10:34:52.114Z]     ↳ Response: 200 OK
[2026-08-02T10:34:52.123Z]     ↳ Response: 200 OK
[2026-08-02T10:34:52.188Z]     ↳ Response: 200 OK
[2026-08-02T10:34:52.243Z]     ↳ Response: 200 OK
[2026-08-02T10:34:52.544Z]     ↳ Response: 200 OK
[2026-08-02T10:34:52.613Z]     ↳ Response: 200 OK
[2026-08-02T10:34:52.664Z]     ↳ Response: 200 OK
[2026-08-02T10:35:23.073Z] [3818] GET http://localhost:3007/artists_farm/php/api/router.php?action=get_cash_drawer_summary&property_slug=goa-homes
[2026-08-02T10:35:23.075Z] [3819] GET http://localhost:3007/artists_farm/php/api/router.php?action=get_payees&property_slug=goa-homes
[2026-08-02T10:35:23.091Z] [3820] GET http://localhost:3007/artists_farm/php/api/router.php?action=get_cash_drawer_summary&property_slug=goa-homes
[2026-08-02T10:35:23.094Z] [3821] GET http://localhost:3007/artists_farm/php/api/router.php?action=get_payees&property_slug=goa-homes
[2026-08-02T10:35:23.515Z]     ↳ Response: 200 OK
[2026-08-02T10:35:23.664Z]     ↳ Response: 200 OK
[2026-08-02T10:35:23.805Z]     ↳ Response: 200 OK
[2026-08-02T10:35:23.906Z]     ↳ Response: 200 OK
[2026-08-02T10:35:27.891Z] [3822] POST http://localhost:3007/artists_farm/php/api/router.php?action=delete_user&property_slug=goa-homes
[2026-08-02T10:35:27.979Z]     ↳ Response: 200 OK
[2026-08-02T10:35:27.981Z] [3823] GET http://localhost:3007/artists_farm/php/api/router.php?action=get_users&property_slug=goa-homes
[2026-08-02T10:35:28.373Z]     ↳ Response: 200 OK
[2026-08-02T10:35:47.265Z] [3824] GET http://localhost:3007/src/App.tsx?t=1785666947030
[2026-08-02T10:35:47.266Z] [3825] GET http://localhost:3007/src/index.css?t=1785666947030
[2026-08-02T10:35:47.445Z]     ↳ Response: 200 OK
[2026-08-02T10:35:47.561Z]     ↳ Response: 200 OK
[2026-08-02T10:36:06.441Z] [3826] GET http://localhost:3007/artists_farm/vrikshawan/goa-homes/
[2026-08-02T10:36:06.467Z]     ↳ Response: 200 OK
[2026-08-02T10:36:06.496Z] [3827] GET http://localhost:3007/@vite/client
[2026-08-02T10:36:06.501Z] [3828] GET http://localhost:3007/src/main.tsx?t=1785666947030
[2026-08-02T10:36:06.511Z] [3829] GET http://localhost:3007/@react-refresh
[2026-08-02T10:36:06.523Z]     ↳ Response: 200 OK
[2026-08-02T10:36:06.559Z] [3830] GET http://localhost:3007/node_modules/.vite/deps/react.js?v=3e7169fe
[2026-08-02T10:36:06.579Z] [3831] GET http://localhost:3007/node_modules/.vite/deps/react-dom_client.js?v=3e7169fe
[2026-08-02T10:36:06.599Z] [3832] GET http://localhost:3007/src/App.tsx?t=1785666947030
[2026-08-02T10:36:06.614Z] [3833] GET http://localhost:3007/src/index.css?t=1785666947030
[2026-08-02T10:36:06.709Z] [3834] GET http://localhost:3007/src/utils/telescopeLogger.ts
[2026-08-02T10:36:06.743Z] [3835] GET http://localhost:3007/node_modules/.vite/deps/react_jsx-dev-runtime.js?v=3e7169fe
[2026-08-02T10:36:06.782Z]     ↳ Response: 200 OK
[2026-08-02T10:36:06.840Z] [3836] GET http://localhost:3007/node_modules/.vite/deps/rolldown-runtime-B-1-B7_t.js?v=3e7169fe
[2026-08-02T10:36:06.976Z]     ↳ Response: 304 Not Modified
[2026-08-02T10:36:07.043Z]     ↳ Response: 200 OK
[2026-08-02T10:36:07.077Z]     ↳ Response: 200 OK
[2026-08-02T10:36:07.094Z] [3837] GET http://localhost:3007/src/components/Header.tsx
[2026-08-02T10:36:07.109Z] [3838] GET http://localhost:3007/src/components/Navigation.tsx?t=1785666816635
[2026-08-02T10:36:07.119Z] [3839] GET http://localhost:3007/src/components/OperationalDashboard.tsx
[2026-08-02T10:36:07.129Z] [3840] GET http://localhost:3007/src/components/GuestManagement.tsx
[2026-08-02T10:36:07.134Z] [3841] GET http://localhost:3007/src/components/KitchenManagement.tsx
[2026-08-02T10:36:07.144Z] [3842] GET http://localhost:3007/src/components/InventoryManagement.tsx
[2026-08-02T10:36:07.164Z] [3843] GET http://localhost:3007/src/components/PettyCashManagement.tsx
[2026-08-02T10:36:07.175Z] [3844] GET http://localhost:3007/src/components/CashDrawerManager.tsx
[2026-08-02T10:36:07.177Z] [3845] GET http://localhost:3007/src/components/ExpenseItemsManagement.tsx
[2026-08-02T10:36:07.191Z] [3846] GET http://localhost:3007/src/components/StaffManagement.tsx
[2026-08-02T10:36:07.199Z] [3847] GET http://localhost:3007/src/components/AnalyticsDashboard.tsx
[2026-08-02T10:36:07.214Z] [3848] GET http://localhost:3007/src/components/AuditLogsView.tsx
[2026-08-02T10:36:07.228Z] [3849] GET http://localhost:3007/src/components/DataExportCenter.tsx
[2026-08-02T10:36:07.241Z] [3850] GET http://localhost:3007/src/components/MenuManager.tsx
[2026-08-02T10:36:07.247Z] [3851] GET http://localhost:3007/src/components/MiscChargesManagement.tsx
[2026-08-02T10:36:07.258Z] [3852] GET http://localhost:3007/src/components/ICalSyncManager.tsx
[2026-08-02T10:36:07.267Z] [3853] GET http://localhost:3007/src/components/TelegramNotificationModal.tsx
[2026-08-02T10:36:07.276Z] [3854] GET http://localhost:3007/src/components/DemoDataModal.tsx
[2026-08-02T10:36:07.279Z] [3855] GET http://localhost:3007/src/components/GlobalModal.tsx
[2026-08-02T10:36:07.292Z] [3856] GET http://localhost:3007/src/components/ToastContext.tsx
[2026-08-02T10:36:07.299Z] [3857] GET http://localhost:3007/src/components/LoginModal.tsx
[2026-08-02T10:36:07.302Z] [3858] GET http://localhost:3007/src/contexts/StaffContext.tsx
[2026-08-02T10:36:07.306Z] [3859] GET http://localhost:3007/src/contexts/AuthContext.tsx
[2026-08-02T10:36:07.325Z] [3860] GET http://localhost:3007/src/contexts/FinanceContext.tsx
[2026-08-02T10:36:07.331Z] [3861] GET http://localhost:3007/src/contexts/InventoryContext.tsx
[2026-08-02T10:36:07.344Z] [3862] GET http://localhost:3007/src/contexts/KitchenContext.tsx
[2026-08-02T10:36:07.355Z] [3863] GET http://localhost:3007/src/utils/clientInfo.ts
[2026-08-02T10:36:07.362Z] [3864] GET http://localhost:3007/src/data/appConfig.ts
[2026-08-02T10:36:07.372Z] [3865] GET http://localhost:3007/src/services/themeService.ts
[2026-08-02T10:36:07.379Z] [3866] GET http://localhost:3007/src/services/api.ts
[2026-08-02T10:36:07.383Z] [3867] GET http://localhost:3007/src/contexts/ConfigurationDataContext.tsx
[2026-08-02T10:36:07.398Z] [3868] GET http://localhost:3007/src/contexts/ModulesContext.tsx
[2026-08-02T10:36:07.407Z] [3869] GET http://localhost:3007/src/components/DataLoader.tsx
[2026-08-02T10:36:07.410Z] [3870] GET http://localhost:3007/src/components/LoadingScreen.tsx
[2026-08-02T10:36:07.424Z] [3871] GET http://localhost:3007/src/components/LoginPage.tsx
[2026-08-02T10:36:07.433Z] [3872] GET http://localhost:3007/src/components/PlatformPropertyManagement.tsx?t=1785666457118
[2026-08-02T10:36:07.443Z] [3873] GET http://localhost:3007/src/components/TenantDashboard.tsx?t=1785666562264
[2026-08-02T10:36:07.447Z] [3874] GET http://localhost:3007/src/components/RootAdminDashboard.tsx?t=1785666457118
[2026-08-02T10:36:07.451Z] [3875] GET http://localhost:3007/src/components/MultiKeyPropertyOverview.tsx
[2026-08-02T10:36:07.458Z]     ↳ Response: 200 OK
[2026-08-02T10:36:07.480Z] [3876] GET http://localhost:3007/node_modules/vite/dist/client/env.mjs
[2026-08-02T10:36:07.507Z]     ↳ Response: 304 Not Modified
[2026-08-02T10:36:07.522Z]     ↳ Response: 200 OK
[2026-08-02T10:36:07.527Z]     ↳ Response: 200 OK
[2026-08-02T10:36:07.611Z]     ↳ Response: 200 OK
[2026-08-02T10:36:07.738Z] [3877] GET http://localhost:3007/node_modules/.vite/deps/lucide-react.js?v=3e7169fe
[2026-08-02T10:36:07.798Z]     ↳ Response: 200 OK
[2026-08-02T10:36:07.858Z] [3878] GET http://localhost:3007/src/utils/iconResolver.tsx
[2026-08-02T10:36:07.910Z]     ↳ Response: 200 OK
[2026-08-02T10:36:07.947Z]     ↳ Response: 200 OK
[2026-08-02T10:36:07.983Z] [3879] GET http://localhost:3007/node_modules/.vite/deps/html-to-image.js?v=3e7169fe
[2026-08-02T10:36:08.007Z] [3880] GET http://localhost:3007/src/components/DateRangePicker.tsx
[2026-08-02T10:36:08.033Z] [3881] GET http://localhost:3007/src/components/BillingCheckout.tsx
[2026-08-02T10:36:08.060Z]     ↳ Response: 200 OK
[2026-08-02T10:36:08.080Z]     ↳ Response: 200 OK
[2026-08-02T10:36:08.108Z] [3882] GET http://localhost:3007/node_modules/.vite/deps/react-data-table-component.js?v=3e7169fe
[2026-08-02T10:36:08.134Z] [3883] GET http://localhost:3007/src/components/SearchableSelect.tsx
[2026-08-02T10:36:08.177Z]     ↳ Response: 200 OK
[2026-08-02T10:36:08.231Z]     ↳ Response: 200 OK
[2026-08-02T10:36:08.306Z]     ↳ Response: 200 OK
[2026-08-02T10:36:08.317Z]     ↳ Response: 200 OK
[2026-08-02T10:36:08.345Z]     ↳ Response: 200 OK
[2026-08-02T10:36:08.361Z]     ↳ Response: 200 OK
[2026-08-02T10:36:08.393Z] [3884] GET http://localhost:3007/node_modules/.vite/deps/react-apexcharts.js?v=3e7169fe
[2026-08-02T10:36:08.423Z]     ↳ Response: 200 OK
[2026-08-02T10:36:08.462Z]     ↳ Response: 200 OK
[2026-08-02T10:36:08.479Z]     ↳ Response: 200 OK
[2026-08-02T10:36:08.498Z] [3885] GET http://localhost:3007/src/components/NavMenuEditor.tsx
[2026-08-02T10:36:08.517Z]     ↳ Response: 200 OK
[2026-08-02T10:36:08.548Z] [3886] GET http://localhost:3007/src/components/TelegramConnectionSettings.tsx
[2026-08-02T10:36:08.562Z]     ↳ Response: 200 OK
[2026-08-02T10:36:08.571Z]     ↳ Response: 200 OK
[2026-08-02T10:36:08.588Z]     ↳ Response: 200 OK
[2026-08-02T10:36:08.595Z]     ↳ Response: 200 OK
[2026-08-02T10:36:08.610Z]     ↳ Response: 200 OK
[2026-08-02T10:36:08.625Z]     ↳ Response: 200 OK
[2026-08-02T10:36:08.668Z]     ↳ Response: 200 OK
[2026-08-02T10:36:08.693Z]     ↳ Response: 200 OK
[2026-08-02T10:36:08.772Z]     ↳ Response: 200 OK
[2026-08-02T10:36:08.839Z]     ↳ Response: 200 OK
[2026-08-02T10:36:08.866Z]     ↳ Response: 200 OK
[2026-08-02T10:36:08.881Z]     ↳ Response: 200 OK
[2026-08-02T10:36:08.900Z]     ↳ Response: 200 OK
[2026-08-02T10:36:08.911Z]     ↳ Response: 200 OK
[2026-08-02T10:36:08.916Z]     ↳ Response: 200 OK
[2026-08-02T10:36:08.961Z] [3887] GET http://localhost:3007/node_modules/.vite/deps/react-dom.js?v=3e7169fe
[2026-08-02T10:36:08.976Z]     ↳ Response: 200 OK
[2026-08-02T10:36:09.028Z]     ↳ Response: 200 OK
[2026-08-02T10:36:09.094Z]     ↳ Response: 200 OK
[2026-08-02T10:36:09.139Z] [3888] GET http://localhost:3007/src/components/InvalidPropertyPage.tsx
[2026-08-02T10:36:09.168Z]     ↳ Response: 200 OK
[2026-08-02T10:36:09.183Z]     ↳ Response: 200 OK
[2026-08-02T10:36:09.267Z]     ↳ Response: 200 OK
[2026-08-02T10:36:09.296Z]     ↳ Response: 200 OK
[2026-08-02T10:36:09.304Z]     ↳ Response: 200 OK
[2026-08-02T10:36:09.313Z] [3889] GET http://localhost:3007/src/components/AppearanceSettings.tsx
[2026-08-02T10:36:09.325Z] [3890] GET http://localhost:3007/src/components/DefaultExpensesManager.tsx
[2026-08-02T10:36:09.334Z]     ↳ Response: 200 OK
[2026-08-02T10:36:09.346Z]     ↳ Response: 200 OK
[2026-08-02T10:36:09.376Z]     ↳ Response: 200 OK
[2026-08-02T10:36:09.391Z]     ↳ Response: 200 OK
[2026-08-02T10:36:09.399Z]     ↳ Response: 200 OK
[2026-08-02T10:36:09.430Z]     ↳ Response: 200 OK
[2026-08-02T10:36:09.451Z]     ↳ Response: 200 OK
[2026-08-02T10:36:09.484Z]     ↳ Response: 200 OK
[2026-08-02T10:36:09.541Z]     ↳ Response: 200 OK
[2026-08-02T10:36:09.572Z] [3891] GET http://localhost:3007/src/components/ToggleSwitch.tsx
[2026-08-02T10:36:09.591Z]     ↳ Response: 200 OK
[2026-08-02T10:36:09.616Z]     ↳ Response: 200 OK
[2026-08-02T10:36:09.680Z]     ↳ Response: 200 OK
[2026-08-02T10:36:09.696Z] [3892] GET http://localhost:3007/src/components/ThemeManagement.tsx
[2026-08-02T10:36:09.716Z] [3893] GET http://localhost:3007/src/components/CustomCSSOverride.tsx
[2026-08-02T10:36:09.734Z]     ↳ Response: 200 OK
[2026-08-02T10:36:09.763Z]     ↳ Response: 200 OK
[2026-08-02T10:36:09.784Z] [3894] GET http://localhost:3007/node_modules/.vite/deps/sortablejs.js?v=3e7169fe
[2026-08-02T10:36:09.799Z]     ↳ Response: 200 OK
[2026-08-02T10:36:09.831Z]     ↳ Response: 200 OK
[2026-08-02T10:36:09.848Z]     ↳ Response: 200 OK
[2026-08-02T10:36:09.859Z]     ↳ Response: 200 OK
[2026-08-02T10:36:09.876Z]     ↳ Response: 200 OK
[2026-08-02T10:36:09.899Z]     ↳ Response: 200 OK
[2026-08-02T10:36:10.192Z] [3895] GET http://localhost:3007/artists_farm/php/api/router.php?action=get_current_property&property_slug=goa-homes
[2026-08-02T10:36:10.289Z] [3896] GET http://localhost:3007/artists_farm/php/api/router.php?action=get_current_property&property_slug=goa-homes
[2026-08-02T10:36:10.330Z] [3897] GET http://localhost:3007/icons/favicon-32x32.png
[2026-08-02T10:36:10.351Z]     ↳ Response: 200 OK
[2026-08-02T10:36:10.379Z]     ↳ Response: 200 OK
[2026-08-02T10:36:10.385Z] [3898] GET http://localhost:3007/php/api/router.php?action=get_multikey_property&property_id=56763
[2026-08-02T10:36:10.394Z]     ↳ Response: 200 OK
[2026-08-02T10:36:10.400Z] [3899] GET http://localhost:3007/artists_farm/php/api/router.php?action=get_property_modules&property_slug=goa-homes
[2026-08-02T10:36:10.413Z] [3900] GET http://localhost:3007/artists_farm/php/api/router.php?action=get_nav_menu&property_slug=goa-homes
[2026-08-02T10:36:10.427Z] [3901] GET http://localhost:3007/artists_farm/php/api/router.php?action=get_telegram_config&property_slug=goa-homes
[2026-08-02T10:36:10.440Z]     ↳ Response: 200 OK
[2026-08-02T10:36:10.456Z] [3902] GET http://localhost:3007/php/api/router.php?action=get_multikey_property&property_id=56763
[2026-08-02T10:36:10.489Z]     ↳ Response: 200 OK
[2026-08-02T10:36:10.546Z]     ↳ Response: 200 OK
[2026-08-02T10:36:10.582Z]     ↳ Response: 200 OK
[2026-08-02T10:36:10.714Z] [3903] GET https://images.unsplash.com/photo-1534528741775-53994a69daeb?w=100&auto=format&fit=crop&q=80
[2026-08-02T10:36:10.756Z]     ↳ Response: 200 
[2026-08-02T10:36:10.807Z] [3904] GET http://localhost:3007/php/api/router.php?action=get_property_modules&property_slug=goa-homes
[2026-08-02T10:36:10.847Z] [3905] GET http://localhost:3007/artists_farm/php/api/router.php?action=get_telegram_config&property_slug=goa-homes
[2026-08-02T10:36:10.871Z] [3906] GET http://localhost:3007/artists_farm/php/api/router.php?action=get_cash_drawer_summary&property_slug=goa-homes
[2026-08-02T10:36:10.881Z] [3907] GET http://localhost:3007/artists_farm/php/api/router.php?action=get_payees&property_slug=goa-homes
[2026-08-02T10:36:10.896Z] [3908] GET http://localhost:3007/php/api/router.php?action=get_system_settings
[2026-08-02T10:36:10.909Z] [3909] GET http://localhost:3007/php/api/router.php?action=get_theme_settings
[2026-08-02T10:36:10.931Z] [3910] GET http://localhost:3007/artists_farm/php/api/router.php?action=get_guests&property_slug=goa-homes
[2026-08-02T10:36:10.959Z] [3911] GET http://localhost:3007/artists_farm/php/api/router.php?action=get_users&property_slug=goa-homes
[2026-08-02T10:36:11.004Z] [3912] GET http://localhost:3007/artists_farm/php/api/router.php?action=get_attendance&property_slug=goa-homes
[2026-08-02T10:36:11.034Z] [3913] GET http://localhost:3007/artists_farm/php/api/router.php?action=get_audit_logs&property_slug=goa-homes
[2026-08-02T10:36:11.060Z] [3914] GET http://localhost:3007/artists_farm/php/api/router.php?action=get_receipts&property_slug=goa-homes
[2026-08-02T10:36:11.075Z] [3915] GET http://localhost:3007/artists_farm/php/api/router.php?action=get_users&property_slug=goa-homes
[2026-08-02T10:36:11.082Z] [3916] GET http://localhost:3007/artists_farm/php/api/router.php?action=get_nav_menu&property_slug=goa-homes
[2026-08-02T10:36:11.095Z] [3917] GET http://localhost:3007/artists_farm/php/api/router.php?action=get_guests&property_slug=goa-homes
[2026-08-02T10:36:11.112Z] [3918] GET http://localhost:3007/artists_farm/php/api/router.php?action=get_attendance&property_slug=goa-homes
[2026-08-02T10:36:11.127Z] [3919] GET http://localhost:3007/artists_farm/php/api/router.php?action=get_audit_logs&property_slug=goa-homes
[2026-08-02T10:36:11.143Z] [3920] GET http://localhost:3007/artists_farm/php/api/router.php?action=get_receipts&property_slug=goa-homes
[2026-08-02T10:36:11.151Z] [3921] GET http://localhost:3007/artists_farm/php/api/router.php?action=get_misc_catalog&property_slug=goa-homes
[2026-08-02T10:36:11.179Z] [3922] GET http://localhost:3007/artists_farm/php/api/router.php?action=get_petty_cash&property_slug=goa-homes
[2026-08-02T10:36:11.194Z] [3923] GET http://localhost:3007/artists_farm/php/api/router.php?action=get_users&property_slug=goa-homes
[2026-08-02T10:36:11.200Z] [3924] GET http://localhost:3007/artists_farm/php/api/router.php?action=get_attendance&property_slug=goa-homes
[2026-08-02T10:36:11.241Z] [3925] GET http://localhost:3007/php/api/router.php?action=get_property_modules&property_slug=goa-homes
[2026-08-02T10:36:11.249Z] [3926] GET http://localhost:3007/artists_farm/php/api/router.php?action=get_telegram_config&property_slug=goa-homes
[2026-08-02T10:36:11.260Z] [3927] GET http://localhost:3007/artists_farm/php/api/router.php?action=get_cash_drawer_summary&property_slug=goa-homes
[2026-08-02T10:36:11.280Z] [3928] GET http://localhost:3007/artists_farm/php/api/router.php?action=get_payees&property_slug=goa-homes
[2026-08-02T10:36:11.292Z] [3929] GET http://localhost:3007/php/api/router.php?action=get_system_settings
[2026-08-02T10:36:11.299Z] [3930] GET http://localhost:3007/php/api/router.php?action=get_theme_settings
[2026-08-02T10:36:11.308Z] [3931] GET http://localhost:3007/artists_farm/php/api/router.php?action=get_guests&property_slug=goa-homes
[2026-08-02T10:36:11.313Z] [3932] GET http://localhost:3007/artists_farm/php/api/router.php?action=get_users&property_slug=goa-homes
[2026-08-02T10:36:11.316Z] [3933] GET http://localhost:3007/artists_farm/php/api/router.php?action=get_attendance&property_slug=goa-homes
[2026-08-02T10:36:11.318Z] [3934] GET http://localhost:3007/artists_farm/php/api/router.php?action=get_audit_logs&property_slug=goa-homes
[2026-08-02T10:36:11.333Z] [3935] GET http://localhost:3007/artists_farm/php/api/router.php?action=get_receipts&property_slug=goa-homes
[2026-08-02T10:36:11.342Z] [3936] GET http://localhost:3007/artists_farm/php/api/router.php?action=get_users&property_slug=goa-homes
[2026-08-02T10:36:11.348Z] [3937] GET http://localhost:3007/artists_farm/php/api/router.php?action=get_nav_menu&property_slug=goa-homes
[2026-08-02T10:36:11.365Z] [3938] GET http://localhost:3007/artists_farm/php/api/router.php?action=get_guests&property_slug=goa-homes
[2026-08-02T10:36:11.374Z] [3939] GET http://localhost:3007/artists_farm/php/api/router.php?action=get_attendance&property_slug=goa-homes
[2026-08-02T10:36:11.392Z] [3940] GET http://localhost:3007/artists_farm/php/api/router.php?action=get_audit_logs&property_slug=goa-homes
[2026-08-02T10:36:11.401Z] [3941] GET http://localhost:3007/artists_farm/php/api/router.php?action=get_receipts&property_slug=goa-homes
[2026-08-02T10:36:11.414Z] [3942] GET http://localhost:3007/artists_farm/php/api/router.php?action=get_misc_catalog&property_slug=goa-homes
[2026-08-02T10:36:11.431Z] [3943] GET http://localhost:3007/artists_farm/php/api/router.php?action=get_petty_cash&property_slug=goa-homes
[2026-08-02T10:36:11.447Z] [3944] GET http://localhost:3007/artists_farm/php/api/router.php?action=get_users&property_slug=goa-homes
[2026-08-02T10:36:11.465Z] [3945] GET http://localhost:3007/artists_farm/php/api/router.php?action=get_attendance&property_slug=goa-homes
[2026-08-02T10:36:11.482Z]     ↳ Response: 200 OK
[2026-08-02T10:36:11.498Z] [3946] GET http://localhost:3007/artists_farm/php/api/router.php?action=get_property_modules&property_slug=goa-homes
[2026-08-02T10:36:11.513Z] [3947] GET http://localhost:3007/artists_farm/php/api/router.php?action=get_nav_menu&property_slug=goa-homes
[2026-08-02T10:36:11.525Z] [3948] GET http://localhost:3007/artists_farm/php/api/router.php?action=get_telegram_config&property_slug=goa-homes
[2026-08-02T10:36:11.658Z] [3949] GET http://localhost:3007/php/api/router.php?action=get_multikey_property&property_id=56763
[2026-08-02T10:36:11.660Z] [3950] GET http://localhost:3007/php/api/router.php?action=get_multikey_property&property_id=56763
[2026-08-02T10:36:11.766Z]     ↳ Response: 200 OK
[2026-08-02T10:36:11.842Z]     ↳ Response: 200 OK
[2026-08-02T10:36:11.958Z]     ↳ Response: 200 OK
[2026-08-02T10:36:12.047Z]     ↳ Response: 200 OK
[2026-08-02T10:36:12.124Z]     ↳ Response: 200 OK
[2026-08-02T10:36:12.239Z]     ↳ Response: 200 OK
[2026-08-02T10:36:12.292Z]     ↳ Response: 200 OK
[2026-08-02T10:36:12.394Z]     ↳ Response: 200 OK
[2026-08-02T10:36:12.506Z]     ↳ Response: 200 OK
[2026-08-02T10:36:12.617Z]     ↳ Response: 200 OK
[2026-08-02T10:36:12.859Z]     ↳ Response: 200 OK
[2026-08-02T10:36:13.006Z]     ↳ Response: 200 OK
[2026-08-02T10:36:13.382Z]     ↳ Response: 200 OK
[2026-08-02T10:36:13.442Z]     ↳ Response: 200 OK
[2026-08-02T10:36:13.755Z]     ↳ Response: 200 OK
[2026-08-02T10:36:13.815Z]     ↳ Response: 200 OK
[2026-08-02T10:36:13.827Z] [3951] GET http://localhost:3007/php/api/router.php?action=get_multikey_overview&property_id=56763
[2026-08-02T10:36:14.005Z]     ↳ Response: 200 OK
[2026-08-02T10:36:14.076Z]     ↳ Response: 200 OK
[2026-08-02T10:36:14.131Z]     ↳ Response: 200 OK
[2026-08-02T10:36:14.195Z]     ↳ Response: 200 OK
[2026-08-02T10:36:14.258Z]     ↳ Response: 200 OK
[2026-08-02T10:36:14.328Z]     ↳ Response: 200 OK
[2026-08-02T10:36:14.413Z]     ↳ Response: 200 OK
[2026-08-02T10:36:14.495Z]     ↳ Response: 200 OK
[2026-08-02T10:36:14.600Z]     ↳ Response: 200 OK
[2026-08-02T10:36:14.859Z]     ↳ Response: 200 OK
[2026-08-02T10:36:15.200Z]     ↳ Response: 200 OK
[2026-08-02T10:36:15.276Z]     ↳ Response: 200 OK
[2026-08-02T10:36:15.692Z]     ↳ Response: 200 OK
[2026-08-02T10:36:15.747Z]     ↳ Response: 200 OK
[2026-08-02T10:36:16.022Z]     ↳ Response: 200 OK
[2026-08-02T10:36:16.044Z] [3952] GET http://localhost:3007/php/api/router.php?action=get_multikey_overview&property_id=56763
[2026-08-02T10:36:16.055Z]     ↳ Response: 200 OK
[2026-08-02T10:36:16.062Z] [3953] GET http://localhost:3007/artists_farm/php/api/ical_sync.php?action=get_blocked_dates
[2026-08-02T10:36:16.064Z] [3954] GET http://localhost:3007/artists_farm/php/api/ical_sync.php?action=get_blocked_dates
[2026-08-02T10:36:16.065Z]     ↳ Response: 200 OK
[2026-08-02T10:36:16.086Z]     ↳ Response: 200 OK
[2026-08-02T10:36:16.377Z]     ↳ Response: 200 OK
[2026-08-02T10:36:16.851Z]     ↳ Response: 200 OK
[2026-08-02T10:36:17.084Z]     ↳ Response: 200 OK
[2026-08-02T10:36:17.197Z]     ↳ Response: 200 OK
[2026-08-02T10:36:17.403Z]     ↳ Response: 200 OK
[2026-08-02T10:36:17.559Z]     ↳ Response: 200 OK
[2026-08-02T10:36:17.610Z]     ↳ Response: 200 OK
[2026-08-02T10:36:17.682Z]     ↳ Response: 200 OK
[2026-08-02T10:36:17.862Z]     ↳ Response: 200 OK
[2026-08-02T10:36:18.006Z]     ↳ Response: 200 OK
[2026-08-02T10:36:18.245Z] [3955] GET http://localhost:3007/artists_farm/php/api/ical_sync.php?action=get_blocked_dates
[2026-08-02T10:36:18.261Z] [3956] GET http://localhost:3007/artists_farm/php/api/ical_sync.php?action=get_blocked_dates
[2026-08-02T10:36:18.620Z]     ↳ Response: 200 OK
[2026-08-02T10:36:18.856Z]     ↳ Response: 200 OK
[2026-08-02T10:36:19.122Z]     ↳ Response: 200 OK
[2026-08-02T10:36:19.175Z]     ↳ Response: 200 OK
[2026-08-02T10:36:19.238Z]     ↳ Response: 200 OK
[2026-08-02T10:36:19.396Z]     ↳ Response: 200 OK
[2026-08-02T10:36:19.465Z]     ↳ Response: 200 OK
[2026-08-02T10:36:19.524Z]     ↳ Response: 200 OK
[2026-08-02T10:36:19.527Z]     ↳ Response: 200 OK
[2026-08-02T10:37:06.442Z] [3957] GET http://localhost:3007/src/components/Navigation.tsx?t=1785667026415
[2026-08-02T10:37:06.443Z] [3958] GET http://localhost:3007/src/index.css?t=1785667026415
[2026-08-02T10:37:06.846Z]     ↳ Response: 200 OK
[2026-08-02T10:37:07.029Z]     ↳ Response: 200 OK
[2026-08-02T10:37:20.934Z] [3959] GET http://localhost:3007/artists_farm/php/api/ical_sync.php?action=get_blocked_dates
[2026-08-02T10:37:20.936Z] [3960] GET http://localhost:3007/artists_farm/php/api/ical_sync.php?action=get_blocked_dates
[2026-08-02T10:37:21.041Z]     ↳ Response: 200 OK
[2026-08-02T10:37:21.366Z]     ↳ Response: 200 OK
[2026-08-02T10:37:21.818Z] [3961] GET http://localhost:3007/php/api/router.php?action=get_multikey_property&property_id=56763
[2026-08-02T10:37:21.832Z] [3962] GET http://localhost:3007/php/api/router.php?action=get_multikey_property&property_id=56763
[2026-08-02T10:37:21.932Z]     ↳ Response: 200 OK
[2026-08-02T10:37:21.934Z] [3963] GET http://localhost:3007/php/api/router.php?action=get_multikey_overview&property_id=56763
[2026-08-02T10:37:22.309Z]     ↳ Response: 200 OK
[2026-08-02T10:37:22.316Z] [3964] GET http://localhost:3007/php/api/router.php?action=get_multikey_overview&property_id=56763
[2026-08-02T10:37:22.368Z]     ↳ Response: 200 OK
[2026-08-02T10:37:22.416Z] [3965] GET http://localhost:3007/artists_farm/php/api/ical_sync.php?action=get_blocked_dates
[2026-08-02T10:37:22.425Z] [3966] GET http://localhost:3007/artists_farm/php/api/ical_sync.php?action=get_blocked_dates
[2026-08-02T10:37:22.750Z]     ↳ Response: 200 OK
[2026-08-02T10:37:22.784Z]     ↳ Response: 200 OK
[2026-08-02T10:37:22.963Z]     ↳ Response: 200 OK
[2026-08-02T10:37:24.783Z] [3967] GET http://localhost:3007/artists_farm/php/api/ical_sync.php?action=get_blocked_dates
[2026-08-02T10:37:24.795Z] [3968] GET http://localhost:3007/artists_farm/php/api/ical_sync.php?action=get_blocked_dates
[2026-08-02T10:37:24.849Z]     ↳ Response: 200 OK
[2026-08-02T10:37:25.179Z]     ↳ Response: 200 OK
[2026-08-02T10:49:20.655Z] [3969] GET http://localhost:3007/src/App.tsx?t=1785667760529
[2026-08-02T10:49:20.656Z] [3970] GET http://localhost:3007/src/index.css?t=1785667760529
[2026-08-02T10:49:21.232Z]     ↳ Response: 200 OK
[2026-08-02T10:49:21.371Z]     ↳ Response: 200 OK
[2026-08-02T10:49:26.971Z] [3971] GET http://localhost:3007/src/App.tsx?t=1785667766543
[2026-08-02T10:49:26.972Z] [3972] GET http://localhost:3007/src/index.css?t=1785667766543
[2026-08-02T10:49:27.206Z]     ↳ Response: 200 OK
[2026-08-02T10:49:27.206Z] [3973] GET http://localhost:3007/src/components/ErrorBoundary.tsx
[2026-08-02T10:49:27.486Z]     ↳ Response: 200 OK
[2026-08-02T10:49:27.494Z]     ↳ Response: 200 OK
[2026-08-02T10:49:33.580Z] [3974] GET http://localhost:3007/src/App.tsx?t=1785667773510
[2026-08-02T10:49:33.581Z] [3975] GET http://localhost:3007/src/index.css?t=1785667773510
[2026-08-02T10:49:33.965Z]     ↳ Response: 200 OK
[2026-08-02T10:49:33.975Z]     ↳ Response: 200 OK
[2026-08-02T10:49:35.588Z] [3976] GET http://localhost:3007/artists_farm/php/api/ical_sync.php?action=get_blocked_dates
[2026-08-02T10:49:35.615Z] [3977] GET http://localhost:3007/artists_farm/php/api/ical_sync.php?action=get_blocked_dates
[2026-08-02T10:49:35.840Z]     ↳ Response: 200 OK
[2026-08-02T10:49:35.847Z]     ↳ Response: 200 OK
[2026-08-02T10:49:39.610Z] [3978] GET http://localhost:3007/src/App.tsx?t=1785667779466
[2026-08-02T10:49:39.629Z] [3979] GET http://localhost:3007/src/index.css?t=1785667779466
[2026-08-02T10:49:40.276Z]     ↳ Response: 200 OK
[2026-08-02T10:49:40.308Z]     ↳ Response: 200 OK
[2026-08-02T10:49:45.565Z] [3980] GET http://localhost:3007/src/App.tsx?t=1785667785492
[2026-08-02T10:49:45.575Z] [3981] GET http://localhost:3007/src/index.css?t=1785667785492
[2026-08-02T10:49:45.958Z]     ↳ Response: 200 OK
[2026-08-02T10:49:46.003Z]     ↳ Response: 200 OK
[2026-08-02T10:49:54.257Z] [3982] GET http://localhost:3007/src/App.tsx?t=1785667794119
[2026-08-02T10:49:54.258Z] [3983] GET http://localhost:3007/src/index.css?t=1785667794119
[2026-08-02T10:49:55.640Z]     ↳ Response: 200 OK
[2026-08-02T10:49:55.652Z]     ↳ Response: 200 OK
[2026-08-02T10:50:00.994Z] [3984] GET http://localhost:3007/src/App.tsx?t=1785667800935
[2026-08-02T10:50:01.007Z] [3985] GET http://localhost:3007/src/index.css?t=1785667800935
[2026-08-02T10:50:01.412Z]     ↳ Response: 200 OK
[2026-08-02T10:50:01.556Z]     ↳ Response: 200 OK
[2026-08-02T10:50:06.241Z] [3986] GET http://localhost:3007/src/App.tsx?t=1785667806068
[2026-08-02T10:50:06.243Z] [3987] GET http://localhost:3007/src/index.css?t=1785667806068
[2026-08-02T10:50:07.043Z]     ↳ Response: 200 OK
[2026-08-02T10:50:07.140Z]     ↳ Response: 200 OK
[2026-08-02T10:50:10.804Z] [3988] GET http://localhost:3007/src/App.tsx?t=1785667810749
[2026-08-02T10:50:10.814Z] [3989] GET http://localhost:3007/src/index.css?t=1785667810749
[2026-08-02T10:50:11.554Z]     ↳ Response: 200 OK
[2026-08-02T10:50:11.649Z]     ↳ Response: 200 OK
[2026-08-02T10:50:15.829Z] [3990] GET http://localhost:3007/src/App.tsx?t=1785667815744
[2026-08-02T10:50:15.843Z] [3991] GET http://localhost:3007/src/index.css?t=1785667815744
[2026-08-02T10:50:16.480Z]     ↳ Response: 200 OK
[2026-08-02T10:50:16.565Z]     ↳ Response: 200 OK
[2026-08-02T10:50:21.771Z] [3992] GET http://localhost:3007/src/App.tsx?t=1785667821739
[2026-08-02T10:50:21.772Z] [3993] GET http://localhost:3007/src/index.css?t=1785667821739
[2026-08-02T10:50:22.192Z]     ↳ Response: 200 OK
[2026-08-02T10:50:22.212Z]     ↳ Response: 200 OK
[2026-08-02T10:50:26.610Z] [3994] GET http://localhost:3007/src/App.tsx?t=1785667826250
[2026-08-02T10:50:26.628Z] [3995] GET http://localhost:3007/src/index.css?t=1785667826250
[2026-08-02T10:50:27.140Z]     ↳ Response: 200 OK
[2026-08-02T10:50:27.834Z]     ↳ Response: 200 OK
[2026-08-02T10:50:31.902Z] [3996] GET http://localhost:3007/src/App.tsx?t=1785667831731
[2026-08-02T10:50:31.903Z] [3997] GET http://localhost:3007/src/index.css?t=1785667831731
[2026-08-02T10:50:32.587Z]     ↳ Response: 500 Internal Server Error
[2026-08-02T10:50:32.660Z]     ↳ Response: 200 OK
[2026-08-02T10:50:36.419Z] [3998] GET http://localhost:3007/src/App.tsx?t=1785667836300
[2026-08-02T10:50:36.427Z] [3999] GET http://localhost:3007/src/index.css?t=1785667836300
[2026-08-02T10:50:37.978Z]     ↳ Response: 200 OK
[2026-08-02T10:50:37.988Z]     ↳ Response: 200 OK
[2026-08-02T10:50:41.457Z] [4000] GET http://localhost:3007/src/App.tsx?t=1785667841330
[2026-08-02T10:50:41.458Z] [4001] GET http://localhost:3007/src/index.css?t=1785667841330
[2026-08-02T10:50:43.260Z]     ↳ Response: 500 Internal Server Error
[2026-08-02T10:50:43.619Z]     ↳ Response: 200 OK
[2026-08-02T10:50:52.517Z] [4002] GET http://localhost:3007/src/App.tsx?t=1785667852500
[2026-08-02T10:50:52.522Z] [4003] GET http://localhost:3007/src/index.css?t=1785667852500
[2026-08-02T10:50:53.185Z]     ↳ Response: 200 OK
[2026-08-02T10:50:53.195Z]     ↳ Response: 200 OK
[2026-08-02T10:50:57.522Z] [4004] GET http://localhost:3007/src/App.tsx?t=1785667857501
[2026-08-02T10:50:57.539Z] [4005] GET http://localhost:3007/src/index.css?t=1785667857501
[2026-08-02T10:50:58.110Z]     ↳ Response: 200 OK
[2026-08-02T10:50:58.882Z]     ↳ Response: 200 OK
[2026-08-02T10:51:02.634Z] [4006] GET http://localhost:3007/src/App.tsx?t=1785667862603
[2026-08-02T10:51:02.635Z] [4007] GET http://localhost:3007/src/index.css?t=1785667862603
[2026-08-02T10:51:03.392Z]     ↳ Response: 200 OK
[2026-08-02T10:51:03.406Z]     ↳ Response: 200 OK
[2026-08-02T10:51:07.822Z] [4008] GET http://localhost:3007/src/App.tsx?t=1785667867724
[2026-08-02T10:51:07.823Z] [4009] GET http://localhost:3007/src/index.css?t=1785667867724
[2026-08-02T10:51:08.424Z]     ↳ Response: 200 OK
[2026-08-02T10:51:08.693Z]     ↳ Response: 200 OK
